profile,timestamp,http_status,duration_ms,error_type,message
spike,2026-09-10T10:48:18+07:00,500,566.843,PDOException,SQLSTATE[HY000] [1040] Too many connections
spike,2026-09-10T10:48:18+07:00,500,602.228,PDOException,SQLSTATE[HY000] [1040] Too many connections
spike,2026-09-10T10:48:18+07:00,500,251.194,PDOException,SQLSTATE[HY000] [1040] Too many connections
spike,2026-09-10T10:48:19+07:00,500,530.898,PDOException,SQLSTATE[HY000] [1040] Too many connections
spike,2026-09-10T10:48:19+07:00,500,530.6,PDOException,SQLSTATE[HY000] [1040] Too many connections
spike,2026-09-10T10:48:19+07:00,500,487.17,PDOException,SQLSTATE[HY000] [1040] Too many connections
spike,2026-09-10T10:48:19+07:00,500,411.407,PDOException,SQLSTATE[HY000] [1040] Too many connections
spike,2026-09-10T10:48:19+07:00,500,389.993,PDOException,SQLSTATE[HY000] [1040] Too many connections
spike,2026-09-10T10:48:19+07:00,500,475.312,PDOException,SQLSTATE[HY000] [1040] Too many connections
spike,2026-09-10T10:48:19+07:00,500,440.707,PDOException,SQLSTATE[HY000] [1040] Too many connections
spike,2026-09-10T10:48:19+07:00,500,219.561,PDOException,SQLSTATE[HY000] [1040] Too many connections
spike,2026-09-10T10:48:19+07:00,500,501.605,PDOException,SQLSTATE[HY000] [1040] Too many connections
spike,2026-09-10T10:48:19+07:00,500,286.621,PDOException,SQLSTATE[HY000] [1040] Too many connections
spike,2026-09-10T10:48:19+07:00,500,289.536,PDOException,SQLSTATE[HY000] [1040] Too many connections
spike,2026-09-10T10:48:19+07:00,500,453.013,PDOException,SQLSTATE[HY000] [1040] Too many connections
spike,2026-09-10T10:48:19+07:00,500,505.195,PDOException,SQLSTATE[HY000] [1040] Too many connections
spike,2026-09-10T10:48:19+07:00,500,363.84,PDOException,SQLSTATE[HY000] [1040] Too many connections
spike,2026-09-10T10:48:19+07:00,500,370.47,PDOException,SQLSTATE[HY000] [1040] Too many connections
spike,2026-09-10T10:48:19+07:00,500,333.569,PDOException,SQLSTATE[HY000] [1040] Too many connections
spike,2026-09-10T10:48:19+07:00,500,401.409,PDOException,SQLSTATE[HY000] [1040] Too many connections
spike,2026-09-10T10:48:19+07:00,500,239.086,PDOException,SQLSTATE[HY000] [1040] Too many connections
spike,2026-09-10T10:48:19+07:00,500,429.692,PDOException,SQLSTATE[HY000] [1040] Too many connections
spike,2026-09-10T10:48:19+07:00,500,290.359,PDOException,SQLSTATE[HY000] [1040] Too many connections
spike,2026-09-10T10:48:20+07:00,500,266.564,PDOException,SQLSTATE[HY000] [1040] Too many connections
spike,2026-09-10T10:48:20+07:00,500,378.088,PDOException,SQLSTATE[HY000] [1040] Too many connections
spike,2026-09-10T10:48:20+07:00,500,381.417,PDOException,SQLSTATE[HY000] [1040] Too many connections
spike,2026-09-10T10:48:20+07:00,500,440.323,PDOException,SQLSTATE[HY000] [1040] Too many connections
spike,2026-09-10T10:48:20+07:00,500,391.653,PDOException,SQLSTATE[HY000] [1040] Too many connections
spike,2026-09-10T10:48:20+07:00,500,495.937,PDOException,SQLSTATE[HY000] [1040] Too many connections
spike,2026-09-10T10:48:20+07:00,500,524.742,PDOException,SQLSTATE[HY000] [1040] Too many connections
spike,2026-09-10T10:48:20+07:00,500,365.062,PDOException,SQLSTATE[HY000] [1040] Too many connections
spike,2026-09-10T10:48:20+07:00,500,496.561,PDOException,SQLSTATE[HY000] [1040] Too many connections
spike,2026-09-10T10:48:20+07:00,500,282.96,PDOException,SQLSTATE[HY000] [1040] Too many connections
spike,2026-09-10T10:48:20+07:00,500,411.295,PDOException,SQLSTATE[HY000] [1040] Too many connections
spike,2026-09-10T10:48:20+07:00,500,291.023,PDOException,SQLSTATE[HY000] [1040] Too many connections
spike,2026-09-10T10:48:20+07:00,500,323.419,PDOException,SQLSTATE[HY000] [1040] Too many connections
spike,2026-09-10T10:48:20+07:00,500,384.528,PDOException,SQLSTATE[HY000] [1040] Too many connections
spike,2026-09-10T10:48:20+07:00,500,460.612,PDOException,SQLSTATE[HY000] [1040] Too many connections
spike,2026-09-10T10:48:20+07:00,500,414.045,PDOException,SQLSTATE[HY000] [1040] Too many connections
spike,2026-09-10T10:48:20+07:00,500,428.7,PDOException,SQLSTATE[HY000] [1040] Too many connections
spike,2026-09-10T10:48:20+07:00,500,450.652,PDOException,SQLSTATE[HY000] [1040] Too many connections
spike,2026-09-10T10:48:20+07:00,500,451.028,PDOException,SQLSTATE[HY000] [1040] Too many connections
spike,2026-09-10T10:48:20+07:00,500,509.966,PDOException,SQLSTATE[08004] [1040] Too many connections
spike,2026-09-10T10:48:21+07:00,500,618.031,PDOException,SQLSTATE[HY000] [1040] Too many connections
spike,2026-09-10T10:48:21+07:00,500,385.094,PDOException,SQLSTATE[HY000] [1040] Too many connections
spike,2026-09-10T10:48:21+07:00,500,397.4,PDOException,SQLSTATE[HY000] [1040] Too many connections
spike,2026-09-10T10:48:21+07:00,500,524.095,PDOException,SQLSTATE[HY000] [1040] Too many connections
spike,2026-09-10T10:48:21+07:00,500,776.336,PDOException,SQLSTATE[HY000] [1040] Too many connections
spike,2026-09-10T10:48:21+07:00,500,666.38,PDOException,SQLSTATE[HY000] [1040] Too many connections
spike,2026-09-10T10:48:21+07:00,500,523.912,PDOException,SQLSTATE[HY000] [1040] Too many connections
spike,2026-09-10T10:48:21+07:00,500,743.723,PDOException,SQLSTATE[HY000] [1040] Too many connections
spike,2026-09-10T10:48:21+07:00,500,490.458,PDOException,SQLSTATE[HY000] [1040] Too many connections
spike,2026-09-10T10:48:21+07:00,500,593.576,PDOException,SQLSTATE[HY000] [1040] Too many connections
spike,2026-09-10T10:48:21+07:00,500,528.34,PDOException,SQLSTATE[HY000] [1040] Too many connections
spike,2026-09-10T10:48:21+07:00,500,594.671,PDOException,SQLSTATE[HY000] [1040] Too many connections
spike,2026-09-10T10:48:21+07:00,500,573.634,PDOException,SQLSTATE[HY000] [1040] Too many connections
spike,2026-09-10T10:48:21+07:00,500,772.796,PDOException,SQLSTATE[HY000] [1040] Too many connections
spike,2026-09-10T10:48:21+07:00,500,811.81,PDOException,SQLSTATE[HY000] [1040] Too many connections
spike,2026-09-10T10:48:21+07:00,500,523.058,PDOException,SQLSTATE[HY000] [1040] Too many connections
spike,2026-09-10T10:48:21+07:00,500,479.471,PDOException,SQLSTATE[08004] [1040] Too many connections
spike,2026-09-10T10:48:21+07:00,500,751.998,PDOException,SQLSTATE[08004] [1040] Too many connections
spike,2026-09-10T10:48:21+07:00,500,523.584,PDOException,SQLSTATE[HY000] [1040] Too many connections
spike,2026-09-10T10:48:21+07:00,500,523.226,PDOException,SQLSTATE[HY000] [1040] Too many connections
spike,2026-09-10T10:48:21+07:00,500,650.796,PDOException,SQLSTATE[HY000] [1040] Too many connections
spike,2026-09-10T10:48:22+07:00,500,804.236,PDOException,SQLSTATE[08004] [1040] Too many connections
spike,2026-09-10T10:48:22+07:00,500,805.246,PDOException,SQLSTATE[HY000] [1040] Too many connections
spike,2026-09-10T10:48:22+07:00,500,717.27,PDOException,SQLSTATE[HY000] [1040] Too many connections
spike,2026-09-10T10:48:22+07:00,500,570.505,PDOException,SQLSTATE[HY000] [1040] Too many connections
spike,2026-09-10T10:48:22+07:00,500,602.887,PDOException,SQLSTATE[HY000] [1040] Too many connections
spike,2026-09-10T10:48:22+07:00,500,815.496,PDOException,SQLSTATE[HY000] [1040] Too many connections
spike,2026-09-10T10:48:22+07:00,500,679.985,PDOException,SQLSTATE[HY000] [1040] Too many connections
spike,2026-09-10T10:48:22+07:00,500,557.284,PDOException,SQLSTATE[HY000] [1040] Too many connections
spike,2026-09-10T10:48:22+07:00,500,574.648,PDOException,SQLSTATE[HY000] [1040] Too many connections
spike,2026-09-10T10:48:22+07:00,500,512.941,PDOException,SQLSTATE[HY000] [1040] Too many connections
spike,2026-09-10T10:48:22+07:00,500,685.438,PDOException,SQLSTATE[HY000] [1040] Too many connections
spike,2026-09-10T10:48:22+07:00,500,614.385,PDOException,SQLSTATE[HY000] [1040] Too many connections
spike,2026-09-10T10:48:22+07:00,500,791.57,PDOException,SQLSTATE[HY000] [1040] Too many connections
spike,2026-09-10T10:48:22+07:00,500,613.694,PDOException,SQLSTATE[HY000] [1040] Too many connections
spike,2026-09-10T10:48:22+07:00,500,654.466,PDOException,SQLSTATE[HY000] [1040] Too many connections
spike,2026-09-10T10:48:22+07:00,500,658.53,PDOException,SQLSTATE[HY000] [1040] Too many connections
spike,2026-09-10T10:48:22+07:00,500,605.469,PDOException,SQLSTATE[HY000] [1040] Too many connections
spike,2026-09-10T10:48:22+07:00,500,663.105,PDOException,SQLSTATE[HY000] [1040] Too many connections
spike,2026-09-10T10:48:22+07:00,500,847.424,PDOException,SQLSTATE[08004] [1040] Too many connections
spike,2026-09-10T10:48:22+07:00,500,585.927,PDOException,SQLSTATE[HY000] [1040] Too many connections
spike,2026-09-10T10:48:22+07:00,500,615.502,PDOException,SQLSTATE[HY000] [1040] Too many connections
spike,2026-09-10T10:48:22+07:00,500,759.238,PDOException,SQLSTATE[HY000] [1040] Too many connections
spike,2026-09-10T10:48:22+07:00,500,705.043,PDOException,SQLSTATE[HY000] [1040] Too many connections
spike,2026-09-10T10:48:22+07:00,500,733.089,PDOException,SQLSTATE[08004] [1040] Too many connections
spike,2026-09-10T10:48:23+07:00,500,721.216,PDOException,SQLSTATE[HY000] [1040] Too many connections
spike,2026-09-10T10:48:23+07:00,500,710.648,PDOException,SQLSTATE[HY000] [1040] Too many connections
spike,2026-09-10T10:48:23+07:00,500,796.002,PDOException,SQLSTATE[HY000] [1040] Too many connections
spike,2026-09-10T10:48:23+07:00,500,651.308,PDOException,SQLSTATE[HY000] [1040] Too many connections
spike,2026-09-10T10:48:23+07:00,500,992.787,PDOException,SQLSTATE[HY000] [1040] Too many connections
spike,2026-09-10T10:48:23+07:00,500,1048.355,PDOException,SQLSTATE[HY000] [1040] Too many connections
spike,2026-09-10T10:48:23+07:00,500,682.919,PDOException,SQLSTATE[HY000] [1040] Too many connections
spike,2026-09-10T10:48:23+07:00,500,675.615,PDOException,SQLSTATE[HY000] [1040] Too many connections
spike,2026-09-10T10:48:23+07:00,500,913.662,PDOException,SQLSTATE[HY000] [1040] Too many connections
spike,2026-09-10T10:48:23+07:00,500,1016.296,PDOException,SQLSTATE[HY000] [1040] Too many connections
spike,2026-09-10T10:48:23+07:00,500,791.628,PDOException,SQLSTATE[HY000] [1040] Too many connections
spike,2026-09-10T10:48:23+07:00,500,674.512,PDOException,SQLSTATE[HY000] [1040] Too many connections
spike,2026-09-10T10:48:23+07:00,500,691.445,PDOException,SQLSTATE[HY000] [1040] Too many connections
spike,2026-09-10T10:48:23+07:00,500,810.161,PDOException,SQLSTATE[HY000] [1040] Too many connections
spike,2026-09-10T10:48:23+07:00,500,867.606,PDOException,SQLSTATE[HY000] [1040] Too many connections
spike,2026-09-10T10:48:24+07:00,500,696.546,PDOException,SQLSTATE[HY000] [1040] Too many connections
spike,2026-09-10T10:48:24+07:00,500,701.926,PDOException,SQLSTATE[HY000] [1040] Too many connections
spike,2026-09-10T10:48:24+07:00,500,907.521,PDOException,SQLSTATE[HY000] [1040] Too many connections
spike,2026-09-10T10:48:24+07:00,500,879.667,PDOException,SQLSTATE[HY000] [1040] Too many connections
spike,2026-09-10T10:48:24+07:00,500,934.02,PDOException,SQLSTATE[HY000] [1040] Too many connections
spike,2026-09-10T10:48:24+07:00,500,921.771,PDOException,SQLSTATE[08004] [1040] Too many connections
spike,2026-09-10T10:48:24+07:00,500,966.473,PDOException,SQLSTATE[08004] [1040] Too many connections
spike,2026-09-10T10:48:24+07:00,500,830.394,PDOException,SQLSTATE[HY000] [1040] Too many connections
spike,2026-09-10T10:48:24+07:00,500,774.999,PDOException,SQLSTATE[HY000] [1040] Too many connections
spike,2026-09-10T10:48:24+07:00,500,911.446,PDOException,SQLSTATE[HY000] [1040] Too many connections
spike,2026-09-10T10:48:24+07:00,500,881.712,PDOException,SQLSTATE[08004] [1040] Too many connections
spike,2026-09-10T10:48:24+07:00,500,842.936,PDOException,SQLSTATE[08004] [1040] Too many connections
spike,2026-09-10T10:48:24+07:00,500,873.624,PDOException,SQLSTATE[HY000] [1040] Too many connections
spike,2026-09-10T10:48:24+07:00,500,680.264,PDOException,SQLSTATE[HY000] [1040] Too many connections
spike,2026-09-10T10:48:24+07:00,500,966.929,PDOException,SQLSTATE[HY000] [1040] Too many connections
spike,2026-09-10T10:48:24+07:00,500,698.28,PDOException,SQLSTATE[HY000] [1040] Too many connections
spike,2026-09-10T10:48:24+07:00,500,756.89,PDOException,SQLSTATE[HY000] [1040] Too many connections
spike,2026-09-10T10:48:24+07:00,500,775.424,PDOException,SQLSTATE[HY000] [1040] Too many connections
spike,2026-09-10T10:48:24+07:00,500,810.379,PDOException,SQLSTATE[HY000] [1040] Too many connections
spike,2026-09-10T10:48:24+07:00,500,811.323,PDOException,SQLSTATE[HY000] [1040] Too many connections
spike,2026-09-10T10:48:24+07:00,500,868.372,PDOException,SQLSTATE[HY000] [1040] Too many connections
spike,2026-09-10T10:48:24+07:00,500,759.581,PDOException,SQLSTATE[HY000] [1040] Too many connections
spike,2026-09-10T10:48:24+07:00,500,969.485,PDOException,SQLSTATE[HY000] [1040] Too many connections
spike,2026-09-10T10:48:24+07:00,500,843.703,PDOException,SQLSTATE[HY000] [1040] Too many connections
spike,2026-09-10T10:48:25+07:00,500,1042.239,PDOException,SQLSTATE[HY000] [1040] Too many connections
spike,2026-09-10T10:48:25+07:00,500,1088.712,PDOException,SQLSTATE[HY000] [1040] Too many connections
spike,2026-09-10T10:48:25+07:00,500,1099.16,PDOException,SQLSTATE[HY000] [1040] Too many connections
spike,2026-09-10T10:48:25+07:00,500,1150.052,PDOException,SQLSTATE[HY000] [1040] Too many connections
spike,2026-09-10T10:48:25+07:00,500,1249.516,PDOException,SQLSTATE[HY000] [1040] Too many connections
spike,2026-09-10T10:48:25+07:00,500,1165.088,PDOException,SQLSTATE[HY000] [1040] Too many connections
spike,2026-09-10T10:48:25+07:00,500,1216.444,PDOException,SQLSTATE[HY000] [1040] Too many connections
spike,2026-09-10T10:48:25+07:00,500,1215.922,PDOException,SQLSTATE[HY000] [1040] Too many connections
spike,2026-09-10T10:48:25+07:00,500,1356.279,PDOException,SQLSTATE[08004] [1040] Too many connections
spike,2026-09-10T10:48:25+07:00,500,1367.861,PDOException,SQLSTATE[HY000] [1040] Too many connections
spike,2026-09-10T10:48:25+07:00,500,1530.624,PDOException,SQLSTATE[HY000] [1040] Too many connections
spike,2026-09-10T10:48:25+07:00,500,1256.453,PDOException,SQLSTATE[HY000] [1040] Too many connections
spike,2026-09-10T10:48:26+07:00,500,1170.257,PDOException,SQLSTATE[HY000] [1040] Too many connections
spike,2026-09-10T10:48:26+07:00,500,1170.562,PDOException,SQLSTATE[HY000] [1040] Too many connections
spike,2026-09-10T10:48:26+07:00,500,1307.667,PDOException,SQLSTATE[HY000] [1040] Too many connections
spike,2026-09-10T10:48:26+07:00,500,1191.107,PDOException,SQLSTATE[HY000] [1040] Too many connections
spike,2026-09-10T10:48:26+07:00,500,1295.765,PDOException,SQLSTATE[HY000] [1040] Too many connections
spike,2026-09-10T10:48:26+07:00,500,1307.693,PDOException,SQLSTATE[HY000] [1040] Too many connections
spike,2026-09-10T10:48:26+07:00,500,1302.969,PDOException,SQLSTATE[HY000] [1040] Too many connections
spike,2026-09-10T10:48:26+07:00,500,1200.719,PDOException,SQLSTATE[HY000] [1040] Too many connections
spike,2026-09-10T10:48:26+07:00,500,1457.767,PDOException,SQLSTATE[HY000] [1040] Too many connections
spike,2026-09-10T10:48:26+07:00,500,1049.569,PDOException,SQLSTATE[HY000] [1040] Too many connections
spike,2026-09-10T10:48:26+07:00,500,1317.246,PDOException,SQLSTATE[HY000] [1040] Too many connections
spike,2026-09-10T10:48:26+07:00,500,1273.898,PDOException,SQLSTATE[HY000] [1040] Too many connections
spike,2026-09-10T10:48:26+07:00,500,1006.652,PDOException,SQLSTATE[HY000] [1040] Too many connections
spike,2026-09-10T10:48:26+07:00,500,904.928,PDOException,SQLSTATE[08004] [1040] Too many connections
spike,2026-09-10T10:48:26+07:00,500,940.381,PDOException,SQLSTATE[08004] [1040] Too many connections
spike,2026-09-10T10:48:26+07:00,500,913.405,PDOException,SQLSTATE[08004] [1040] Too many connections
spike,2026-09-10T10:48:26+07:00,500,1010.07,PDOException,SQLSTATE[HY000] [1040] Too many connections
spike,2026-09-10T10:48:26+07:00,500,1031.946,PDOException,SQLSTATE[HY000] [1040] Too many connections
spike,2026-09-10T10:48:26+07:00,500,993.655,PDOException,SQLSTATE[08004] [1040] Too many connections
spike,2026-09-10T10:48:26+07:00,500,915.769,PDOException,SQLSTATE[HY000] [1040] Too many connections
spike,2026-09-10T10:48:26+07:00,500,915.771,PDOException,SQLSTATE[HY000] [1040] Too many connections
spike,2026-09-10T10:48:26+07:00,500,1112.918,PDOException,SQLSTATE[08004] [1040] Too many connections
spike,2026-09-10T10:48:26+07:00,500,1125.535,PDOException,SQLSTATE[08004] [1040] Too many connections
spike,2026-09-10T10:48:26+07:00,500,1226.316,PDOException,SQLSTATE[HY000] [1040] Too many connections
spike,2026-09-10T10:48:26+07:00,500,1012.685,PDOException,SQLSTATE[HY000] [1040] Too many connections
spike,2026-09-10T10:48:26+07:00,500,1020.333,PDOException,SQLSTATE[HY000] [1040] Too many connections
spike,2026-09-10T10:48:27+07:00,500,979.707,PDOException,SQLSTATE[HY000] [1040] Too many connections
spike,2026-09-10T10:48:27+07:00,500,906.945,PDOException,SQLSTATE[HY000] [1040] Too many connections
spike,2026-09-10T10:48:27+07:00,500,921.594,PDOException,SQLSTATE[HY000] [1040] Too many connections
spike,2026-09-10T10:48:27+07:00,500,1059.247,PDOException,SQLSTATE[HY000] [1040] Too many connections
spike,2026-09-10T10:48:27+07:00,500,931.029,PDOException,SQLSTATE[HY000] [1040] Too many connections
spike,2026-09-10T10:48:27+07:00,500,1203.249,PDOException,SQLSTATE[HY000] [1040] Too many connections
spike,2026-09-10T10:48:27+07:00,500,1214.899,PDOException,SQLSTATE[HY000] [1040] Too many connections
spike,2026-09-10T10:48:27+07:00,500,1047.939,PDOException,SQLSTATE[HY000] [1040] Too many connections
spike,2026-09-10T10:48:27+07:00,500,1047.992,PDOException,SQLSTATE[08004] [1040] Too many connections
spike,2026-09-10T10:48:27+07:00,500,1340.024,PDOException,SQLSTATE[HY000] [1040] Too many connections
spike,2026-09-10T10:48:27+07:00,500,1067.799,PDOException,SQLSTATE[HY000] [1040] Too many connections
spike,2026-09-10T10:48:27+07:00,500,928.69,PDOException,SQLSTATE[HY000] [1040] Too many connections
spike,2026-09-10T10:48:27+07:00,500,1190.638,PDOException,SQLSTATE[HY000] [1040] Too many connections
spike,2026-09-10T10:48:27+07:00,500,1223.599,PDOException,SQLSTATE[HY000] [1040] Too many connections
spike,2026-09-10T10:48:27+07:00,500,1174.317,PDOException,SQLSTATE[HY000] [1040] Too many connections
spike,2026-09-10T10:48:28+07:00,500,1475.551,PDOException,SQLSTATE[HY000] [1040] Too many connections
spike,2026-09-10T10:48:28+07:00,500,1112.073,PDOException,SQLSTATE[HY000] [1040] Too many connections
spike,2026-09-10T10:48:28+07:00,500,1198.51,PDOException,SQLSTATE[HY000] [1040] Too many connections
spike,2026-09-10T10:48:28+07:00,500,1143.216,PDOException,SQLSTATE[HY000] [1040] Too many connections
spike,2026-09-10T10:48:28+07:00,500,1401.235,PDOException,SQLSTATE[HY000] [1040] Too many connections
spike,2026-09-10T10:48:28+07:00,500,1350.777,PDOException,SQLSTATE[HY000] [1040] Too many connections
spike,2026-09-10T10:48:28+07:00,500,1340.719,PDOException,SQLSTATE[HY000] [1040] Too many connections
spike,2026-09-10T10:48:28+07:00,500,1348.275,PDOException,SQLSTATE[HY000] [1040] Too many connections
spike,2026-09-10T10:48:28+07:00,500,1185.617,PDOException,SQLSTATE[HY000] [1040] Too many connections
spike,2026-09-10T10:48:28+07:00,500,1454.662,PDOException,SQLSTATE[HY000] [1040] Too many connections
spike,2026-09-10T10:48:28+07:00,500,1250.294,PDOException,SQLSTATE[HY000] [1040] Too many connections
spike,2026-09-10T10:48:28+07:00,500,1305.072,PDOException,SQLSTATE[HY000] [1040] Too many connections
spike,2026-09-10T10:48:28+07:00,500,1309.109,PDOException,SQLSTATE[HY000] [1040] Too many connections
spike,2026-09-10T10:48:28+07:00,500,1358.484,PDOException,SQLSTATE[HY000] [1040] Too many connections
spike,2026-09-10T10:48:28+07:00,500,1225.46,PDOException,SQLSTATE[HY000] [1040] Too many connections
spike,2026-09-10T10:48:29+07:00,500,1520.786,PDOException,SQLSTATE[HY000] [1040] Too many connections
spike,2026-09-10T10:48:29+07:00,500,1174.342,PDOException,SQLSTATE[HY000] [1040] Too many connections
spike,2026-09-10T10:48:29+07:00,500,1171.999,PDOException,SQLSTATE[HY000] [1040] Too many connections
spike,2026-09-10T10:48:29+07:00,500,1208.867,PDOException,SQLSTATE[HY000] [1040] Too many connections
spike,2026-09-10T10:48:29+07:00,500,1182.843,PDOException,SQLSTATE[HY000] [1040] Too many connections
spike,2026-09-10T10:48:29+07:00,500,1156.516,PDOException,SQLSTATE[HY000] [1040] Too many connections
spike,2026-09-10T10:48:29+07:00,500,1176.606,PDOException,SQLSTATE[HY000] [1040] Too many connections
spike,2026-09-10T10:48:29+07:00,500,1587.937,PDOException,SQLSTATE[HY000] [1040] Too many connections
spike,2026-09-10T10:48:29+07:00,500,1189.315,PDOException,SQLSTATE[HY000] [1040] Too many connections
spike,2026-09-10T10:48:29+07:00,500,1189.115,PDOException,SQLSTATE[HY000] [1040] Too many connections
spike,2026-09-10T10:48:29+07:00,500,1299.138,PDOException,SQLSTATE[HY000] [1040] Too many connections
spike,2026-09-10T10:48:29+07:00,500,1211.236,PDOException,SQLSTATE[HY000] [1040] Too many connections
spike,2026-09-10T10:48:29+07:00,500,880.771,PDOException,SQLSTATE[HY000] [1040] Too many connections
spike,2026-09-10T10:48:29+07:00,500,1035.388,PDOException,SQLSTATE[HY000] [1040] Too many connections
spike,2026-09-10T10:48:29+07:00,500,1069.871,PDOException,SQLSTATE[HY000] [1040] Too many connections
spike,2026-09-10T10:48:29+07:00,500,1077.062,PDOException,SQLSTATE[08004] [1040] Too many connections
spike,2026-09-10T10:48:29+07:00,500,1077.119,PDOException,SQLSTATE[HY000] [1040] Too many connections
spike,2026-09-10T10:48:29+07:00,500,982.843,PDOException,SQLSTATE[HY000] [1040] Too many connections
spike,2026-09-10T10:48:29+07:00,500,1123.523,PDOException,SQLSTATE[HY000] [1040] Too many connections
spike,2026-09-10T10:48:30+07:00,500,1277.844,PDOException,SQLSTATE[08004] [1040] Too many connections
spike,2026-09-10T10:48:30+07:00,500,998.555,PDOException,SQLSTATE[HY000] [1040] Too many connections
spike,2026-09-10T10:48:30+07:00,500,1051.523,PDOException,SQLSTATE[HY000] [1040] Too many connections
spike,2026-09-10T10:48:30+07:00,500,1282.682,PDOException,SQLSTATE[HY000] [1040] Too many connections
spike,2026-09-10T10:48:30+07:00,500,991.407,PDOException,SQLSTATE[HY000] [1040] Too many connections
spike,2026-09-10T10:48:30+07:00,500,1004.779,PDOException,SQLSTATE[HY000] [1040] Too many connections
spike,2026-09-10T10:48:30+07:00,500,1171.454,PDOException,SQLSTATE[HY000] [1040] Too many connections
spike,2026-09-10T10:48:30+07:00,500,1024.146,PDOException,SQLSTATE[HY000] [1040] Too many connections
spike,2026-09-10T10:48:30+07:00,500,1060.646,PDOException,SQLSTATE[HY000] [1040] Too many connections
spike,2026-09-10T10:48:30+07:00,500,1151.84,PDOException,SQLSTATE[HY000] [1040] Too many connections
spike,2026-09-10T10:48:30+07:00,500,1269.579,PDOException,SQLSTATE[HY000] [1040] Too many connections
spike,2026-09-10T10:48:30+07:00,500,1210.957,PDOException,SQLSTATE[HY000] [1040] Too many connections
spike,2026-09-10T10:48:30+07:00,500,1314.653,PDOException,SQLSTATE[HY000] [1040] Too many connections
spike,2026-09-10T10:48:30+07:00,500,1437.611,PDOException,SQLSTATE[HY000] [1040] Too many connections
spike,2026-09-10T10:48:30+07:00,500,1379.81,PDOException,SQLSTATE[HY000] [1040] Too many connections
spike,2026-09-10T10:48:30+07:00,500,1385.444,PDOException,SQLSTATE[HY000] [1040] Too many connections
spike,2026-09-10T10:48:30+07:00,500,1053.004,PDOException,SQLSTATE[08004] [1040] Too many connections
spike,2026-09-10T10:48:31+07:00,500,1344.476,PDOException,SQLSTATE[08004] [1040] Too many connections
spike,2026-09-10T10:48:31+07:00,500,1291.023,PDOException,SQLSTATE[HY000] [1040] Too many connections
spike,2026-09-10T10:48:31+07:00,500,1503.13,PDOException,SQLSTATE[08004] [1040] Too many connections
spike,2026-09-10T10:48:31+07:00,500,1251.281,PDOException,SQLSTATE[08004] [1040] Too many connections
spike,2026-09-10T10:48:31+07:00,500,1395.994,PDOException,SQLSTATE[HY000] [1040] Too many connections
spike,2026-09-10T10:48:31+07:00,500,1197.126,PDOException,SQLSTATE[HY000] [1040] Too many connections
spike,2026-09-10T10:48:31+07:00,500,1181.987,PDOException,SQLSTATE[HY000] [1040] Too many connections
spike,2026-09-10T10:48:31+07:00,500,1078.603,PDOException,SQLSTATE[HY000] [1040] Too many connections
spike,2026-09-10T10:48:31+07:00,500,1218.729,PDOException,SQLSTATE[HY000] [1040] Too many connections
spike,2026-09-10T10:48:31+07:00,500,1276.496,PDOException,SQLSTATE[HY000] [1040] Too many connections
spike,2026-09-10T10:48:31+07:00,500,1299.129,PDOException,SQLSTATE[HY000] [1040] Too many connections
spike,2026-09-10T10:48:31+07:00,500,1211.148,PDOException,SQLSTATE[HY000] [1040] Too many connections
spike,2026-09-10T10:48:31+07:00,500,1201.323,PDOException,SQLSTATE[HY000] [1040] Too many connections
spike,2026-09-10T10:48:31+07:00,500,1236.193,PDOException,SQLSTATE[HY000] [1040] Too many connections
spike,2026-09-10T10:48:31+07:00,500,1015.875,PDOException,SQLSTATE[HY000] [1040] Too many connections
spike,2026-09-10T10:48:31+07:00,500,1150.183,PDOException,SQLSTATE[HY000] [1040] Too many connections
spike,2026-09-10T10:48:31+07:00,500,1017.14,PDOException,SQLSTATE[08004] [1040] Too many connections
spike,2026-09-10T10:48:31+07:00,500,1215.016,PDOException,SQLSTATE[08004] [1040] Too many connections
spike,2026-09-10T10:48:31+07:00,500,1316.415,PDOException,SQLSTATE[HY000] [1040] Too many connections
spike,2026-09-10T10:48:31+07:00,500,1190.292,PDOException,SQLSTATE[HY000] [1040] Too many connections
spike,2026-09-10T10:48:31+07:00,500,1061.007,PDOException,SQLSTATE[HY000] [1040] Too many connections
spike,2026-09-10T10:48:31+07:00,500,1137.308,PDOException,SQLSTATE[HY000] [1040] Too many connections
spike,2026-09-10T10:48:31+07:00,500,1051.489,PDOException,SQLSTATE[HY000] [1040] Too many connections
spike,2026-09-10T10:48:31+07:00,500,1027.703,PDOException,SQLSTATE[HY000] [1040] Too many connections
spike,2026-09-10T10:48:31+07:00,500,1004.043,PDOException,SQLSTATE[HY000] [1040] Too many connections
spike,2026-09-10T10:48:31+07:00,500,1066.24,PDOException,SQLSTATE[HY000] [1040] Too many connections
spike,2026-09-10T10:48:31+07:00,500,793.878,PDOException,SQLSTATE[HY000] [1040] Too many connections
spike,2026-09-10T10:48:32+07:00,500,1139.314,PDOException,SQLSTATE[HY000] [1040] Too many connections
spike,2026-09-10T10:48:32+07:00,500,929.006,PDOException,SQLSTATE[HY000] [1040] Too many connections
spike,2026-09-10T10:48:32+07:00,500,1165.808,PDOException,SQLSTATE[HY000] [1040] Too many connections
spike,2026-09-10T10:48:32+07:00,500,994.42,PDOException,SQLSTATE[HY000] [1040] Too many connections
spike,2026-09-10T10:48:32+07:00,500,1021.674,PDOException,SQLSTATE[HY000] [1040] Too many connections
spike,2026-09-10T10:48:32+07:00,500,1211.291,PDOException,SQLSTATE[HY000] [1040] Too many connections
spike,2026-09-10T10:48:32+07:00,500,998.319,PDOException,SQLSTATE[HY000] [1040] Too many connections
spike,2026-09-10T10:48:32+07:00,500,1226.637,PDOException,SQLSTATE[HY000] [1040] Too many connections
spike,2026-09-10T10:48:32+07:00,500,1107.542,PDOException,SQLSTATE[HY000] [1040] Too many connections
spike,2026-09-10T10:48:32+07:00,500,1061.49,PDOException,SQLSTATE[HY000] [1040] Too many connections
spike,2026-09-10T10:48:32+07:00,500,1188.528,PDOException,SQLSTATE[HY000] [1040] Too many connections
spike,2026-09-10T10:48:32+07:00,500,1094.085,PDOException,SQLSTATE[HY000] [1040] Too many connections
spike,2026-09-10T10:48:32+07:00,500,1014.673,PDOException,SQLSTATE[HY000] [1040] Too many connections
spike,2026-09-10T10:48:32+07:00,500,1085.281,PDOException,SQLSTATE[HY000] [1040] Too many connections
spike,2026-09-10T10:48:32+07:00,500,1122.886,PDOException,SQLSTATE[HY000] [1040] Too many connections
spike,2026-09-10T10:48:32+07:00,500,1151.458,PDOException,SQLSTATE[HY000] [1040] Too many connections
spike,2026-09-10T10:48:32+07:00,500,1163.561,PDOException,SQLSTATE[HY000] [1040] Too many connections
spike,2026-09-10T10:48:32+07:00,500,1026.488,PDOException,SQLSTATE[HY000] [1040] Too many connections
spike,2026-09-10T10:48:32+07:00,500,1041.112,PDOException,SQLSTATE[HY000] [1040] Too many connections
spike,2026-09-10T10:48:33+07:00,500,1144.451,PDOException,SQLSTATE[HY000] [1040] Too many connections
spike,2026-09-10T10:48:33+07:00,500,1103.703,PDOException,SQLSTATE[HY000] [1040] Too many connections
spike,2026-09-10T10:48:33+07:00,500,1122.399,PDOException,SQLSTATE[HY000] [1040] Too many connections
spike,2026-09-10T10:48:33+07:00,500,1033.521,PDOException,SQLSTATE[HY000] [1040] Too many connections
spike,2026-09-10T10:48:33+07:00,500,1351.635,PDOException,SQLSTATE[HY000] [1040] Too many connections
spike,2026-09-10T10:48:33+07:00,500,1194.138,PDOException,SQLSTATE[HY000] [1040] Too many connections
spike,2026-09-10T10:48:33+07:00,500,1040.486,PDOException,SQLSTATE[HY000] [1040] Too many connections
spike,2026-09-10T10:48:33+07:00,500,1252.289,PDOException,SQLSTATE[HY000] [1040] Too many connections
spike,2026-09-10T10:48:33+07:00,500,1099.553,PDOException,SQLSTATE[HY000] [1040] Too many connections
spike,2026-09-10T10:48:33+07:00,500,1119.202,PDOException,SQLSTATE[HY000] [1040] Too many connections
spike,2026-09-10T10:48:33+07:00,500,1250.989,PDOException,SQLSTATE[HY000] [1040] Too many connections
spike,2026-09-10T10:48:33+07:00,500,1198.271,PDOException,SQLSTATE[HY000] [1040] Too many connections
spike,2026-09-10T10:48:33+07:00,500,1078.48,PDOException,SQLSTATE[HY000] [1040] Too many connections
spike,2026-09-10T10:48:33+07:00,500,1046.036,PDOException,SQLSTATE[HY000] [1040] Too many connections
spike,2026-09-10T10:48:33+07:00,500,1057.657,PDOException,SQLSTATE[HY000] [1040] Too many connections
spike,2026-09-10T10:48:33+07:00,500,1309.903,PDOException,SQLSTATE[HY000] [1040] Too many connections
spike,2026-09-10T10:48:33+07:00,500,1158.399,PDOException,SQLSTATE[HY000] [1040] Too many connections
spike,2026-09-10T10:48:33+07:00,500,1081.881,PDOException,SQLSTATE[HY000] [1040] Too many connections
spike,2026-09-10T10:48:33+07:00,500,1103.599,PDOException,SQLSTATE[HY000] [1040] Too many connections
spike,2026-09-10T10:48:34+07:00,500,1298.007,PDOException,SQLSTATE[HY000] [1040] Too many connections
spike,2026-09-10T10:48:34+07:00,500,1210.624,PDOException,SQLSTATE[HY000] [1040] Too many connections
spike,2026-09-10T10:48:34+07:00,500,1211.775,PDOException,SQLSTATE[HY000] [1040] Too many connections
spike,2026-09-10T10:48:34+07:00,500,1044.514,PDOException,SQLSTATE[HY000] [1040] Too many connections
spike,2026-09-10T10:48:34+07:00,500,1228.354,PDOException,SQLSTATE[HY000] [1040] Too many connections
spike,2026-09-10T10:48:34+07:00,500,1054.963,PDOException,SQLSTATE[HY000] [1040] Too many connections
spike,2026-09-10T10:48:34+07:00,500,1336.936,PDOException,SQLSTATE[08004] [1040] Too many connections
spike,2026-09-10T10:48:34+07:00,500,987.691,PDOException,SQLSTATE[HY000] [1040] Too many connections
spike,2026-09-10T10:48:34+07:00,500,1032.905,PDOException,SQLSTATE[HY000] [1040] Too many connections
spike,2026-09-10T10:48:34+07:00,500,1048.769,PDOException,SQLSTATE[08004] [1040] Too many connections
spike,2026-09-10T10:48:34+07:00,500,1053.469,PDOException,SQLSTATE[08004] [1040] Too many connections
spike,2026-09-10T10:48:34+07:00,500,1012.488,PDOException,SQLSTATE[HY000] [1040] Too many connections
spike,2026-09-10T10:48:34+07:00,500,1060.992,PDOException,SQLSTATE[08004] [1040] Too many connections
spike,2026-09-10T10:48:34+07:00,500,1179.751,PDOException,SQLSTATE[HY000] [1040] Too many connections
spike,2026-09-10T10:48:34+07:00,500,1024.905,PDOException,SQLSTATE[HY000] [1040] Too many connections
spike,2026-09-10T10:48:34+07:00,500,1089.076,PDOException,SQLSTATE[HY000] [1040] Too many connections
spike,2026-09-10T10:48:34+07:00,500,1148.365,PDOException,SQLSTATE[HY000] [1040] Too many connections
spike,2026-09-10T10:48:34+07:00,500,1157.277,PDOException,SQLSTATE[HY000] [1040] Too many connections
spike,2026-09-10T10:48:34+07:00,500,1096.353,PDOException,SQLSTATE[HY000] [1040] Too many connections
spike,2026-09-10T10:48:34+07:00,500,1106.771,PDOException,SQLSTATE[HY000] [1040] Too many connections
spike,2026-09-10T10:48:34+07:00,500,1042.808,PDOException,SQLSTATE[HY000] [1040] Too many connections
spike,2026-09-10T10:48:34+07:00,500,1011.615,PDOException,SQLSTATE[HY000] [1040] Too many connections
spike,2026-09-10T10:48:34+07:00,500,997.224,PDOException,SQLSTATE[HY000] [1040] Too many connections
spike,2026-09-10T10:48:34+07:00,500,868.527,PDOException,SQLSTATE[HY000] [1040] Too many connections
spike,2026-09-10T10:48:34+07:00,500,873.595,PDOException,SQLSTATE[HY000] [1040] Too many connections
spike,2026-09-10T10:48:35+07:00,500,1079.017,PDOException,SQLSTATE[HY000] [1040] Too many connections
spike,2026-09-10T10:48:35+07:00,500,1020.363,PDOException,SQLSTATE[HY000] [1040] Too many connections
spike,2026-09-10T10:48:35+07:00,500,1018.197,PDOException,SQLSTATE[HY000] [1040] Too many connections
spike,2026-09-10T10:48:35+07:00,500,1207.267,PDOException,SQLSTATE[HY000] [1040] Too many connections
spike,2026-09-10T10:48:35+07:00,500,945.524,PDOException,SQLSTATE[08004] [1040] Too many connections
spike,2026-09-10T10:48:35+07:00,500,862.463,PDOException,SQLSTATE[08004] [1040] Too many connections
spike,2026-09-10T10:48:35+07:00,500,1054.837,PDOException,SQLSTATE[HY000] [1040] Too many connections
spike,2026-09-10T10:48:35+07:00,500,1063.691,PDOException,SQLSTATE[HY000] [1040] Too many connections
spike,2026-09-10T10:48:35+07:00,500,1232.13,PDOException,SQLSTATE[HY000] [1040] Too many connections
spike,2026-09-10T10:48:35+07:00,500,1085.651,PDOException,SQLSTATE[HY000] [1040] Too many connections
spike,2026-09-10T10:48:35+07:00,500,949.738,PDOException,SQLSTATE[HY000] [1040] Too many connections
spike,2026-09-10T10:48:35+07:00,500,1049.063,PDOException,SQLSTATE[HY000] [1040] Too many connections
spike,2026-09-10T10:48:35+07:00,500,1049.494,PDOException,SQLSTATE[HY000] [1040] Too many connections
spike,2026-09-10T10:48:35+07:00,500,1161.11,PDOException,SQLSTATE[HY000] [1040] Too many connections
spike,2026-09-10T10:48:35+07:00,500,1045.134,PDOException,SQLSTATE[HY000] [1040] Too many connections
spike,2026-09-10T10:48:35+07:00,500,945.718,PDOException,SQLSTATE[HY000] [1040] Too many connections
spike,2026-09-10T10:48:35+07:00,500,921.805,PDOException,SQLSTATE[HY000] [1040] Too many connections
spike,2026-09-10T10:48:35+07:00,500,1122.957,PDOException,SQLSTATE[HY000] [1040] Too many connections
spike,2026-09-10T10:48:35+07:00,500,979.838,PDOException,SQLSTATE[HY000] [1040] Too many connections
spike,2026-09-10T10:48:35+07:00,500,1009.639,PDOException,SQLSTATE[HY000] [1040] Too many connections
spike,2026-09-10T10:48:35+07:00,500,1201.161,PDOException,SQLSTATE[HY000] [1040] Too many connections
spike,2026-09-10T10:48:35+07:00,500,846.403,PDOException,SQLSTATE[HY000] [1040] Too many connections
spike,2026-09-10T10:48:35+07:00,500,1010.198,PDOException,SQLSTATE[HY000] [1040] Too many connections
spike,2026-09-10T10:48:35+07:00,500,1044.421,PDOException,SQLSTATE[HY000] [1040] Too many connections
spike,2026-09-10T10:48:35+07:00,500,1246.472,PDOException,SQLSTATE[HY000] [1040] Too many connections
spike,2026-09-10T10:48:35+07:00,500,1196.305,PDOException,SQLSTATE[HY000] [1040] Too many connections
spike,2026-09-10T10:48:35+07:00,500,1013.458,PDOException,SQLSTATE[HY000] [1040] Too many connections
spike,2026-09-10T10:48:35+07:00,500,964.51,PDOException,SQLSTATE[HY000] [1040] Too many connections
spike,2026-09-10T10:48:35+07:00,500,1046.333,PDOException,SQLSTATE[HY000] [1040] Too many connections
spike,2026-09-10T10:48:36+07:00,500,1130.97,PDOException,SQLSTATE[HY000] [1040] Too many connections
spike,2026-09-10T10:48:36+07:00,500,1053.127,PDOException,SQLSTATE[HY000] [1040] Too many connections
spike,2026-09-10T10:48:36+07:00,500,1135.491,PDOException,SQLSTATE[HY000] [1040] Too many connections
spike,2026-09-10T10:48:36+07:00,500,938.592,PDOException,SQLSTATE[HY000] [1040] Too many connections
spike,2026-09-10T10:48:36+07:00,500,1265.562,PDOException,SQLSTATE[HY000] [1040] Too many connections
spike,2026-09-10T10:48:36+07:00,500,1042.783,PDOException,SQLSTATE[HY000] [1040] Too many connections
spike,2026-09-10T10:48:36+07:00,500,1044.315,PDOException,SQLSTATE[HY000] [1040] Too many connections
spike,2026-09-10T10:48:36+07:00,500,1049.746,PDOException,SQLSTATE[HY000] [1040] Too many connections
spike,2026-09-10T10:48:36+07:00,500,1045.401,PDOException,SQLSTATE[HY000] [1040] Too many connections
spike,2026-09-10T10:48:36+07:00,500,1041.491,PDOException,SQLSTATE[HY000] [1040] Too many connections
spike,2026-09-10T10:48:36+07:00,500,1087.852,PDOException,SQLSTATE[HY000] [1040] Too many connections
spike,2026-09-10T10:48:36+07:00,500,986.943,PDOException,SQLSTATE[08004] [1040] Too many connections
spike,2026-09-10T10:48:36+07:00,500,1001.157,PDOException,SQLSTATE[HY000] [1040] Too many connections
spike,2026-09-10T10:48:36+07:00,500,1082.943,PDOException,SQLSTATE[08004] [1040] Too many connections
spike,2026-09-10T10:48:36+07:00,500,916.224,PDOException,SQLSTATE[HY000] [1040] Too many connections
spike,2026-09-10T10:48:36+07:00,500,916.505,PDOException,SQLSTATE[HY000] [1040] Too many connections
spike,2026-09-10T10:48:36+07:00,500,1034.881,PDOException,SQLSTATE[HY000] [1040] Too many connections
spike,2026-09-10T10:48:36+07:00,500,920.55,PDOException,SQLSTATE[08004] [1040] Too many connections
spike,2026-09-10T10:48:36+07:00,500,920.743,PDOException,SQLSTATE[08004] [1040] Too many connections
spike,2026-09-10T10:48:36+07:00,500,928.153,PDOException,SQLSTATE[08004] [1040] Too many connections
spike,2026-09-10T10:48:36+07:00,500,1137.172,PDOException,SQLSTATE[HY000] [1040] Too many connections
spike,2026-09-10T10:48:36+07:00,500,1072.134,PDOException,SQLSTATE[HY000] [1040] Too many connections
spike,2026-09-10T10:48:36+07:00,500,1052.871,PDOException,SQLSTATE[HY000] [1040] Too many connections
spike,2026-09-10T10:48:36+07:00,500,1053.076,PDOException,SQLSTATE[HY000] [1040] Too many connections
spike,2026-09-10T10:48:37+07:00,500,809.894,PDOException,SQLSTATE[HY000] [1040] Too many connections
spike,2026-09-10T10:48:37+07:00,500,1029.098,PDOException,SQLSTATE[HY000] [1040] Too many connections
spike,2026-09-10T10:48:37+07:00,500,1136.954,PDOException,SQLSTATE[HY000] [1040] Too many connections
spike,2026-09-10T10:48:37+07:00,500,1152.344,PDOException,SQLSTATE[HY000] [1040] Too many connections
spike,2026-09-10T10:48:37+07:00,500,1059.001,PDOException,SQLSTATE[HY000] [1040] Too many connections
spike,2026-09-10T10:48:37+07:00,500,1165.808,PDOException,SQLSTATE[HY000] [1040] Too many connections
spike,2026-09-10T10:48:37+07:00,500,1481.334,PDOException,SQLSTATE[HY000] [1040] Too many connections
spike,2026-09-10T10:48:37+07:00,500,1073.521,PDOException,SQLSTATE[08004] [1040] Too many connections
spike,2026-09-10T10:48:37+07:00,500,1079.399,PDOException,SQLSTATE[HY000] [1040] Too many connections
spike,2026-09-10T10:48:37+07:00,500,1238.611,PDOException,SQLSTATE[HY000] [1040] Too many connections
spike,2026-09-10T10:48:37+07:00,500,1233.807,PDOException,SQLSTATE[HY000] [1040] Too many connections
spike,2026-09-10T10:48:37+07:00,500,1101.119,PDOException,SQLSTATE[HY000] [1040] Too many connections
spike,2026-09-10T10:48:37+07:00,500,1140.493,PDOException,SQLSTATE[HY000] [1040] Too many connections
spike,2026-09-10T10:48:38+07:00,500,1124.986,PDOException,SQLSTATE[HY000] [1040] Too many connections
spike,2026-09-10T10:48:38+07:00,500,1260.376,PDOException,SQLSTATE[HY000] [1040] Too many connections
spike,2026-09-10T10:48:38+07:00,500,1263.301,PDOException,SQLSTATE[HY000] [1040] Too many connections
spike,2026-09-10T10:48:38+07:00,500,1249.436,PDOException,SQLSTATE[HY000] [1040] Too many connections
spike,2026-09-10T10:48:38+07:00,500,1288.923,PDOException,SQLSTATE[HY000] [1040] Too many connections
spike,2026-09-10T10:48:38+07:00,500,1252.134,PDOException,SQLSTATE[HY000] [1040] Too many connections
spike,2026-09-10T10:48:38+07:00,500,1060.762,PDOException,SQLSTATE[HY000] [1040] Too many connections
spike,2026-09-10T10:48:38+07:00,500,1284.703,PDOException,SQLSTATE[HY000] [1040] Too many connections
spike,2026-09-10T10:48:38+07:00,500,1087.045,PDOException,SQLSTATE[HY000] [1040] Too many connections
spike,2026-09-10T10:48:38+07:00,500,1277.658,PDOException,SQLSTATE[HY000] [1040] Too many connections
spike,2026-09-10T10:48:38+07:00,500,1255.477,PDOException,SQLSTATE[HY000] [1040] Too many connections
spike,2026-09-10T10:48:38+07:00,500,1030.587,PDOException,SQLSTATE[HY000] [1040] Too many connections
spike,2026-09-10T10:48:38+07:00,500,1096.091,PDOException,SQLSTATE[HY000] [1040] Too many connections
spike,2026-09-10T10:48:38+07:00,500,1153.265,PDOException,SQLSTATE[HY000] [1040] Too many connections
spike,2026-09-10T10:48:38+07:00,500,1043.073,PDOException,SQLSTATE[HY000] [1040] Too many connections
spike,2026-09-10T10:48:38+07:00,500,1140.59,PDOException,SQLSTATE[HY000] [1040] Too many connections
spike,2026-09-10T10:48:38+07:00,500,1015.771,PDOException,SQLSTATE[HY000] [1040] Too many connections
spike,2026-09-10T10:48:38+07:00,500,1044.137,PDOException,SQLSTATE[HY000] [1040] Too many connections
spike,2026-09-10T10:48:38+07:00,500,1104.292,PDOException,SQLSTATE[HY000] [1040] Too many connections
spike,2026-09-10T10:48:38+07:00,500,977.819,PDOException,SQLSTATE[HY000] [1040] Too many connections
spike,2026-09-10T10:48:38+07:00,500,956.301,PDOException,SQLSTATE[HY000] [1040] Too many connections
spike,2026-09-10T10:48:38+07:00,500,1033.92,PDOException,SQLSTATE[08004] [1040] Too many connections
spike,2026-09-10T10:48:38+07:00,500,972.939,PDOException,SQLSTATE[HY000] [1040] Too many connections
spike,2026-09-10T10:48:38+07:00,500,742.031,PDOException,SQLSTATE[HY000] [1040] Too many connections
spike,2026-09-10T10:48:38+07:00,500,1006.962,PDOException,SQLSTATE[08004] [1040] Too many connections
spike,2026-09-10T10:48:38+07:00,500,1042.509,PDOException,SQLSTATE[HY000] [1040] Too many connections
spike,2026-09-10T10:48:39+07:00,500,941.551,PDOException,SQLSTATE[HY000] [1040] Too many connections
spike,2026-09-10T10:48:39+07:00,500,941.751,PDOException,SQLSTATE[HY000] [1040] Too many connections
spike,2026-09-10T10:48:39+07:00,500,1222.053,PDOException,SQLSTATE[HY000] [1040] Too many connections
spike,2026-09-10T10:48:39+07:00,500,944.475,PDOException,SQLSTATE[HY000] [1040] Too many connections
spike,2026-09-10T10:48:39+07:00,500,928.102,PDOException,SQLSTATE[HY000] [1040] Too many connections
spike,2026-09-10T10:48:39+07:00,500,915.019,PDOException,SQLSTATE[HY000] [1040] Too many connections
spike,2026-09-10T10:48:39+07:00,500,924.799,PDOException,SQLSTATE[HY000] [1040] Too many connections
spike,2026-09-10T10:48:39+07:00,500,1001.442,PDOException,SQLSTATE[HY000] [1040] Too many connections
spike,2026-09-10T10:48:39+07:00,500,935.16,PDOException,SQLSTATE[HY000] [1040] Too many connections
spike,2026-09-10T10:48:39+07:00,500,833.687,PDOException,SQLSTATE[HY000] [1040] Too many connections
spike,2026-09-10T10:48:39+07:00,500,1103.112,PDOException,SQLSTATE[HY000] [1040] Too many connections
spike,2026-09-10T10:48:39+07:00,500,978.056,PDOException,SQLSTATE[HY000] [1040] Too many connections
spike,2026-09-10T10:48:39+07:00,500,962.24,PDOException,SQLSTATE[08004] [1040] Too many connections
spike,2026-09-10T10:48:39+07:00,500,887.635,PDOException,SQLSTATE[HY000] [1040] Too many connections
spike,2026-09-10T10:48:39+07:00,500,891.073,PDOException,SQLSTATE[08004] [1040] Too many connections
spike,2026-09-10T10:48:39+07:00,500,920.453,PDOException,SQLSTATE[HY000] [1040] Too many connections
spike,2026-09-10T10:48:39+07:00,500,1219.289,PDOException,SQLSTATE[HY000] [1040] Too many connections
spike,2026-09-10T10:48:39+07:00,500,1005.109,PDOException,SQLSTATE[HY000] [1040] Too many connections
spike,2026-09-10T10:48:39+07:00,500,1122.128,PDOException,SQLSTATE[HY000] [1040] Too many connections
spike,2026-09-10T10:48:39+07:00,500,1006.398,PDOException,SQLSTATE[HY000] [1040] Too many connections
spike,2026-09-10T10:48:39+07:00,500,984.078,PDOException,SQLSTATE[HY000] [1040] Too many connections
spike,2026-09-10T10:48:39+07:00,500,1033.418,PDOException,SQLSTATE[HY000] [1040] Too many connections
spike,2026-09-10T10:48:39+07:00,500,1049.877,PDOException,SQLSTATE[HY000] [1040] Too many connections
spike,2026-09-10T10:48:39+07:00,500,854.598,PDOException,SQLSTATE[HY000] [1040] Too many connections
spike,2026-09-10T10:48:39+07:00,500,935.667,PDOException,SQLSTATE[HY000] [1040] Too many connections
spike,2026-09-10T10:48:39+07:00,500,1100.218,PDOException,SQLSTATE[HY000] [1040] Too many connections
spike,2026-09-10T10:48:39+07:00,500,935.442,PDOException,SQLSTATE[HY000] [1040] Too many connections
spike,2026-09-10T10:48:39+07:00,500,934.887,PDOException,SQLSTATE[HY000] [1040] Too many connections
spike,2026-09-10T10:48:39+07:00,500,1065.144,PDOException,SQLSTATE[HY000] [1040] Too many connections
spike,2026-09-10T10:48:40+07:00,500,1276.063,PDOException,SQLSTATE[HY000] [1040] Too many connections
spike,2026-09-10T10:48:41+07:00,500,1830.05,PDOException,SQLSTATE[HY000] [1040] Too many connections
spike,2026-09-10T10:48:41+07:00,500,1952.251,PDOException,SQLSTATE[HY000] [1040] Too many connections
spike,2026-09-10T10:48:41+07:00,500,1790.652,PDOException,SQLSTATE[HY000] [1040] Too many connections
spike,2026-09-10T10:48:41+07:00,500,1830.146,PDOException,SQLSTATE[HY000] [1040] Too many connections
spike,2026-09-10T10:48:41+07:00,500,1842.506,PDOException,SQLSTATE[HY000] [1040] Too many connections
spike,2026-09-10T10:48:41+07:00,500,1629.483,PDOException,SQLSTATE[HY000] [1040] Too many connections
spike,2026-09-10T10:48:41+07:00,500,1837.312,PDOException,SQLSTATE[HY000] [1040] Too many connections
spike,2026-09-10T10:48:41+07:00,500,1826.311,PDOException,SQLSTATE[HY000] [1040] Too many connections
spike,2026-09-10T10:48:41+07:00,500,1644.305,PDOException,SQLSTATE[HY000] [1040] Too many connections
spike,2026-09-10T10:48:41+07:00,500,1840.545,PDOException,SQLSTATE[HY000] [1040] Too many connections
spike,2026-09-10T10:48:41+07:00,500,1843.356,PDOException,SQLSTATE[HY000] [1040] Too many connections
spike,2026-09-10T10:48:41+07:00,500,1846.299,PDOException,SQLSTATE[HY000] [1040] Too many connections
spike,2026-09-10T10:48:41+07:00,500,1547.012,PDOException,SQLSTATE[HY000] [1040] Too many connections
spike,2026-09-10T10:48:41+07:00,500,1545.319,PDOException,SQLSTATE[HY000] [1040] Too many connections
spike,2026-09-10T10:48:41+07:00,500,1386.626,PDOException,SQLSTATE[HY000] [1040] Too many connections
spike,2026-09-10T10:48:41+07:00,500,1304.499,PDOException,SQLSTATE[HY000] [1040] Too many connections
spike,2026-09-10T10:48:41+07:00,500,1420.034,PDOException,SQLSTATE[HY000] [1040] Too many connections
spike,2026-09-10T10:48:41+07:00,500,1436.801,PDOException,SQLSTATE[HY000] [1040] Too many connections
spike,2026-09-10T10:48:41+07:00,500,1470.876,PDOException,SQLSTATE[08004] [1040] Too many connections
spike,2026-09-10T10:48:41+07:00,500,1088.259,PDOException,SQLSTATE[HY000] [1040] Too many connections
spike,2026-09-10T10:48:41+07:00,500,1085.571,PDOException,SQLSTATE[HY000] [1040] Too many connections
spike,2026-09-10T10:48:41+07:00,500,1289.016,PDOException,SQLSTATE[HY000] [1040] Too many connections
spike,2026-09-10T10:48:41+07:00,500,1129.891,PDOException,SQLSTATE[HY000] [1040] Too many connections
spike,2026-09-10T10:48:41+07:00,500,1327.904,PDOException,SQLSTATE[HY000] [1040] Too many connections
spike,2026-09-10T10:48:41+07:00,500,367.121,PDOException,SQLSTATE[HY000] [1040] Too many connections
spike,2026-09-10T10:48:41+07:00,500,367.156,PDOException,SQLSTATE[HY000] [1040] Too many connections
spike,2026-09-10T10:48:41+07:00,500,1206.594,PDOException,SQLSTATE[HY000] [1040] Too many connections
spike,2026-09-10T10:48:42+07:00,500,1155.364,PDOException,SQLSTATE[08004] [1040] Too many connections
spike,2026-09-10T10:48:42+07:00,500,1151.892,PDOException,SQLSTATE[HY000] [1040] Too many connections
spike,2026-09-10T10:48:42+07:00,500,1170.208,PDOException,SQLSTATE[08004] [1040] Too many connections
spike,2026-09-10T10:48:42+07:00,500,1154.537,PDOException,SQLSTATE[HY000] [1040] Too many connections
spike,2026-09-10T10:48:42+07:00,500,1167.405,PDOException,SQLSTATE[HY000] [1040] Too many connections
spike,2026-09-10T10:48:42+07:00,500,1172.554,PDOException,SQLSTATE[08004] [1040] Too many connections
spike,2026-09-10T10:48:42+07:00,500,1151.161,PDOException,SQLSTATE[HY000] [1040] Too many connections
spike,2026-09-10T10:48:42+07:00,500,1400.495,PDOException,SQLSTATE[HY000] [1040] Too many connections
spike,2026-09-10T10:48:42+07:00,500,1402.75,PDOException,SQLSTATE[HY000] [1040] Too many connections
spike,2026-09-10T10:48:42+07:00,500,1491.117,PDOException,SQLSTATE[HY000] [1040] Too many connections
spike,2026-09-10T10:48:42+07:00,500,1552.519,PDOException,SQLSTATE[HY000] [1040] Too many connections
spike,2026-09-10T10:48:42+07:00,500,1575.142,PDOException,SQLSTATE[HY000] [1040] Too many connections
spike,2026-09-10T10:48:43+07:00,500,1681.613,PDOException,SQLSTATE[HY000] [1040] Too many connections
spike,2026-09-10T10:48:43+07:00,500,1486.274,PDOException,SQLSTATE[HY000] [1040] Too many connections
spike,2026-09-10T10:48:43+07:00,500,1478.978,PDOException,SQLSTATE[HY000] [1040] Too many connections
spike,2026-09-10T10:48:43+07:00,500,1493.394,PDOException,SQLSTATE[HY000] [1040] Too many connections
spike,2026-09-10T10:48:43+07:00,500,1549.179,PDOException,SQLSTATE[HY000] [1040] Too many connections
spike,2026-09-10T10:48:43+07:00,500,1415.948,PDOException,SQLSTATE[HY000] [1040] Too many connections
spike,2026-09-10T10:48:43+07:00,500,1508.629,PDOException,SQLSTATE[08004] [1040] Too many connections
spike,2026-09-10T10:48:43+07:00,500,1309.482,PDOException,SQLSTATE[HY000] [1040] Too many connections
spike,2026-09-10T10:48:43+07:00,500,1228.892,PDOException,SQLSTATE[HY000] [1040] Too many connections
spike,2026-09-10T10:48:43+07:00,500,1697.616,PDOException,SQLSTATE[HY000] [1040] Too many connections
spike,2026-09-10T10:48:43+07:00,500,1308.308,PDOException,SQLSTATE[HY000] [1040] Too many connections
spike,2026-09-10T10:48:43+07:00,500,1242.727,PDOException,SQLSTATE[08004] [1040] Too many connections
spike,2026-09-10T10:48:43+07:00,500,1060.416,PDOException,SQLSTATE[HY000] [1040] Too many connections
spike,2026-09-10T10:48:43+07:00,500,1060.661,PDOException,SQLSTATE[08004] [1040] Too many connections
spike,2026-09-10T10:48:43+07:00,500,1224.537,PDOException,SQLSTATE[HY000] [1040] Too many connections
spike,2026-09-10T10:48:43+07:00,500,1201.792,PDOException,SQLSTATE[HY000] [1040] Too many connections
spike,2026-09-10T10:48:43+07:00,500,1240.054,PDOException,SQLSTATE[HY000] [1040] Too many connections
spike,2026-09-10T10:48:43+07:00,500,1194.928,PDOException,SQLSTATE[HY000] [1040] Too many connections
spike,2026-09-10T10:48:44+07:00,500,1027.929,PDOException,SQLSTATE[HY000] [1040] Too many connections
spike,2026-09-10T10:48:44+07:00,500,1259.099,PDOException,SQLSTATE[HY000] [1040] Too many connections
spike,2026-09-10T10:48:44+07:00,500,1017.454,PDOException,SQLSTATE[08004] [1040] Too many connections
spike,2026-09-10T10:48:44+07:00,500,1037.956,PDOException,SQLSTATE[HY000] [1040] Too many connections
spike,2026-09-10T10:48:44+07:00,500,1220.615,PDOException,SQLSTATE[HY000] [1040] Too many connections
spike,2026-09-10T10:48:44+07:00,500,1058.778,PDOException,SQLSTATE[HY000] [1040] Too many connections
spike,2026-09-10T10:48:44+07:00,500,1267.072,PDOException,SQLSTATE[HY000] [1040] Too many connections
spike,2026-09-10T10:48:44+07:00,500,1116.156,PDOException,SQLSTATE[HY000] [1040] Too many connections
spike,2026-09-10T10:48:44+07:00,500,1239.173,PDOException,SQLSTATE[HY000] [1040] Too many connections
spike,2026-09-10T10:48:44+07:00,500,1073.568,PDOException,SQLSTATE[HY000] [1040] Too many connections
spike,2026-09-10T10:48:44+07:00,500,958.06,PDOException,SQLSTATE[HY000] [1040] Too many connections
spike,2026-09-10T10:48:44+07:00,500,1273.257,PDOException,SQLSTATE[HY000] [1040] Too many connections
spike,2026-09-10T10:48:44+07:00,500,1055.62,PDOException,SQLSTATE[HY000] [1040] Too many connections
spike,2026-09-10T10:48:44+07:00,500,1027.358,PDOException,SQLSTATE[HY000] [1040] Too many connections
spike,2026-09-10T10:48:44+07:00,500,1064.018,PDOException,SQLSTATE[HY000] [1040] Too many connections
spike,2026-09-10T10:48:44+07:00,500,1056.494,PDOException,SQLSTATE[HY000] [1040] Too many connections
spike,2026-09-10T10:48:44+07:00,500,1068.903,PDOException,SQLSTATE[HY000] [1040] Too many connections
spike,2026-09-10T10:48:45+07:00,500,1323.648,PDOException,SQLSTATE[HY000] [1040] Too many connections
spike,2026-09-10T10:48:45+07:00,500,1343.259,PDOException,SQLSTATE[HY000] [1040] Too many connections
spike,2026-09-10T10:48:45+07:00,500,1235.24,PDOException,SQLSTATE[HY000] [1040] Too many connections
spike,2026-09-10T10:48:45+07:00,500,1192.139,PDOException,SQLSTATE[HY000] [1040] Too many connections
spike,2026-09-10T10:48:45+07:00,500,1164.472,PDOException,SQLSTATE[HY000] [1040] Too many connections
spike,2026-09-10T10:48:45+07:00,500,1181.717,PDOException,SQLSTATE[HY000] [1040] Too many connections
spike,2026-09-10T10:48:45+07:00,500,1049.599,PDOException,SQLSTATE[HY000] [1040] Too many connections
spike,2026-09-10T10:48:45+07:00,500,1201.682,PDOException,SQLSTATE[HY000] [1040] Too many connections
spike,2026-09-10T10:48:45+07:00,500,1049.719,PDOException,SQLSTATE[HY000] [1040] Too many connections
spike,2026-09-10T10:48:45+07:00,500,1198.005,PDOException,SQLSTATE[HY000] [1040] Too many connections
spike,2026-09-10T10:48:45+07:00,500,1232.127,PDOException,SQLSTATE[HY000] [1040] Too many connections
spike,2026-09-10T10:48:45+07:00,500,1048.498,PDOException,SQLSTATE[HY000] [1040] Too many connections
spike,2026-09-10T10:48:45+07:00,500,1122.105,PDOException,SQLSTATE[HY000] [1040] Too many connections
spike,2026-09-10T10:48:45+07:00,500,1133.406,PDOException,SQLSTATE[HY000] [1040] Too many connections
spike,2026-09-10T10:48:45+07:00,500,1092.827,PDOException,SQLSTATE[HY000] [1040] Too many connections
spike,2026-09-10T10:48:45+07:00,500,1077.813,PDOException,SQLSTATE[HY000] [1040] Too many connections
spike,2026-09-10T10:48:45+07:00,500,1023.033,PDOException,SQLSTATE[HY000] [1040] Too many connections
spike,2026-09-10T10:48:45+07:00,500,1073.45,PDOException,SQLSTATE[HY000] [1040] Too many connections
spike,2026-09-10T10:48:45+07:00,500,1007.732,PDOException,SQLSTATE[HY000] [1040] Too many connections
spike,2026-09-10T10:48:45+07:00,500,976.384,PDOException,SQLSTATE[HY000] [1040] Too many connections
spike,2026-09-10T10:48:45+07:00,500,1132.337,PDOException,SQLSTATE[HY000] [1040] Too many connections
spike,2026-09-10T10:48:45+07:00,500,1039.966,PDOException,SQLSTATE[HY000] [1040] Too many connections
spike,2026-09-10T10:48:45+07:00,500,957.868,PDOException,SQLSTATE[HY000] [1040] Too many connections
spike,2026-09-10T10:48:45+07:00,500,1051.32,PDOException,SQLSTATE[HY000] [1040] Too many connections
spike,2026-09-10T10:48:45+07:00,500,914.633,PDOException,SQLSTATE[HY000] [1040] Too many connections
spike,2026-09-10T10:48:45+07:00,500,841.887,PDOException,SQLSTATE[HY000] [1040] Too many connections
spike,2026-09-10T10:48:45+07:00,500,922.954,PDOException,SQLSTATE[HY000] [1040] Too many connections
spike,2026-09-10T10:48:45+07:00,500,863.585,PDOException,SQLSTATE[HY000] [1040] Too many connections
spike,2026-09-10T10:48:45+07:00,500,980.979,PDOException,SQLSTATE[HY000] [1040] Too many connections
spike,2026-09-10T10:48:46+07:00,500,1019.706,PDOException,SQLSTATE[HY000] [1040] Too many connections
spike,2026-09-10T10:48:46+07:00,500,974.463,PDOException,SQLSTATE[HY000] [1040] Too many connections
spike,2026-09-10T10:48:46+07:00,500,1287.87,PDOException,SQLSTATE[HY000] [1040] Too many connections
spike,2026-09-10T10:48:46+07:00,500,1092.767,PDOException,SQLSTATE[HY000] [1040] Too many connections
spike,2026-09-10T10:48:46+07:00,500,1017.473,PDOException,SQLSTATE[HY000] [1040] Too many connections
spike,2026-09-10T10:48:46+07:00,500,1092.957,PDOException,SQLSTATE[HY000] [1040] Too many connections
spike,2026-09-10T10:48:46+07:00,500,967.965,PDOException,SQLSTATE[HY000] [1040] Too many connections
spike,2026-09-10T10:48:46+07:00,500,1023.342,PDOException,SQLSTATE[HY000] [1040] Too many connections
spike,2026-09-10T10:48:46+07:00,500,900.452,PDOException,SQLSTATE[HY000] [1040] Too many connections
spike,2026-09-10T10:48:46+07:00,500,935.157,PDOException,SQLSTATE[HY000] [1040] Too many connections
spike,2026-09-10T10:48:46+07:00,500,1081.301,PDOException,SQLSTATE[HY000] [1040] Too many connections
spike,2026-09-10T10:48:46+07:00,500,976.635,PDOException,SQLSTATE[HY000] [1040] Too many connections
spike,2026-09-10T10:48:46+07:00,500,875.064,PDOException,SQLSTATE[HY000] [1040] Too many connections
spike,2026-09-10T10:48:46+07:00,500,1012.225,PDOException,SQLSTATE[HY000] [1040] Too many connections
spike,2026-09-10T10:48:46+07:00,500,906.574,PDOException,SQLSTATE[HY000] [1040] Too many connections
spike,2026-09-10T10:48:46+07:00,500,795.134,PDOException,SQLSTATE[HY000] [1040] Too many connections
spike,2026-09-10T10:48:46+07:00,500,1084.704,PDOException,SQLSTATE[HY000] [1040] Too many connections
spike,2026-09-10T10:48:46+07:00,500,1039.586,PDOException,SQLSTATE[HY000] [1040] Too many connections
spike,2026-09-10T10:48:47+07:00,500,1076.055,PDOException,SQLSTATE[08004] [1040] Too many connections
spike,2026-09-10T10:48:47+07:00,500,875.121,PDOException,SQLSTATE[HY000] [1040] Too many connections
spike,2026-09-10T10:48:47+07:00,500,1035.159,PDOException,SQLSTATE[08004] [1040] Too many connections
spike,2026-09-10T10:48:47+07:00,500,1157.418,PDOException,SQLSTATE[08004] [1040] Too many connections
spike,2026-09-10T10:48:47+07:00,500,1079.781,PDOException,SQLSTATE[08004] [1040] Too many connections
spike,2026-09-10T10:48:47+07:00,500,1107.111,PDOException,SQLSTATE[08004] [1040] Too many connections
spike,2026-09-10T10:48:47+07:00,500,955.255,PDOException,SQLSTATE[HY000] [1040] Too many connections
spike,2026-09-10T10:48:47+07:00,500,819.373,PDOException,SQLSTATE[HY000] [1040] Too many connections
spike,2026-09-10T10:48:47+07:00,500,825.334,PDOException,SQLSTATE[HY000] [1040] Too many connections
spike,2026-09-10T10:48:47+07:00,500,1032.327,PDOException,SQLSTATE[HY000] [1040] Too many connections
spike,2026-09-10T10:48:47+07:00,500,927.995,PDOException,SQLSTATE[HY000] [1040] Too many connections
spike,2026-09-10T10:48:47+07:00,500,1044.268,PDOException,SQLSTATE[HY000] [1040] Too many connections
spike,2026-09-10T10:48:47+07:00,500,985.087,PDOException,SQLSTATE[HY000] [1040] Too many connections
spike,2026-09-10T10:48:47+07:00,500,994.199,PDOException,SQLSTATE[HY000] [1040] Too many connections
spike,2026-09-10T10:48:47+07:00,500,1046.35,PDOException,SQLSTATE[HY000] [1040] Too many connections
spike,2026-09-10T10:48:47+07:00,500,1170.669,PDOException,SQLSTATE[HY000] [1040] Too many connections
spike,2026-09-10T10:48:47+07:00,500,984.83,PDOException,SQLSTATE[HY000] [1040] Too many connections
spike,2026-09-10T10:48:47+07:00,500,994.463,PDOException,SQLSTATE[HY000] [1040] Too many connections
spike,2026-09-10T10:48:47+07:00,500,1040.284,PDOException,SQLSTATE[HY000] [1040] Too many connections
spike,2026-09-10T10:48:47+07:00,500,943.191,PDOException,SQLSTATE[08004] [1040] Too many connections
spike,2026-09-10T10:48:47+07:00,500,1173.763,PDOException,SQLSTATE[08004] [1040] Too many connections
spike,2026-09-10T10:48:47+07:00,500,1052.126,PDOException,SQLSTATE[08004] [1040] Too many connections
spike,2026-09-10T10:48:47+07:00,500,1243.568,PDOException,SQLSTATE[HY000] [1040] Too many connections
spike,2026-09-10T10:48:47+07:00,500,1001.945,PDOException,SQLSTATE[HY000] [1040] Too many connections
spike,2026-09-10T10:48:47+07:00,500,1250.487,PDOException,SQLSTATE[08004] [1040] Too many connections
spike,2026-09-10T10:48:48+07:00,500,1142.352,PDOException,SQLSTATE[HY000] [1040] Too many connections
spike,2026-09-10T10:48:48+07:00,500,1067.034,PDOException,SQLSTATE[HY000] [1040] Too many connections
spike,2026-09-10T10:48:48+07:00,500,1186.048,PDOException,SQLSTATE[HY000] [1040] Too many connections
spike,2026-09-10T10:48:48+07:00,500,1175.137,PDOException,SQLSTATE[HY000] [1040] Too many connections
spike,2026-09-10T10:48:48+07:00,500,1215.561,PDOException,SQLSTATE[HY000] [1040] Too many connections
spike,2026-09-10T10:48:48+07:00,500,1056.083,PDOException,SQLSTATE[HY000] [1040] Too many connections
spike,2026-09-10T10:48:48+07:00,500,1226.051,PDOException,SQLSTATE[HY000] [1040] Too many connections
spike,2026-09-10T10:48:48+07:00,500,1108.808,PDOException,SQLSTATE[HY000] [1040] Too many connections
spike,2026-09-10T10:48:48+07:00,500,1085.36,PDOException,SQLSTATE[HY000] [1040] Too many connections
spike,2026-09-10T10:48:48+07:00,500,1167.169,PDOException,SQLSTATE[HY000] [1040] Too many connections
spike,2026-09-10T10:48:48+07:00,500,1044.296,PDOException,SQLSTATE[HY000] [1040] Too many connections
spike,2026-09-10T10:48:48+07:00,500,1145.752,PDOException,SQLSTATE[HY000] [1040] Too many connections
spike,2026-09-10T10:48:48+07:00,500,1161.17,PDOException,SQLSTATE[HY000] [1040] Too many connections
spike,2026-09-10T10:48:48+07:00,500,993.338,PDOException,SQLSTATE[HY000] [1040] Too many connections
spike,2026-09-10T10:48:48+07:00,500,1212.094,PDOException,SQLSTATE[HY000] [1040] Too many connections
spike,2026-09-10T10:48:48+07:00,500,1126.023,PDOException,SQLSTATE[HY000] [1040] Too many connections
spike,2026-09-10T10:48:49+07:00,500,1189.421,PDOException,SQLSTATE[HY000] [1040] Too many connections
spike,2026-09-10T10:48:49+07:00,500,1189.513,PDOException,SQLSTATE[HY000] [1040] Too many connections
spike,2026-09-10T10:48:49+07:00,500,1194.14,PDOException,SQLSTATE[HY000] [1040] Too many connections
spike,2026-09-10T10:48:49+07:00,500,1377.986,PDOException,SQLSTATE[HY000] [1040] Too many connections
spike,2026-09-10T10:48:49+07:00,500,1367.712,PDOException,SQLSTATE[HY000] [1040] Too many connections
spike,2026-09-10T10:48:49+07:00,500,1281.965,PDOException,SQLSTATE[HY000] [1040] Too many connections
spike,2026-09-10T10:48:49+07:00,500,1413.114,PDOException,SQLSTATE[HY000] [1040] Too many connections
spike,2026-09-10T10:48:49+07:00,500,1373.273,PDOException,SQLSTATE[HY000] [1040] Too many connections
spike,2026-09-10T10:48:49+07:00,500,1080.094,PDOException,SQLSTATE[HY000] [1040] Too many connections
spike,2026-09-10T10:48:49+07:00,500,1048.033,PDOException,SQLSTATE[08004] [1040] Too many connections
spike,2026-09-10T10:48:49+07:00,500,1188.4,PDOException,SQLSTATE[HY000] [1040] Too many connections
spike,2026-09-10T10:48:49+07:00,500,931.827,PDOException,SQLSTATE[08004] [1040] Too many connections
spike,2026-09-10T10:48:49+07:00,500,924.727,PDOException,SQLSTATE[HY000] [1040] Too many connections
spike,2026-09-10T10:48:49+07:00,500,1105.901,PDOException,SQLSTATE[HY000] [1040] Too many connections
spike,2026-09-10T10:48:49+07:00,500,932.55,PDOException,SQLSTATE[08004] [1040] Too many connections
spike,2026-09-10T10:48:49+07:00,500,1099.676,PDOException,SQLSTATE[HY000] [1040] Too many connections
spike,2026-09-10T10:48:49+07:00,500,959.312,PDOException,SQLSTATE[HY000] [1040] Too many connections
spike,2026-09-10T10:48:49+07:00,500,1153.978,PDOException,SQLSTATE[HY000] [1040] Too many connections
spike,2026-09-10T10:48:49+07:00,500,1087.413,PDOException,SQLSTATE[HY000] [1040] Too many connections
spike,2026-09-10T10:48:49+07:00,500,963.661,PDOException,SQLSTATE[HY000] [1040] Too many connections
spike,2026-09-10T10:48:49+07:00,500,1236.909,PDOException,SQLSTATE[HY000] [1040] Too many connections
spike,2026-09-10T10:48:49+07:00,500,1097.285,PDOException,SQLSTATE[HY000] [1040] Too many connections
spike,2026-09-10T10:48:49+07:00,500,938.756,PDOException,SQLSTATE[HY000] [1040] Too many connections
spike,2026-09-10T10:48:49+07:00,500,1031.574,PDOException,SQLSTATE[HY000] [1040] Too many connections
spike,2026-09-10T10:48:49+07:00,500,1247.019,PDOException,SQLSTATE[HY000] [1040] Too many connections
spike,2026-09-10T10:48:49+07:00,500,697.018,PDOException,SQLSTATE[HY000] [1040] Too many connections
spike,2026-09-10T10:48:49+07:00,500,1053.102,PDOException,SQLSTATE[08004] [1040] Too many connections
spike,2026-09-10T10:48:50+07:00,500,827.364,PDOException,SQLSTATE[HY000] [1040] Too many connections
spike,2026-09-10T10:48:50+07:00,500,1007.971,PDOException,SQLSTATE[HY000] [1040] Too many connections
spike,2026-09-10T10:48:50+07:00,500,1005.948,PDOException,SQLSTATE[HY000] [1040] Too many connections
spike,2026-09-10T10:48:50+07:00,500,1006.663,PDOException,SQLSTATE[HY000] [1040] Too many connections
spike,2026-09-10T10:48:50+07:00,500,1007.585,PDOException,SQLSTATE[HY000] [1040] Too many connections
spike,2026-09-10T10:48:50+07:00,500,1007.153,PDOException,SQLSTATE[HY000] [1040] Too many connections
spike,2026-09-10T10:48:50+07:00,500,1053.31,PDOException,SQLSTATE[HY000] [1040] Too many connections
spike,2026-09-10T10:48:50+07:00,500,1023.549,PDOException,SQLSTATE[HY000] [1040] Too many connections
spike,2026-09-10T10:48:50+07:00,500,1020.842,PDOException,SQLSTATE[HY000] [1040] Too many connections
spike,2026-09-10T10:48:50+07:00,500,1031.418,PDOException,SQLSTATE[HY000] [1040] Too many connections
spike,2026-09-10T10:48:50+07:00,500,900.255,PDOException,SQLSTATE[HY000] [1040] Too many connections
spike,2026-09-10T10:48:50+07:00,500,984.066,PDOException,SQLSTATE[HY000] [1040] Too many connections
spike,2026-09-10T10:48:50+07:00,500,988.607,PDOException,SQLSTATE[HY000] [1040] Too many connections
spike,2026-09-10T10:48:50+07:00,500,1034.485,PDOException,SQLSTATE[HY000] [1040] Too many connections
spike,2026-09-10T10:48:50+07:00,500,934.612,PDOException,SQLSTATE[HY000] [1040] Too many connections
spike,2026-09-10T10:48:50+07:00,500,1026.359,PDOException,SQLSTATE[HY000] [1040] Too many connections
spike,2026-09-10T10:48:50+07:00,500,1052.832,PDOException,SQLSTATE[HY000] [1040] Too many connections
spike,2026-09-10T10:48:50+07:00,500,1087.403,PDOException,SQLSTATE[HY000] [1040] Too many connections
spike,2026-09-10T10:48:50+07:00,500,951.26,PDOException,SQLSTATE[HY000] [1040] Too many connections
spike,2026-09-10T10:48:50+07:00,500,1106.358,PDOException,SQLSTATE[HY000] [1040] Too many connections
spike,2026-09-10T10:48:50+07:00,500,995.42,PDOException,SQLSTATE[08004] [1040] Too many connections
spike,2026-09-10T10:48:51+07:00,500,947.525,PDOException,SQLSTATE[HY000] [1040] Too many connections
spike,2026-09-10T10:48:51+07:00,500,1013.647,PDOException,SQLSTATE[HY000] [1040] Too many connections
spike,2026-09-10T10:48:51+07:00,500,937.185,PDOException,SQLSTATE[08004] [1040] Too many connections
spike,2026-09-10T10:48:51+07:00,500,1257.93,PDOException,SQLSTATE[HY000] [1040] Too many connections
spike,2026-09-10T10:48:51+07:00,500,982.404,PDOException,SQLSTATE[08004] [1040] Too many connections
spike,2026-09-10T10:48:51+07:00,500,1257.467,PDOException,SQLSTATE[HY000] [1040] Too many connections
spike,2026-09-10T10:48:51+07:00,500,1050.446,PDOException,SQLSTATE[08004] [1040] Too many connections
spike,2026-09-10T10:48:51+07:00,500,1230.886,PDOException,SQLSTATE[HY000] [1040] Too many connections
spike,2026-09-10T10:48:51+07:00,500,1007.525,PDOException,SQLSTATE[HY000] [1040] Too many connections
spike,2026-09-10T10:48:51+07:00,500,1355.086,PDOException,SQLSTATE[HY000] [1040] Too many connections
spike,2026-09-10T10:48:51+07:00,500,1175.61,PDOException,SQLSTATE[HY000] [1040] Too many connections
spike,2026-09-10T10:48:51+07:00,500,1245.573,PDOException,SQLSTATE[HY000] [1040] Too many connections
spike,2026-09-10T10:48:51+07:00,500,1009.038,PDOException,SQLSTATE[HY000] [1040] Too many connections
spike,2026-09-10T10:48:51+07:00,500,1049.688,PDOException,SQLSTATE[HY000] [1040] Too many connections
spike,2026-09-10T10:48:51+07:00,500,1091.069,PDOException,SQLSTATE[HY000] [1040] Too many connections
spike,2026-09-10T10:48:51+07:00,500,1139.064,PDOException,SQLSTATE[HY000] [1040] Too many connections
spike,2026-09-10T10:48:51+07:00,500,1063.705,PDOException,SQLSTATE[HY000] [1040] Too many connections
spike,2026-09-10T10:48:51+07:00,500,1151.196,PDOException,SQLSTATE[HY000] [1040] Too many connections
spike,2026-09-10T10:48:51+07:00,500,994.109,PDOException,SQLSTATE[HY000] [1040] Too many connections
spike,2026-09-10T10:48:51+07:00,500,1113.903,PDOException,SQLSTATE[HY000] [1040] Too many connections
spike,2026-09-10T10:48:51+07:00,500,995.761,PDOException,SQLSTATE[HY000] [1040] Too many connections
spike,2026-09-10T10:48:51+07:00,500,995.77,PDOException,SQLSTATE[HY000] [1040] Too many connections
spike,2026-09-10T10:48:51+07:00,500,1122.947,PDOException,SQLSTATE[HY000] [1040] Too many connections
spike,2026-09-10T10:48:51+07:00,500,1002.195,PDOException,SQLSTATE[HY000] [1040] Too many connections
spike,2026-09-10T10:48:51+07:00,500,1079.643,PDOException,SQLSTATE[HY000] [1040] Too many connections
spike,2026-09-10T10:48:51+07:00,500,1059.489,PDOException,SQLSTATE[HY000] [1040] Too many connections
spike,2026-09-10T10:48:51+07:00,500,1178.256,PDOException,SQLSTATE[HY000] [1040] Too many connections
spike,2026-09-10T10:48:51+07:00,500,1101.414,PDOException,SQLSTATE[HY000] [1040] Too many connections
spike,2026-09-10T10:48:52+07:00,500,1058.643,PDOException,SQLSTATE[HY000] [1040] Too many connections
spike,2026-09-10T10:48:52+07:00,500,1134.178,PDOException,SQLSTATE[HY000] [1040] Too many connections
spike,2026-09-10T10:48:52+07:00,500,1249.602,PDOException,SQLSTATE[HY000] [1040] Too many connections
spike,2026-09-10T10:48:52+07:00,500,1122.136,PDOException,SQLSTATE[HY000] [1040] Too many connections
spike,2026-09-10T10:48:52+07:00,500,1110.897,PDOException,SQLSTATE[HY000] [1040] Too many connections
spike,2026-09-10T10:48:52+07:00,500,999.797,PDOException,SQLSTATE[HY000] [1040] Too many connections
spike,2026-09-10T10:48:52+07:00,500,1078.562,PDOException,SQLSTATE[HY000] [1040] Too many connections
spike,2026-09-10T10:48:52+07:00,500,1100.663,PDOException,SQLSTATE[HY000] [1040] Too many connections
spike,2026-09-10T10:48:52+07:00,500,966.641,PDOException,SQLSTATE[HY000] [1040] Too many connections
spike,2026-09-10T10:48:52+07:00,500,1050.047,PDOException,SQLSTATE[HY000] [1040] Too many connections
spike,2026-09-10T10:48:52+07:00,500,975.864,PDOException,SQLSTATE[HY000] [1040] Too many connections
spike,2026-09-10T10:48:52+07:00,500,1184.41,PDOException,SQLSTATE[HY000] [1040] Too many connections
spike,2026-09-10T10:48:52+07:00,500,1096.969,PDOException,SQLSTATE[HY000] [1040] Too many connections
spike,2026-09-10T10:48:52+07:00,500,1103.273,PDOException,SQLSTATE[HY000] [1040] Too many connections
spike,2026-09-10T10:48:52+07:00,500,1089.06,PDOException,SQLSTATE[08004] [1040] Too many connections
spike,2026-09-10T10:48:52+07:00,500,1205.182,PDOException,SQLSTATE[08004] [1040] Too many connections
spike,2026-09-10T10:48:52+07:00,500,1235.963,PDOException,SQLSTATE[HY000] [1040] Too many connections
spike,2026-09-10T10:48:52+07:00,500,1014.045,PDOException,SQLSTATE[HY000] [1040] Too many connections
spike,2026-09-10T10:48:53+07:00,500,1350.197,PDOException,SQLSTATE[HY000] [1040] Too many connections
spike,2026-09-10T10:48:53+07:00,500,1196.77,PDOException,SQLSTATE[HY000] [1040] Too many connections
spike,2026-09-10T10:48:53+07:00,500,1056.411,PDOException,SQLSTATE[HY000] [1040] Too many connections
spike,2026-09-10T10:48:53+07:00,500,1081.721,PDOException,SQLSTATE[HY000] [1040] Too many connections
spike,2026-09-10T10:48:53+07:00,500,1454.872,PDOException,SQLSTATE[HY000] [1040] Too many connections
spike,2026-09-10T10:48:53+07:00,500,1245.18,PDOException,SQLSTATE[HY000] [1040] Too many connections
spike,2026-09-10T10:48:53+07:00,500,1220.052,PDOException,SQLSTATE[HY000] [1040] Too many connections
spike,2026-09-10T10:48:53+07:00,500,1283.666,PDOException,SQLSTATE[HY000] [1040] Too many connections
spike,2026-09-10T10:48:53+07:00,500,1049.497,PDOException,SQLSTATE[HY000] [1040] Too many connections
spike,2026-09-10T10:48:53+07:00,500,1307.946,PDOException,SQLSTATE[HY000] [1040] Too many connections
spike,2026-09-10T10:48:53+07:00,500,1205.883,PDOException,SQLSTATE[HY000] [1040] Too many connections
spike,2026-09-10T10:48:53+07:00,500,1280.601,PDOException,SQLSTATE[HY000] [1040] Too many connections
spike,2026-09-10T10:48:53+07:00,500,1063.692,PDOException,SQLSTATE[HY000] [1040] Too many connections
spike,2026-09-10T10:48:53+07:00,500,1166.217,PDOException,SQLSTATE[HY000] [1040] Too many connections
spike,2026-09-10T10:48:53+07:00,500,981.812,PDOException,SQLSTATE[HY000] [1040] Too many connections
spike,2026-09-10T10:48:53+07:00,500,1209.036,PDOException,SQLSTATE[HY000] [1040] Too many connections
spike,2026-09-10T10:48:53+07:00,500,1213.696,PDOException,SQLSTATE[08004] [1040] Too many connections
spike,2026-09-10T10:48:54+07:00,500,1099.109,PDOException,SQLSTATE[HY000] [1040] Too many connections
spike,2026-09-10T10:48:54+07:00,500,1099.224,PDOException,SQLSTATE[HY000] [1040] Too many connections
spike,2026-09-10T10:48:54+07:00,500,1017.125,PDOException,SQLSTATE[HY000] [1040] Too many connections
spike,2026-09-10T10:48:54+07:00,500,1172.663,PDOException,SQLSTATE[HY000] [1040] Too many connections
spike,2026-09-10T10:48:54+07:00,500,898.478,PDOException,SQLSTATE[HY000] [1040] Too many connections
spike,2026-09-10T10:48:54+07:00,500,1200.775,PDOException,SQLSTATE[HY000] [1040] Too many connections
spike,2026-09-10T10:48:54+07:00,500,1024.466,PDOException,SQLSTATE[HY000] [1040] Too many connections
spike,2026-09-10T10:48:54+07:00,500,957.243,PDOException,SQLSTATE[HY000] [1040] Too many connections
spike,2026-09-10T10:48:54+07:00,500,1194.791,PDOException,SQLSTATE[HY000] [1040] Too many connections
spike,2026-09-10T10:48:54+07:00,500,857.24,PDOException,SQLSTATE[HY000] [1040] Too many connections
spike,2026-09-10T10:48:54+07:00,500,1033.325,PDOException,SQLSTATE[HY000] [1040] Too many connections
spike,2026-09-10T10:48:54+07:00,500,873.15,PDOException,SQLSTATE[08004] [1040] Too many connections
spike,2026-09-10T10:48:54+07:00,500,946.602,PDOException,SQLSTATE[08004] [1040] Too many connections
spike,2026-09-10T10:48:54+07:00,500,1005.223,PDOException,SQLSTATE[HY000] [1040] Too many connections
spike,2026-09-10T10:48:54+07:00,500,955.902,PDOException,SQLSTATE[08004] [1040] Too many connections
spike,2026-09-10T10:48:54+07:00,500,864.065,PDOException,SQLSTATE[HY000] [1040] Too many connections
spike,2026-09-10T10:48:54+07:00,500,1017.996,PDOException,SQLSTATE[HY000] [1040] Too many connections
spike,2026-09-10T10:48:54+07:00,500,857.851,PDOException,SQLSTATE[HY000] [1040] Too many connections
spike,2026-09-10T10:48:54+07:00,500,870.737,PDOException,SQLSTATE[HY000] [1040] Too many connections
spike,2026-09-10T10:48:54+07:00,500,1021.008,PDOException,SQLSTATE[HY000] [1040] Too many connections
spike,2026-09-10T10:48:54+07:00,500,1041.491,PDOException,SQLSTATE[HY000] [1040] Too many connections
spike,2026-09-10T10:48:54+07:00,500,971.853,PDOException,SQLSTATE[HY000] [1040] Too many connections
spike,2026-09-10T10:48:54+07:00,500,976.716,PDOException,SQLSTATE[HY000] [1040] Too many connections
spike,2026-09-10T10:48:54+07:00,500,1113.111,PDOException,SQLSTATE[HY000] [1040] Too many connections
spike,2026-09-10T10:48:55+07:00,500,985.882,PDOException,SQLSTATE[HY000] [1040] Too many connections
spike,2026-09-10T10:48:55+07:00,500,1267.105,PDOException,SQLSTATE[HY000] [1040] Too many connections
spike,2026-09-10T10:48:55+07:00,500,1515.583,PDOException,SQLSTATE[HY000] [1040] Too many connections
spike,2026-09-10T10:48:55+07:00,500,1526.173,PDOException,SQLSTATE[HY000] [1040] Too many connections
spike,2026-09-10T10:48:55+07:00,500,1288.072,PDOException,SQLSTATE[HY000] [1040] Too many connections
spike,2026-09-10T10:48:55+07:00,500,1288.193,PDOException,SQLSTATE[HY000] [1040] Too many connections
spike,2026-09-10T10:48:55+07:00,500,1534.942,PDOException,SQLSTATE[HY000] [1040] Too many connections
spike,2026-09-10T10:48:55+07:00,500,1517.818,PDOException,SQLSTATE[HY000] [1040] Too many connections
spike,2026-09-10T10:48:55+07:00,500,1410.289,PDOException,SQLSTATE[HY000] [1040] Too many connections
spike,2026-09-10T10:48:55+07:00,500,1501.41,PDOException,SQLSTATE[HY000] [1040] Too many connections
spike,2026-09-10T10:48:55+07:00,500,1370.798,PDOException,SQLSTATE[HY000] [1040] Too many connections
spike,2026-09-10T10:48:55+07:00,500,1512.952,PDOException,SQLSTATE[HY000] [1040] Too many connections
spike,2026-09-10T10:48:55+07:00,500,1453.907,PDOException,SQLSTATE[HY000] [1040] Too many connections
spike,2026-09-10T10:48:56+07:00,500,1252.22,PDOException,SQLSTATE[HY000] [1040] Too many connections
spike,2026-09-10T10:48:56+07:00,500,1313.78,PDOException,SQLSTATE[HY000] [1040] Too many connections
spike,2026-09-10T10:48:56+07:00,500,1305.39,PDOException,SQLSTATE[HY000] [1040] Too many connections
spike,2026-09-10T10:48:56+07:00,500,1340.095,PDOException,SQLSTATE[HY000] [1040] Too many connections
spike,2026-09-10T10:48:56+07:00,500,1340.182,PDOException,SQLSTATE[HY000] [1040] Too many connections
spike,2026-09-10T10:48:56+07:00,500,1251.739,PDOException,SQLSTATE[HY000] [1040] Too many connections
spike,2026-09-10T10:48:56+07:00,500,1253.737,PDOException,SQLSTATE[HY000] [1040] Too many connections
spike,2026-09-10T10:48:56+07:00,500,1408.157,PDOException,SQLSTATE[HY000] [1040] Too many connections
spike,2026-09-10T10:48:56+07:00,500,1079.743,PDOException,SQLSTATE[HY000] [1040] Too many connections
spike,2026-09-10T10:48:56+07:00,500,1307.487,PDOException,SQLSTATE[HY000] [1040] Too many connections
spike,2026-09-10T10:48:56+07:00,500,1172.908,PDOException,SQLSTATE[HY000] [1040] Too many connections
spike,2026-09-10T10:48:56+07:00,500,1300.693,PDOException,SQLSTATE[HY000] [1040] Too many connections
spike,2026-09-10T10:48:56+07:00,500,1238.988,PDOException,SQLSTATE[HY000] [1040] Too many connections
spike,2026-09-10T10:48:56+07:00,500,1029.292,PDOException,SQLSTATE[HY000] [1040] Too many connections
spike,2026-09-10T10:48:56+07:00,500,1256.671,PDOException,SQLSTATE[HY000] [1040] Too many connections
spike,2026-09-10T10:48:56+07:00,500,987.228,PDOException,SQLSTATE[HY000] [1040] Too many connections
spike,2026-09-10T10:48:56+07:00,500,1029.37,PDOException,SQLSTATE[HY000] [1040] Too many connections
spike,2026-09-10T10:48:56+07:00,500,1022.695,PDOException,SQLSTATE[HY000] [1040] Too many connections
spike,2026-09-10T10:48:56+07:00,500,1054.242,PDOException,SQLSTATE[HY000] [1040] Too many connections
spike,2026-09-10T10:48:56+07:00,500,1066.312,PDOException,SQLSTATE[HY000] [1040] Too many connections
spike,2026-09-10T10:48:56+07:00,500,1082.613,PDOException,SQLSTATE[HY000] [1040] Too many connections
spike,2026-09-10T10:48:56+07:00,500,1124.95,PDOException,SQLSTATE[HY000] [1040] Too many connections
spike,2026-09-10T10:48:56+07:00,500,994.614,PDOException,SQLSTATE[HY000] [1040] Too many connections
spike,2026-09-10T10:48:56+07:00,500,969.744,PDOException,SQLSTATE[HY000] [1040] Too many connections
spike,2026-09-10T10:48:56+07:00,500,1021.484,PDOException,SQLSTATE[HY000] [1040] Too many connections
spike,2026-09-10T10:48:57+07:00,500,938.914,PDOException,SQLSTATE[HY000] [1040] Too many connections
spike,2026-09-10T10:48:57+07:00,500,1153.951,PDOException,SQLSTATE[HY000] [1040] Too many connections
spike,2026-09-10T10:48:57+07:00,500,941.753,PDOException,SQLSTATE[HY000] [1040] Too many connections
spike,2026-09-10T10:48:57+07:00,500,1041.828,PDOException,SQLSTATE[HY000] [1040] Too many connections
spike,2026-09-10T10:48:57+07:00,500,1033.882,PDOException,SQLSTATE[HY000] [1040] Too many connections
spike,2026-09-10T10:48:57+07:00,500,1048.682,PDOException,SQLSTATE[HY000] [1040] Too many connections
spike,2026-09-10T10:48:57+07:00,500,1037.293,PDOException,SQLSTATE[HY000] [1040] Too many connections
spike,2026-09-10T10:48:57+07:00,500,1061.986,PDOException,SQLSTATE[HY000] [1040] Too many connections
spike,2026-09-10T10:48:57+07:00,500,1068.157,PDOException,SQLSTATE[HY000] [1040] Too many connections
spike,2026-09-10T10:48:57+07:00,500,886.092,PDOException,SQLSTATE[HY000] [1040] Too many connections
spike,2026-09-10T10:48:57+07:00,500,1074.99,PDOException,SQLSTATE[HY000] [1040] Too many connections
spike,2026-09-10T10:48:57+07:00,500,1026.12,PDOException,SQLSTATE[HY000] [1040] Too many connections
spike,2026-09-10T10:48:57+07:00,500,924.536,PDOException,SQLSTATE[HY000] [1040] Too many connections
spike,2026-09-10T10:48:57+07:00,500,943.918,PDOException,SQLSTATE[HY000] [1040] Too many connections
spike,2026-09-10T10:48:57+07:00,500,1032.677,PDOException,SQLSTATE[HY000] [1040] Too many connections
spike,2026-09-10T10:48:57+07:00,500,1060.349,PDOException,SQLSTATE[HY000] [1040] Too many connections
spike,2026-09-10T10:48:57+07:00,500,1044.34,PDOException,SQLSTATE[HY000] [1040] Too many connections
spike,2026-09-10T10:48:57+07:00,500,1064.576,PDOException,SQLSTATE[HY000] [1040] Too many connections
spike,2026-09-10T10:48:57+07:00,500,1109.234,PDOException,SQLSTATE[HY000] [1040] Too many connections
spike,2026-09-10T10:48:58+07:00,500,1063.729,PDOException,SQLSTATE[HY000] [1040] Too many connections
spike,2026-09-10T10:48:58+07:00,500,913.863,PDOException,SQLSTATE[HY000] [1040] Too many connections
spike,2026-09-10T10:48:58+07:00,500,1188.375,PDOException,SQLSTATE[HY000] [1040] Too many connections
spike,2026-09-10T10:48:58+07:00,500,1126.892,PDOException,SQLSTATE[HY000] [1040] Too many connections
spike,2026-09-10T10:48:58+07:00,500,1144.526,PDOException,SQLSTATE[HY000] [1040] Too many connections
spike,2026-09-10T10:48:58+07:00,500,1173.309,PDOException,SQLSTATE[HY000] [1040] Too many connections
spike,2026-09-10T10:48:58+07:00,500,1117.543,PDOException,SQLSTATE[HY000] [1040] Too many connections
spike,2026-09-10T10:48:58+07:00,500,1084.072,PDOException,SQLSTATE[HY000] [1040] Too many connections
spike,2026-09-10T10:48:58+07:00,500,1096.499,PDOException,SQLSTATE[HY000] [1040] Too many connections
spike,2026-09-10T10:48:58+07:00,500,1208.747,PDOException,SQLSTATE[HY000] [1040] Too many connections
spike,2026-09-10T10:48:58+07:00,500,1135.956,PDOException,SQLSTATE[HY000] [1040] Too many connections
spike,2026-09-10T10:48:58+07:00,500,1139.69,PDOException,SQLSTATE[HY000] [1040] Too many connections
spike,2026-09-10T10:48:58+07:00,500,1236.218,PDOException,SQLSTATE[HY000] [1040] Too many connections
spike,2026-09-10T10:48:58+07:00,500,1162.442,PDOException,SQLSTATE[HY000] [1040] Too many connections
spike,2026-09-10T10:48:58+07:00,500,1022.954,PDOException,SQLSTATE[HY000] [1040] Too many connections
spike,2026-09-10T10:48:58+07:00,500,1073.231,PDOException,SQLSTATE[HY000] [1040] Too many connections
spike,2026-09-10T10:48:58+07:00,500,1066.491,PDOException,SQLSTATE[HY000] [1040] Too many connections
spike,2026-09-10T10:48:58+07:00,500,1267.07,PDOException,SQLSTATE[HY000] [1040] Too many connections
spike,2026-09-10T10:48:59+07:00,500,1175.751,PDOException,SQLSTATE[HY000] [1040] Too many connections
spike,2026-09-10T10:48:59+07:00,500,1047.691,PDOException,SQLSTATE[HY000] [1040] Too many connections
spike,2026-09-10T10:48:59+07:00,500,957.08,PDOException,SQLSTATE[08004] [1040] Too many connections
spike,2026-09-10T10:48:59+07:00,500,931.222,PDOException,SQLSTATE[HY000] [1040] Too many connections
spike,2026-09-10T10:48:59+07:00,500,1085.132,PDOException,SQLSTATE[HY000] [1040] Too many connections
spike,2026-09-10T10:48:59+07:00,500,1019.437,PDOException,SQLSTATE[HY000] [1040] Too many connections
spike,2026-09-10T10:48:59+07:00,500,941.219,PDOException,SQLSTATE[HY000] [1040] Too many connections
spike,2026-09-10T10:48:59+07:00,500,1164.42,PDOException,SQLSTATE[HY000] [1040] Too many connections
spike,2026-09-10T10:48:59+07:00,500,1132.146,PDOException,SQLSTATE[HY000] [1040] Too many connections
spike,2026-09-10T10:48:59+07:00,500,875.462,PDOException,SQLSTATE[HY000] [1040] Too many connections
spike,2026-09-10T10:48:59+07:00,500,1131.978,PDOException,SQLSTATE[08004] [1040] Too many connections
spike,2026-09-10T10:48:59+07:00,500,1184.643,PDOException,SQLSTATE[HY000] [1040] Too many connections
spike,2026-09-10T10:48:59+07:00,500,1046.844,PDOException,SQLSTATE[HY000] [1040] Too many connections
spike,2026-09-10T10:48:59+07:00,500,1005.888,PDOException,SQLSTATE[HY000] [1040] Too many connections
spike,2026-09-10T10:48:59+07:00,500,997.247,PDOException,SQLSTATE[HY000] [1040] Too many connections
spike,2026-09-10T10:48:59+07:00,500,890.982,PDOException,SQLSTATE[HY000] [1040] Too many connections
spike,2026-09-10T10:48:59+07:00,500,1208.628,PDOException,SQLSTATE[08004] [1040] Too many connections
spike,2026-09-10T10:48:59+07:00,500,1002.554,PDOException,SQLSTATE[HY000] [1040] Too many connections
spike,2026-09-10T10:48:59+07:00,500,1044.767,PDOException,SQLSTATE[HY000] [1040] Too many connections
spike,2026-09-10T10:48:59+07:00,500,1205.082,PDOException,SQLSTATE[HY000] [1040] Too many connections
spike,2026-09-10T10:48:59+07:00,500,1044.73,PDOException,SQLSTATE[HY000] [1040] Too many connections
spike,2026-09-10T10:49:00+07:00,500,1111.089,PDOException,SQLSTATE[HY000] [1040] Too many connections
spike,2026-09-10T10:49:00+07:00,500,1113.659,PDOException,SQLSTATE[HY000] [1040] Too many connections
spike,2026-09-10T10:49:00+07:00,500,1142.51,PDOException,SQLSTATE[HY000] [1040] Too many connections
spike,2026-09-10T10:49:00+07:00,500,1416.121,PDOException,SQLSTATE[HY000] [1040] Too many connections
spike,2026-09-10T10:49:00+07:00,500,1247.01,PDOException,SQLSTATE[HY000] [1040] Too many connections
spike,2026-09-10T10:49:00+07:00,500,1197.731,PDOException,SQLSTATE[HY000] [1040] Too many connections
spike,2026-09-10T10:49:00+07:00,500,1261.711,PDOException,SQLSTATE[HY000] [1040] Too many connections
spike,2026-09-10T10:49:00+07:00,500,1131.149,PDOException,SQLSTATE[HY000] [1040] Too many connections
spike,2026-09-10T10:49:00+07:00,500,1171.928,PDOException,SQLSTATE[HY000] [1040] Too many connections
spike,2026-09-10T10:49:00+07:00,500,1286.345,PDOException,SQLSTATE[HY000] [1040] Too many connections
spike,2026-09-10T10:49:00+07:00,500,1166.769,PDOException,SQLSTATE[HY000] [1040] Too many connections
spike,2026-09-10T10:49:00+07:00,500,1185.505,PDOException,SQLSTATE[HY000] [1040] Too many connections
spike,2026-09-10T10:49:00+07:00,500,1518.107,PDOException,SQLSTATE[HY000] [1040] Too many connections
spike,2026-09-10T10:49:00+07:00,500,1275.053,PDOException,SQLSTATE[HY000] [1040] Too many connections
spike,2026-09-10T10:49:00+07:00,500,1201.056,PDOException,SQLSTATE[HY000] [1040] Too many connections
spike,2026-09-10T10:49:00+07:00,500,1260.731,PDOException,SQLSTATE[HY000] [1040] Too many connections
spike,2026-09-10T10:49:00+07:00,500,1254.16,PDOException,SQLSTATE[HY000] [1040] Too many connections
spike,2026-09-10T10:49:00+07:00,500,1256.721,PDOException,SQLSTATE[HY000] [1040] Too many connections
spike,2026-09-10T10:49:00+07:00,500,1183.746,PDOException,SQLSTATE[HY000] [1040] Too many connections
spike,2026-09-10T10:49:00+07:00,500,1365.567,PDOException,SQLSTATE[HY000] [1040] Too many connections
spike,2026-09-10T10:49:00+07:00,500,1175.262,PDOException,SQLSTATE[HY000] [1040] Too many connections
spike,2026-09-10T10:49:00+07:00,500,1173.698,PDOException,SQLSTATE[HY000] [1040] Too many connections
spike,2026-09-10T10:49:00+07:00,500,1195.248,PDOException,SQLSTATE[HY000] [1040] Too many connections
spike,2026-09-10T10:49:00+07:00,500,1156.473,PDOException,SQLSTATE[HY000] [1040] Too many connections
spike,2026-09-10T10:49:00+07:00,500,1169.759,PDOException,SQLSTATE[HY000] [1040] Too many connections
spike,2026-09-10T10:49:00+07:00,500,1213.432,PDOException,SQLSTATE[HY000] [1040] Too many connections
spike,2026-09-10T10:49:00+07:00,500,1279.254,PDOException,SQLSTATE[HY000] [1040] Too many connections
spike,2026-09-10T10:49:00+07:00,500,1236.786,PDOException,SQLSTATE[HY000] [1040] Too many connections
spike,2026-09-10T10:49:01+07:00,500,1448.683,PDOException,SQLSTATE[HY000] [1040] Too many connections
spike,2026-09-10T10:49:01+07:00,500,1228.233,PDOException,SQLSTATE[HY000] [1040] Too many connections
spike,2026-09-10T10:49:01+07:00,500,1404.741,PDOException,SQLSTATE[HY000] [1040] Too many connections
spike,2026-09-10T10:49:01+07:00,500,1390.151,PDOException,SQLSTATE[HY000] [1040] Too many connections
spike,2026-09-10T10:49:01+07:00,500,1392.078,PDOException,SQLSTATE[HY000] [1040] Too many connections
spike,2026-09-10T10:49:01+07:00,500,1400.707,PDOException,SQLSTATE[HY000] [1040] Too many connections
spike,2026-09-10T10:49:01+07:00,500,1564.438,PDOException,SQLSTATE[HY000] [1040] Too many connections
spike,2026-09-10T10:49:02+07:00,500,1557.381,PDOException,SQLSTATE[HY000] [1040] Too many connections
spike,2026-09-10T10:49:02+07:00,500,1976.597,PDOException,SQLSTATE[HY000] [1040] Too many connections
spike,2026-09-10T10:49:02+07:00,500,1963.308,PDOException,SQLSTATE[HY000] [1040] Too many connections
spike,2026-09-10T10:49:02+07:00,500,1750.519,PDOException,SQLSTATE[HY000] [1040] Too many connections
spike,2026-09-10T10:49:02+07:00,500,1750.541,PDOException,SQLSTATE[HY000] [1040] Too many connections
spike,2026-09-10T10:49:02+07:00,500,2041.815,PDOException,SQLSTATE[HY000] [1040] Too many connections
spike,2026-09-10T10:49:02+07:00,500,1599.988,PDOException,SQLSTATE[HY000] [1040] Too many connections
spike,2026-09-10T10:49:02+07:00,500,1862.589,PDOException,SQLSTATE[HY000] [1040] Too many connections
spike,2026-09-10T10:49:02+07:00,500,1733.435,PDOException,SQLSTATE[HY000] [1040] Too many connections
spike,2026-09-10T10:49:02+07:00,500,1988.774,PDOException,SQLSTATE[HY000] [1040] Too many connections
spike,2026-09-10T10:49:02+07:00,500,1581.393,PDOException,SQLSTATE[HY000] [1040] Too many connections
spike,2026-09-10T10:49:02+07:00,500,1762.581,PDOException,SQLSTATE[HY000] [1040] Too many connections
spike,2026-09-10T10:49:02+07:00,500,1613.723,PDOException,SQLSTATE[HY000] [1040] Too many connections
spike,2026-09-10T10:49:02+07:00,500,1616.904,PDOException,SQLSTATE[HY000] [1040] Too many connections
spike,2026-09-10T10:49:02+07:00,500,1556.017,PDOException,SQLSTATE[HY000] [1040] Too many connections
spike,2026-09-10T10:49:02+07:00,500,1701.166,PDOException,SQLSTATE[HY000] [1040] Too many connections
spike,2026-09-10T10:49:02+07:00,500,1663.438,PDOException,SQLSTATE[HY000] [1040] Too many connections
spike,2026-09-10T10:49:02+07:00,500,1744.317,PDOException,SQLSTATE[HY000] [1040] Too many connections
spike,2026-09-10T10:49:03+07:00,500,1526.869,PDOException,SQLSTATE[08004] [1040] Too many connections
spike,2026-09-10T10:49:03+07:00,500,1388.373,PDOException,SQLSTATE[HY000] [1040] Too many connections
spike,2026-09-10T10:49:03+07:00,500,1241.554,PDOException,SQLSTATE[HY000] [1040] Too many connections
spike,2026-09-10T10:49:03+07:00,500,1313.994,PDOException,SQLSTATE[HY000] [1040] Too many connections
spike,2026-09-10T10:49:03+07:00,500,1303.776,PDOException,SQLSTATE[HY000] [1040] Too many connections
spike,2026-09-10T10:49:03+07:00,500,1442.192,PDOException,SQLSTATE[HY000] [1040] Too many connections
spike,2026-09-10T10:49:03+07:00,500,1318.3,PDOException,SQLSTATE[HY000] [1040] Too many connections
spike,2026-09-10T10:49:03+07:00,500,1295.485,PDOException,SQLSTATE[HY000] [1040] Too many connections
spike,2026-09-10T10:49:03+07:00,500,1144.153,PDOException,SQLSTATE[HY000] [1040] Too many connections
spike,2026-09-10T10:49:03+07:00,500,1141.021,PDOException,SQLSTATE[HY000] [1040] Too many connections
spike,2026-09-10T10:49:03+07:00,500,1015.486,PDOException,SQLSTATE[HY000] [1040] Too many connections
spike,2026-09-10T10:49:03+07:00,500,1015.969,PDOException,SQLSTATE[HY000] [1040] Too many connections
spike,2026-09-10T10:49:03+07:00,500,1015.621,PDOException,SQLSTATE[HY000] [1040] Too many connections
spike,2026-09-10T10:49:03+07:00,500,1170.572,PDOException,SQLSTATE[HY000] [1040] Too many connections
spike,2026-09-10T10:49:03+07:00,500,1229.677,PDOException,SQLSTATE[HY000] [1040] Too many connections
spike,2026-09-10T10:49:03+07:00,500,1150.359,PDOException,SQLSTATE[HY000] [1040] Too many connections
spike,2026-09-10T10:49:03+07:00,500,1067.583,PDOException,SQLSTATE[HY000] [1040] Too many connections
spike,2026-09-10T10:49:03+07:00,500,1167.916,PDOException,SQLSTATE[HY000] [1040] Too many connections
spike,2026-09-10T10:49:03+07:00,500,984.279,PDOException,SQLSTATE[08004] [1040] Too many connections
spike,2026-09-10T10:49:03+07:00,500,1220.104,PDOException,SQLSTATE[HY000] [1040] Too many connections
spike,2026-09-10T10:49:03+07:00,500,1246.613,PDOException,SQLSTATE[08004] [1040] Too many connections
spike,2026-09-10T10:49:03+07:00,500,1041.909,PDOException,SQLSTATE[08004] [1040] Too many connections
spike,2026-09-10T10:49:03+07:00,500,1066.456,PDOException,SQLSTATE[08004] [1040] Too many connections
spike,2026-09-10T10:49:03+07:00,500,1101.987,PDOException,SQLSTATE[HY000] [1040] Too many connections
spike,2026-09-10T10:49:03+07:00,500,1118.224,PDOException,SQLSTATE[HY000] [1040] Too many connections
spike,2026-09-10T10:49:03+07:00,500,1201.905,PDOException,SQLSTATE[08004] [1040] Too many connections
spike,2026-09-10T10:49:03+07:00,500,1049.1,PDOException,SQLSTATE[HY000] [1040] Too many connections
spike,2026-09-10T10:49:04+07:00,500,1277.51,PDOException,SQLSTATE[HY000] [1040] Too many connections
spike,2026-09-10T10:49:04+07:00,500,1367.238,PDOException,SQLSTATE[HY000] [1040] Too many connections
spike,2026-09-10T10:49:04+07:00,500,1155.354,PDOException,SQLSTATE[HY000] [1040] Too many connections
spike,2026-09-10T10:49:04+07:00,500,958.404,PDOException,SQLSTATE[HY000] [1040] Too many connections
spike,2026-09-10T10:49:04+07:00,500,1471.38,PDOException,SQLSTATE[HY000] [1040] Too many connections
spike,2026-09-10T10:49:04+07:00,500,956.414,PDOException,SQLSTATE[HY000] [1040] Too many connections
spike,2026-09-10T10:49:04+07:00,500,1453.076,PDOException,SQLSTATE[HY000] [1040] Too many connections
spike,2026-09-10T10:49:04+07:00,500,1256.822,PDOException,SQLSTATE[HY000] [1040] Too many connections
spike,2026-09-10T10:49:04+07:00,500,1043.199,PDOException,SQLSTATE[HY000] [1040] Too many connections
spike,2026-09-10T10:49:04+07:00,500,1003.909,PDOException,SQLSTATE[HY000] [1040] Too many connections
spike,2026-09-10T10:49:04+07:00,500,1056.078,PDOException,SQLSTATE[HY000] [1040] Too many connections
spike,2026-09-10T10:49:04+07:00,500,1050.572,PDOException,SQLSTATE[HY000] [1040] Too many connections
spike,2026-09-10T10:49:04+07:00,500,1050.767,PDOException,SQLSTATE[08004] [1040] Too many connections
spike,2026-09-10T10:49:04+07:00,500,1231.975,PDOException,SQLSTATE[HY000] [1040] Too many connections
spike,2026-09-10T10:49:04+07:00,500,1052.344,PDOException,SQLSTATE[HY000] [1040] Too many connections
spike,2026-09-10T10:49:04+07:00,500,1111.071,PDOException,SQLSTATE[HY000] [1040] Too many connections
spike,2026-09-10T10:49:04+07:00,500,1112.34,PDOException,SQLSTATE[HY000] [1040] Too many connections
spike,2026-09-10T10:49:04+07:00,500,908.3,PDOException,SQLSTATE[HY000] [1040] Too many connections
spike,2026-09-10T10:49:04+07:00,500,1083.055,PDOException,SQLSTATE[HY000] [1040] Too many connections
spike,2026-09-10T10:49:04+07:00,500,1231.838,PDOException,SQLSTATE[HY000] [1040] Too many connections
spike,2026-09-10T10:49:04+07:00,500,1054.164,PDOException,SQLSTATE[HY000] [1040] Too many connections
spike,2026-09-10T10:49:04+07:00,500,1028.953,PDOException,SQLSTATE[HY000] [1040] Too many connections
spike,2026-09-10T10:49:05+07:00,500,1064.827,PDOException,SQLSTATE[08004] [1040] Too many connections
spike,2026-09-10T10:49:05+07:00,500,1027.002,PDOException,SQLSTATE[HY000] [1040] Too many connections
spike,2026-09-10T10:49:05+07:00,500,1084.77,PDOException,SQLSTATE[HY000] [1040] Too many connections
spike,2026-09-10T10:49:05+07:00,500,1049.227,PDOException,SQLSTATE[HY000] [1040] Too many connections
spike,2026-09-10T10:49:05+07:00,500,1055.235,PDOException,SQLSTATE[HY000] [1040] Too many connections
spike,2026-09-10T10:49:05+07:00,500,1106.155,PDOException,SQLSTATE[HY000] [1040] Too many connections
spike,2026-09-10T10:49:05+07:00,500,1257.444,PDOException,SQLSTATE[HY000] [1040] Too many connections
spike,2026-09-10T10:49:05+07:00,500,855.043,PDOException,SQLSTATE[HY000] [1040] Too many connections
spike,2026-09-10T10:49:05+07:00,500,1231.941,PDOException,SQLSTATE[HY000] [1040] Too many connections
spike,2026-09-10T10:49:05+07:00,500,1056.078,PDOException,SQLSTATE[HY000] [1040] Too many connections
spike,2026-09-10T10:49:05+07:00,500,991.409,PDOException,SQLSTATE[HY000] [1040] Too many connections
spike,2026-09-10T10:49:05+07:00,500,1203.734,PDOException,SQLSTATE[HY000] [1040] Too many connections
spike,2026-09-10T10:49:05+07:00,500,851.434,PDOException,SQLSTATE[HY000] [1040] Too many connections
spike,2026-09-10T10:49:05+07:00,500,1017.838,PDOException,SQLSTATE[HY000] [1040] Too many connections
spike,2026-09-10T10:49:05+07:00,500,1215.738,PDOException,SQLSTATE[HY000] [1040] Too many connections
spike,2026-09-10T10:49:05+07:00,500,1010.901,PDOException,SQLSTATE[HY000] [1040] Too many connections
spike,2026-09-10T10:49:05+07:00,500,990.318,PDOException,SQLSTATE[08004] [1040] Too many connections
spike,2026-09-10T10:49:05+07:00,500,1102.816,PDOException,SQLSTATE[HY000] [1040] Too many connections
spike,2026-09-10T10:49:05+07:00,500,1137.361,PDOException,SQLSTATE[08004] [1040] Too many connections
spike,2026-09-10T10:49:05+07:00,500,1043.524,PDOException,SQLSTATE[HY000] [1040] Too many connections
spike,2026-09-10T10:49:05+07:00,500,1104.222,PDOException,SQLSTATE[HY000] [1040] Too many connections
spike,2026-09-10T10:49:05+07:00,500,1046.282,PDOException,SQLSTATE[08004] [1040] Too many connections
spike,2026-09-10T10:49:06+07:00,500,1308.103,PDOException,SQLSTATE[HY000] [1040] Too many connections
spike,2026-09-10T10:49:06+07:00,500,1347.96,PDOException,SQLSTATE[HY000] [1040] Too many connections
spike,2026-09-10T10:49:06+07:00,500,1103.158,PDOException,SQLSTATE[HY000] [1040] Too many connections
spike,2026-09-10T10:49:06+07:00,500,1115.881,PDOException,SQLSTATE[HY000] [1040] Too many connections
spike,2026-09-10T10:49:06+07:00,500,1105.377,PDOException,SQLSTATE[HY000] [1040] Too many connections
spike,2026-09-10T10:49:06+07:00,500,1370.977,PDOException,SQLSTATE[HY000] [1040] Too many connections
spike,2026-09-10T10:49:06+07:00,500,1120.495,PDOException,SQLSTATE[HY000] [1040] Too many connections
spike,2026-09-10T10:49:06+07:00,500,1112.128,PDOException,SQLSTATE[HY000] [1040] Too many connections
spike,2026-09-10T10:49:06+07:00,500,1334.746,PDOException,SQLSTATE[HY000] [1040] Too many connections
spike,2026-09-10T10:49:06+07:00,500,1106.097,PDOException,SQLSTATE[HY000] [1040] Too many connections
spike,2026-09-10T10:49:06+07:00,500,1135.292,PDOException,SQLSTATE[HY000] [1040] Too many connections
spike,2026-09-10T10:49:06+07:00,500,1166.034,PDOException,SQLSTATE[HY000] [1040] Too many connections
spike,2026-09-10T10:49:06+07:00,500,1511.076,PDOException,SQLSTATE[HY000] [1040] Too many connections
spike,2026-09-10T10:49:06+07:00,500,1473.575,PDOException,SQLSTATE[HY000] [1040] Too many connections
spike,2026-09-10T10:49:06+07:00,500,999.754,PDOException,SQLSTATE[HY000] [1040] Too many connections
spike,2026-09-10T10:49:06+07:00,500,1165.8,PDOException,SQLSTATE[HY000] [1040] Too many connections
spike,2026-09-10T10:49:06+07:00,500,1191.289,PDOException,SQLSTATE[HY000] [1040] Too many connections
spike,2026-09-10T10:49:06+07:00,500,1012.774,PDOException,SQLSTATE[HY000] [1040] Too many connections
spike,2026-09-10T10:49:06+07:00,500,1020.231,PDOException,SQLSTATE[HY000] [1040] Too many connections
spike,2026-09-10T10:49:06+07:00,500,1060.525,PDOException,SQLSTATE[HY000] [1040] Too many connections
spike,2026-09-10T10:49:06+07:00,500,1047.788,PDOException,SQLSTATE[HY000] [1040] Too many connections
spike,2026-09-10T10:49:06+07:00,500,986.347,PDOException,SQLSTATE[HY000] [1040] Too many connections
spike,2026-09-10T10:49:06+07:00,500,1063.707,PDOException,SQLSTATE[HY000] [1040] Too many connections
spike,2026-09-10T10:49:07+07:00,500,1150.862,PDOException,SQLSTATE[HY000] [1040] Too many connections
spike,2026-09-10T10:49:07+07:00,500,1146.009,PDOException,SQLSTATE[HY000] [1040] Too many connections
spike,2026-09-10T10:49:07+07:00,500,1057.485,PDOException,SQLSTATE[HY000] [1040] Too many connections
spike,2026-09-10T10:49:07+07:00,500,941.034,PDOException,SQLSTATE[HY000] [1040] Too many connections
spike,2026-09-10T10:49:07+07:00,500,725.263,PDOException,SQLSTATE[08004] [1040] Too many connections
spike,2026-09-10T10:49:07+07:00,500,725.094,PDOException,SQLSTATE[HY000] [1040] Too many connections
spike,2026-09-10T10:49:07+07:00,500,939.955,PDOException,SQLSTATE[HY000] [1040] Too many connections
spike,2026-09-10T10:49:07+07:00,500,856.337,PDOException,SQLSTATE[HY000] [1040] Too many connections
spike,2026-09-10T10:49:07+07:00,500,772.47,PDOException,SQLSTATE[HY000] [1040] Too many connections
spike,2026-09-10T10:49:07+07:00,500,762.635,PDOException,SQLSTATE[HY000] [1040] Too many connections
spike,2026-09-10T10:49:07+07:00,500,988.546,PDOException,SQLSTATE[HY000] [1040] Too many connections
spike,2026-09-10T10:49:07+07:00,500,751.925,PDOException,SQLSTATE[HY000] [1040] Too many connections
spike,2026-09-10T10:49:07+07:00,500,874.843,PDOException,SQLSTATE[HY000] [1040] Too many connections
spike,2026-09-10T10:49:07+07:00,500,876.265,PDOException,SQLSTATE[HY000] [1040] Too many connections
spike,2026-09-10T10:49:07+07:00,500,966.186,PDOException,SQLSTATE[08004] [1040] Too many connections
spike,2026-09-10T10:49:07+07:00,500,960.609,PDOException,SQLSTATE[08004] [1040] Too many connections
spike,2026-09-10T10:49:07+07:00,500,1033.219,PDOException,SQLSTATE[HY000] [1040] Too many connections
spike,2026-09-10T10:49:07+07:00,500,1035.175,PDOException,SQLSTATE[HY000] [1040] Too many connections
spike,2026-09-10T10:49:07+07:00,500,1033.718,PDOException,SQLSTATE[08004] [1040] Too many connections
spike,2026-09-10T10:49:07+07:00,500,1208.059,PDOException,SQLSTATE[HY000] [1040] Too many connections
spike,2026-09-10T10:49:07+07:00,500,1039.241,PDOException,SQLSTATE[HY000] [1040] Too many connections
spike,2026-09-10T10:49:07+07:00,500,900.659,PDOException,SQLSTATE[HY000] [1040] Too many connections
spike,2026-09-10T10:49:07+07:00,500,996.854,PDOException,SQLSTATE[08004] [1040] Too many connections
spike,2026-09-10T10:49:08+07:00,500,1315.098,PDOException,SQLSTATE[HY000] [1040] Too many connections
spike,2026-09-10T10:49:08+07:00,500,1272.932,PDOException,SQLSTATE[HY000] [1040] Too many connections
spike,2026-09-10T10:49:08+07:00,500,1287.598,PDOException,SQLSTATE[HY000] [1040] Too many connections
spike,2026-09-10T10:49:08+07:00,500,1532.602,PDOException,SQLSTATE[HY000] [1040] Too many connections
spike,2026-09-10T10:49:08+07:00,500,1465.973,PDOException,SQLSTATE[HY000] [1040] Too many connections
spike,2026-09-10T10:49:08+07:00,500,1335.186,PDOException,SQLSTATE[HY000] [1040] Too many connections
spike,2026-09-10T10:49:08+07:00,500,1288.226,PDOException,SQLSTATE[HY000] [1040] Too many connections
spike,2026-09-10T10:49:08+07:00,500,1272.639,PDOException,SQLSTATE[HY000] [1040] Too many connections
spike,2026-09-10T10:49:08+07:00,500,1292.458,PDOException,SQLSTATE[HY000] [1040] Too many connections
spike,2026-09-10T10:49:08+07:00,500,1311.386,PDOException,SQLSTATE[HY000] [1040] Too many connections
spike,2026-09-10T10:49:08+07:00,500,1103.54,PDOException,SQLSTATE[HY000] [1040] Too many connections
spike,2026-09-10T10:49:08+07:00,500,1390.453,PDOException,SQLSTATE[HY000] [1040] Too many connections
spike,2026-09-10T10:49:08+07:00,500,1354.661,PDOException,SQLSTATE[HY000] [1040] Too many connections
spike,2026-09-10T10:49:08+07:00,500,1146.312,PDOException,SQLSTATE[HY000] [1040] Too many connections
spike,2026-09-10T10:49:08+07:00,500,1152.569,PDOException,SQLSTATE[HY000] [1040] Too many connections
spike,2026-09-10T10:49:08+07:00,500,1146.387,PDOException,SQLSTATE[HY000] [1040] Too many connections
spike,2026-09-10T10:49:09+07:00,500,1378.397,PDOException,SQLSTATE[HY000] [1040] Too many connections
spike,2026-09-10T10:49:09+07:00,500,1497.526,PDOException,SQLSTATE[HY000] [1040] Too many connections
spike,2026-09-10T10:49:09+07:00,500,1167.194,PDOException,SQLSTATE[HY000] [1040] Too many connections
spike,2026-09-10T10:49:09+07:00,500,1308.886,PDOException,SQLSTATE[HY000] [1040] Too many connections
spike,2026-09-10T10:49:09+07:00,500,1218.54,PDOException,SQLSTATE[HY000] [1040] Too many connections
spike,2026-09-10T10:49:09+07:00,500,1195.859,PDOException,SQLSTATE[HY000] [1040] Too many connections
spike,2026-09-10T10:49:09+07:00,500,1458.38,PDOException,SQLSTATE[HY000] [1040] Too many connections
spike,2026-09-10T10:49:09+07:00,500,1326.015,PDOException,SQLSTATE[HY000] [1040] Too many connections
spike,2026-09-10T10:49:09+07:00,500,1414.302,PDOException,SQLSTATE[HY000] [1040] Too many connections
spike,2026-09-10T10:49:09+07:00,500,1414.575,PDOException,SQLSTATE[HY000] [1040] Too many connections
spike,2026-09-10T10:49:09+07:00,500,1337.018,PDOException,SQLSTATE[HY000] [1040] Too many connections
spike,2026-09-10T10:49:09+07:00,500,1311.449,PDOException,SQLSTATE[HY000] [1040] Too many connections
spike,2026-09-10T10:49:09+07:00,500,1117.205,PDOException,SQLSTATE[HY000] [1040] Too many connections
spike,2026-09-10T10:49:09+07:00,500,1131.713,PDOException,SQLSTATE[HY000] [1040] Too many connections
spike,2026-09-10T10:49:09+07:00,500,1112.712,PDOException,SQLSTATE[HY000] [1040] Too many connections
spike,2026-09-10T10:49:09+07:00,500,1029.317,PDOException,SQLSTATE[HY000] [1040] Too many connections
spike,2026-09-10T10:49:09+07:00,500,1211.632,PDOException,SQLSTATE[HY000] [1040] Too many connections
spike,2026-09-10T10:49:09+07:00,500,1151.307,PDOException,SQLSTATE[HY000] [1040] Too many connections
spike,2026-09-10T10:49:10+07:00,500,1114.881,PDOException,SQLSTATE[HY000] [1040] Too many connections
spike,2026-09-10T10:49:10+07:00,500,1306.384,PDOException,SQLSTATE[HY000] [1040] Too many connections
spike,2026-09-10T10:49:10+07:00,500,1375.948,PDOException,SQLSTATE[HY000] [1040] Too many connections
spike,2026-09-10T10:49:10+07:00,500,1215.266,PDOException,SQLSTATE[HY000] [1040] Too many connections
spike,2026-09-10T10:49:10+07:00,500,1217.755,PDOException,SQLSTATE[HY000] [1040] Too many connections
spike,2026-09-10T10:49:10+07:00,500,1448.392,PDOException,SQLSTATE[HY000] [1040] Too many connections
spike,2026-09-10T10:49:10+07:00,500,1386.043,PDOException,SQLSTATE[HY000] [1040] Too many connections
spike,2026-09-10T10:49:10+07:00,500,1387.541,PDOException,SQLSTATE[HY000] [1040] Too many connections
spike,2026-09-10T10:49:10+07:00,500,1287.956,PDOException,SQLSTATE[HY000] [1040] Too many connections
spike,2026-09-10T10:49:10+07:00,500,1575.231,PDOException,SQLSTATE[HY000] [1040] Too many connections
spike,2026-09-10T10:49:11+07:00,500,1434.819,PDOException,SQLSTATE[HY000] [1040] Too many connections
spike,2026-09-10T10:49:11+07:00,500,1223.387,PDOException,SQLSTATE[HY000] [1040] Too many connections
spike,2026-09-10T10:49:11+07:00,500,1273.476,PDOException,SQLSTATE[HY000] [1040] Too many connections
spike,2026-09-10T10:49:11+07:00,500,1545.98,PDOException,SQLSTATE[HY000] [1040] Too many connections
spike,2026-09-10T10:49:11+07:00,500,1223.452,PDOException,SQLSTATE[HY000] [1040] Too many connections
spike,2026-09-10T10:49:11+07:00,500,1462.218,PDOException,SQLSTATE[HY000] [1040] Too many connections
spike,2026-09-10T10:49:11+07:00,500,1295.586,PDOException,SQLSTATE[HY000] [1040] Too many connections
spike,2026-09-10T10:49:11+07:00,500,1113.829,PDOException,SQLSTATE[HY000] [1040] Too many connections
spike,2026-09-10T10:49:11+07:00,500,1409.88,PDOException,SQLSTATE[HY000] [1040] Too many connections
spike,2026-09-10T10:49:11+07:00,500,1198.361,PDOException,SQLSTATE[HY000] [1040] Too many connections
spike,2026-09-10T10:49:11+07:00,500,1413.986,PDOException,SQLSTATE[HY000] [1040] Too many connections
spike,2026-09-10T10:49:11+07:00,500,849.697,PDOException,SQLSTATE[HY000] [1040] Too many connections
spike,2026-09-10T10:49:11+07:00,500,1178.858,PDOException,SQLSTATE[HY000] [1040] Too many connections
spike,2026-09-10T10:49:11+07:00,500,1127.837,PDOException,SQLSTATE[HY000] [1040] Too many connections
spike,2026-09-10T10:49:11+07:00,500,880.603,PDOException,SQLSTATE[HY000] [1040] Too many connections
spike,2026-09-10T10:49:11+07:00,500,883.688,PDOException,SQLSTATE[HY000] [1040] Too many connections
spike,2026-09-10T10:49:11+07:00,500,1094.713,PDOException,SQLSTATE[HY000] [1040] Too many connections
spike,2026-09-10T10:49:11+07:00,500,992.649,PDOException,SQLSTATE[HY000] [1040] Too many connections
spike,2026-09-10T10:49:11+07:00,500,869.474,PDOException,SQLSTATE[HY000] [1040] Too many connections
spike,2026-09-10T10:49:11+07:00,500,1127.032,PDOException,SQLSTATE[HY000] [1040] Too many connections
spike,2026-09-10T10:49:11+07:00,500,1071.401,PDOException,SQLSTATE[HY000] [1040] Too many connections
spike,2026-09-10T10:49:11+07:00,500,915.716,PDOException,SQLSTATE[08004] [1040] Too many connections
spike,2026-09-10T10:49:11+07:00,500,870.812,PDOException,SQLSTATE[HY000] [1040] Too many connections
spike,2026-09-10T10:49:11+07:00,500,884.397,PDOException,SQLSTATE[HY000] [1040] Too many connections
spike,2026-09-10T10:49:11+07:00,500,885.997,PDOException,SQLSTATE[HY000] [1040] Too many connections
spike,2026-09-10T10:49:11+07:00,500,1140.672,PDOException,SQLSTATE[HY000] [1040] Too many connections
spike,2026-09-10T10:49:12+07:00,500,1080.153,PDOException,SQLSTATE[HY000] [1040] Too many connections
spike,2026-09-10T10:49:12+07:00,500,1009.347,PDOException,SQLSTATE[HY000] [1040] Too many connections
spike,2026-09-10T10:49:12+07:00,500,931.896,PDOException,SQLSTATE[HY000] [1040] Too many connections
spike,2026-09-10T10:49:12+07:00,500,1020.876,PDOException,SQLSTATE[HY000] [1040] Too many connections
spike,2026-09-10T10:49:12+07:00,500,1026.521,PDOException,SQLSTATE[HY000] [1040] Too many connections
spike,2026-09-10T10:49:12+07:00,500,961.485,PDOException,SQLSTATE[HY000] [1040] Too many connections
spike,2026-09-10T10:49:12+07:00,500,1098.262,PDOException,SQLSTATE[HY000] [1040] Too many connections
spike,2026-09-10T10:49:12+07:00,500,987.34,PDOException,SQLSTATE[HY000] [1040] Too many connections
spike,2026-09-10T10:49:13+07:00,500,1506.187,PDOException,SQLSTATE[HY000] [1040] Too many connections
spike,2026-09-10T10:49:13+07:00,500,1524.304,PDOException,SQLSTATE[HY000] [1040] Too many connections
spike,2026-09-10T10:49:13+07:00,500,1487.46,PDOException,SQLSTATE[HY000] [1040] Too many connections
spike,2026-09-10T10:49:13+07:00,500,1668.087,PDOException,SQLSTATE[HY000] [1040] Too many connections
spike,2026-09-10T10:49:13+07:00,500,1456.934,PDOException,SQLSTATE[HY000] [1040] Too many connections
spike,2026-09-10T10:49:13+07:00,500,1651.973,PDOException,SQLSTATE[HY000] [1040] Too many connections
spike,2026-09-10T10:49:13+07:00,500,1437.494,PDOException,SQLSTATE[HY000] [1040] Too many connections
spike,2026-09-10T10:49:13+07:00,500,1475.806,PDOException,SQLSTATE[HY000] [1040] Too many connections
spike,2026-09-10T10:49:13+07:00,500,1904.627,PDOException,SQLSTATE[HY000] [1040] Too many connections
spike,2026-09-10T10:49:13+07:00,500,1442.949,PDOException,SQLSTATE[HY000] [1040] Too many connections
spike,2026-09-10T10:49:13+07:00,500,1649.674,PDOException,SQLSTATE[HY000] [1040] Too many connections
spike,2026-09-10T10:49:13+07:00,500,1729.293,PDOException,SQLSTATE[HY000] [1040] Too many connections
spike,2026-09-10T10:49:13+07:00,500,1728.724,PDOException,SQLSTATE[HY000] [1040] Too many connections
spike,2026-09-10T10:49:13+07:00,500,1639.567,PDOException,SQLSTATE[HY000] [1040] Too many connections
spike,2026-09-10T10:49:13+07:00,500,1764.89,PDOException,SQLSTATE[HY000] [1040] Too many connections
spike,2026-09-10T10:49:13+07:00,500,1735.611,PDOException,SQLSTATE[HY000] [1040] Too many connections
spike,2026-09-10T10:49:13+07:00,500,1706.616,PDOException,SQLSTATE[HY000] [1040] Too many connections
spike,2026-09-10T10:49:13+07:00,500,1618.529,PDOException,SQLSTATE[HY000] [1040] Too many connections
spike,2026-09-10T10:49:14+07:00,500,1355.33,PDOException,SQLSTATE[HY000] [1040] Too many connections
spike,2026-09-10T10:49:14+07:00,500,1387.756,PDOException,SQLSTATE[HY000] [1040] Too many connections
spike,2026-09-10T10:49:14+07:00,500,1676.091,PDOException,SQLSTATE[HY000] [1040] Too many connections
spike,2026-09-10T10:49:14+07:00,500,1763.868,PDOException,SQLSTATE[HY000] [1040] Too many connections
spike,2026-09-10T10:49:14+07:00,500,1325.636,PDOException,SQLSTATE[HY000] [1040] Too many connections
spike,2026-09-10T10:49:14+07:00,500,1075.737,PDOException,SQLSTATE[HY000] [1040] Too many connections
spike,2026-09-10T10:49:14+07:00,500,1568.971,PDOException,SQLSTATE[HY000] [1040] Too many connections
spike,2026-09-10T10:49:14+07:00,500,1543.833,PDOException,SQLSTATE[HY000] [1040] Too many connections
spike,2026-09-10T10:49:14+07:00,500,1317.871,PDOException,SQLSTATE[08004] [1040] Too many connections
spike,2026-09-10T10:49:14+07:00,500,1110.951,PDOException,SQLSTATE[HY000] [1040] Too many connections
spike,2026-09-10T10:49:14+07:00,500,1038.999,PDOException,SQLSTATE[HY000] [1040] Too many connections
spike,2026-09-10T10:49:14+07:00,500,1119.602,PDOException,SQLSTATE[HY000] [1040] Too many connections
spike,2026-09-10T10:49:14+07:00,500,1142.104,PDOException,SQLSTATE[HY000] [1040] Too many connections
spike,2026-09-10T10:49:14+07:00,500,1219.222,PDOException,SQLSTATE[HY000] [1040] Too many connections
spike,2026-09-10T10:49:14+07:00,500,872.611,PDOException,SQLSTATE[08004] [1040] Too many connections
spike,2026-09-10T10:49:14+07:00,500,880.36,PDOException,SQLSTATE[08004] [1040] Too many connections
spike,2026-09-10T10:49:14+07:00,500,1013.161,PDOException,SQLSTATE[HY000] [1040] Too many connections
spike,2026-09-10T10:49:14+07:00,500,917.57,PDOException,SQLSTATE[HY000] [1040] Too many connections
spike,2026-09-10T10:49:14+07:00,500,1154.848,PDOException,SQLSTATE[HY000] [1040] Too many connections
spike,2026-09-10T10:49:14+07:00,500,971.255,PDOException,SQLSTATE[HY000] [1040] Too many connections
spike,2026-09-10T10:49:14+07:00,500,1122.98,PDOException,SQLSTATE[HY000] [1040] Too many connections
spike,2026-09-10T10:49:14+07:00,500,1089.634,PDOException,SQLSTATE[HY000] [1040] Too many connections
spike,2026-09-10T10:49:14+07:00,500,984.316,PDOException,SQLSTATE[HY000] [1040] Too many connections
spike,2026-09-10T10:49:14+07:00,500,1026.715,PDOException,SQLSTATE[HY000] [1040] Too many connections
spike,2026-09-10T10:49:14+07:00,500,1119.043,PDOException,SQLSTATE[HY000] [1040] Too many connections
spike,2026-09-10T10:49:14+07:00,500,1042.859,PDOException,SQLSTATE[HY000] [1040] Too many connections
spike,2026-09-10T10:49:15+07:00,500,1136.117,PDOException,SQLSTATE[HY000] [1040] Too many connections
spike,2026-09-10T10:49:15+07:00,500,991.835,PDOException,SQLSTATE[HY000] [1040] Too many connections
spike,2026-09-10T10:49:15+07:00,500,970.447,PDOException,SQLSTATE[HY000] [1040] Too many connections
spike,2026-09-10T10:49:15+07:00,500,1038.929,PDOException,SQLSTATE[HY000] [1040] Too many connections
spike,2026-09-10T10:49:15+07:00,500,979.516,PDOException,SQLSTATE[08004] [1040] Too many connections
spike,2026-09-10T10:49:15+07:00,500,1110.242,PDOException,SQLSTATE[HY000] [1040] Too many connections
spike,2026-09-10T10:49:15+07:00,500,996.622,PDOException,SQLSTATE[HY000] [1040] Too many connections
spike,2026-09-10T10:49:15+07:00,500,719.464,PDOException,SQLSTATE[08004] [1040] Too many connections
spike,2026-09-10T10:49:15+07:00,500,718.555,PDOException,SQLSTATE[08004] [1040] Too many connections
spike,2026-09-10T10:49:15+07:00,500,1125.563,PDOException,SQLSTATE[HY000] [1040] Too many connections
spike,2026-09-10T10:49:15+07:00,500,781.343,PDOException,SQLSTATE[HY000] [1040] Too many connections
spike,2026-09-10T10:49:15+07:00,500,1110.205,PDOException,SQLSTATE[HY000] [1040] Too many connections
spike,2026-09-10T10:49:15+07:00,500,1076.814,PDOException,SQLSTATE[08004] [1040] Too many connections
spike,2026-09-10T10:49:15+07:00,500,1058.722,PDOException,SQLSTATE[HY000] [1040] Too many connections
spike,2026-09-10T10:49:15+07:00,500,1139.392,PDOException,SQLSTATE[HY000] [1040] Too many connections
spike,2026-09-10T10:49:15+07:00,500,926.298,PDOException,SQLSTATE[HY000] [1040] Too many connections
spike,2026-09-10T10:49:15+07:00,500,892.9,PDOException,SQLSTATE[HY000] [1040] Too many connections
spike,2026-09-10T10:49:15+07:00,500,1032.258,PDOException,SQLSTATE[HY000] [1040] Too many connections
spike,2026-09-10T10:49:15+07:00,500,1217.752,PDOException,SQLSTATE[HY000] [1040] Too many connections
spike,2026-09-10T10:49:15+07:00,500,965.782,PDOException,SQLSTATE[HY000] [1040] Too many connections
spike,2026-09-10T10:49:15+07:00,500,944.065,PDOException,SQLSTATE[HY000] [1040] Too many connections
spike,2026-09-10T10:49:15+07:00,500,1054.055,PDOException,SQLSTATE[HY000] [1040] Too many connections
spike,2026-09-10T10:49:15+07:00,500,949.482,PDOException,SQLSTATE[HY000] [1040] Too many connections
spike,2026-09-10T10:49:16+07:00,500,1008.812,PDOException,SQLSTATE[HY000] [1040] Too many connections
spike,2026-09-10T10:49:16+07:00,500,1072.203,PDOException,SQLSTATE[HY000] [1040] Too many connections
spike,2026-09-10T10:49:16+07:00,500,1027.093,PDOException,SQLSTATE[HY000] [1040] Too many connections
spike,2026-09-10T10:49:16+07:00,500,1000.237,PDOException,SQLSTATE[HY000] [1040] Too many connections
spike,2026-09-10T10:49:16+07:00,500,1116.26,PDOException,SQLSTATE[HY000] [1040] Too many connections
spike,2026-09-10T10:49:16+07:00,500,1073.297,PDOException,SQLSTATE[HY000] [1040] Too many connections
spike,2026-09-10T10:49:16+07:00,500,1083.683,PDOException,SQLSTATE[HY000] [1040] Too many connections
spike,2026-09-10T10:49:16+07:00,500,958.506,PDOException,SQLSTATE[HY000] [1040] Too many connections
spike,2026-09-10T10:49:16+07:00,500,988.747,PDOException,SQLSTATE[HY000] [1040] Too many connections
spike,2026-09-10T10:49:16+07:00,500,994.204,PDOException,SQLSTATE[HY000] [1040] Too many connections
spike,2026-09-10T10:49:16+07:00,500,963.147,PDOException,SQLSTATE[HY000] [1040] Too many connections
spike,2026-09-10T10:49:16+07:00,500,963.172,PDOException,SQLSTATE[HY000] [1040] Too many connections
spike,2026-09-10T10:49:16+07:00,500,970.514,PDOException,SQLSTATE[HY000] [1040] Too many connections
spike,2026-09-10T10:49:16+07:00,500,1033.953,PDOException,SQLSTATE[HY000] [1040] Too many connections
spike,2026-09-10T10:49:16+07:00,500,975.794,PDOException,SQLSTATE[HY000] [1040] Too many connections
spike,2026-09-10T10:49:16+07:00,500,1034.475,PDOException,SQLSTATE[HY000] [1040] Too many connections
spike,2026-09-10T10:49:16+07:00,500,1019.16,PDOException,SQLSTATE[HY000] [1040] Too many connections
spike,2026-09-10T10:49:16+07:00,500,1061.062,PDOException,SQLSTATE[08004] [1040] Too many connections
spike,2026-09-10T10:49:16+07:00,500,1107.86,PDOException,SQLSTATE[HY000] [1040] Too many connections
spike,2026-09-10T10:49:16+07:00,500,964.015,PDOException,SQLSTATE[HY000] [1040] Too many connections
spike,2026-09-10T10:49:16+07:00,500,1033.455,PDOException,SQLSTATE[HY000] [1040] Too many connections
spike,2026-09-10T10:49:16+07:00,500,1047.495,PDOException,SQLSTATE[HY000] [1040] Too many connections
spike,2026-09-10T10:49:17+07:00,500,951.595,PDOException,SQLSTATE[HY000] [1040] Too many connections
spike,2026-09-10T10:49:17+07:00,500,961.622,PDOException,SQLSTATE[HY000] [1040] Too many connections
spike,2026-09-10T10:49:17+07:00,500,881.618,PDOException,SQLSTATE[HY000] [1040] Too many connections
spike,2026-09-10T10:49:17+07:00,500,881.384,PDOException,SQLSTATE[HY000] [1040] Too many connections
spike,2026-09-10T10:49:17+07:00,500,942.49,PDOException,SQLSTATE[HY000] [1040] Too many connections
spike,2026-09-10T10:49:17+07:00,500,1136.98,PDOException,SQLSTATE[HY000] [1040] Too many connections
spike,2026-09-10T10:49:17+07:00,500,1045.811,PDOException,SQLSTATE[HY000] [1040] Too many connections
spike,2026-09-10T10:49:17+07:00,500,996.438,PDOException,SQLSTATE[HY000] [1040] Too many connections
spike,2026-09-10T10:49:17+07:00,500,1074.648,PDOException,SQLSTATE[HY000] [1040] Too many connections
spike,2026-09-10T10:49:17+07:00,500,943.022,PDOException,SQLSTATE[HY000] [1040] Too many connections
spike,2026-09-10T10:49:17+07:00,500,1043.005,PDOException,SQLSTATE[HY000] [1040] Too many connections
spike,2026-09-10T10:49:17+07:00,500,928.14,PDOException,SQLSTATE[HY000] [1040] Too many connections
spike,2026-09-10T10:49:17+07:00,500,1124.51,PDOException,SQLSTATE[HY000] [1040] Too many connections
spike,2026-09-10T10:49:17+07:00,500,1069.448,PDOException,SQLSTATE[HY000] [1040] Too many connections
spike,2026-09-10T10:49:17+07:00,500,1012.895,PDOException,SQLSTATE[HY000] [1040] Too many connections
spike,2026-09-10T10:49:17+07:00,500,1078.502,PDOException,SQLSTATE[HY000] [1040] Too many connections
spike,2026-09-10T10:49:17+07:00,500,1023.885,PDOException,SQLSTATE[HY000] [1040] Too many connections
spike,2026-09-10T10:49:17+07:00,500,1013.259,PDOException,SQLSTATE[HY000] [1040] Too many connections
spike,2026-09-10T10:49:17+07:00,500,945.661,PDOException,SQLSTATE[08004] [1040] Too many connections
spike,2026-09-10T10:49:17+07:00,500,995.704,PDOException,SQLSTATE[HY000] [1040] Too many connections
spike,2026-09-10T10:49:17+07:00,500,922.926,PDOException,SQLSTATE[HY000] [1040] Too many connections
spike,2026-09-10T10:49:18+07:00,500,919.118,PDOException,SQLSTATE[HY000] [1040] Too many connections
spike,2026-09-10T10:49:18+07:00,500,1036.367,PDOException,SQLSTATE[HY000] [1040] Too many connections
spike,2026-09-10T10:49:18+07:00,500,1069.972,PDOException,SQLSTATE[08004] [1040] Too many connections
spike,2026-09-10T10:49:18+07:00,500,882.085,PDOException,SQLSTATE[HY000] [1040] Too many connections
spike,2026-09-10T10:49:18+07:00,500,883.339,PDOException,SQLSTATE[08004] [1040] Too many connections
spike,2026-09-10T10:49:18+07:00,500,895.97,PDOException,SQLSTATE[HY000] [1040] Too many connections
spike,2026-09-10T10:49:18+07:00,500,945.537,PDOException,SQLSTATE[HY000] [1040] Too many connections
spike,2026-09-10T10:49:18+07:00,500,1012.296,PDOException,SQLSTATE[HY000] [1040] Too many connections
spike,2026-09-10T10:49:18+07:00,500,924.806,PDOException,SQLSTATE[HY000] [1040] Too many connections
spike,2026-09-10T10:49:18+07:00,500,1154.33,PDOException,SQLSTATE[HY000] [1040] Too many connections
spike,2026-09-10T10:49:18+07:00,500,957.945,PDOException,SQLSTATE[08004] [1040] Too many connections
spike,2026-09-10T10:49:18+07:00,500,1004.455,PDOException,SQLSTATE[HY000] [1040] Too many connections
spike,2026-09-10T10:49:18+07:00,500,1006.271,PDOException,SQLSTATE[HY000] [1040] Too many connections
spike,2026-09-10T10:49:18+07:00,500,968.711,PDOException,SQLSTATE[HY000] [1040] Too many connections
spike,2026-09-10T10:49:18+07:00,500,984.235,PDOException,SQLSTATE[HY000] [1040] Too many connections
spike,2026-09-10T10:49:19+07:00,500,1415.066,PDOException,SQLSTATE[08004] [1040] Too many connections
spike,2026-09-10T10:49:19+07:00,500,1160.13,PDOException,SQLSTATE[HY000] [1040] Too many connections
spike,2026-09-10T10:49:19+07:00,500,1076.419,PDOException,SQLSTATE[08004] [1040] Too many connections
spike,2026-09-10T10:49:19+07:00,500,1021.383,PDOException,SQLSTATE[HY000] [1040] Too many connections
spike,2026-09-10T10:49:19+07:00,500,1068.801,PDOException,SQLSTATE[HY000] [1040] Too many connections
spike,2026-09-10T10:49:19+07:00,500,1029.965,PDOException,SQLSTATE[HY000] [1040] Too many connections
spike,2026-09-10T10:49:19+07:00,500,1138.346,PDOException,SQLSTATE[HY000] [1040] Too many connections
spike,2026-09-10T10:49:19+07:00,500,1196.739,PDOException,SQLSTATE[HY000] [1040] Too many connections
spike,2026-09-10T10:49:19+07:00,500,1097.371,PDOException,SQLSTATE[HY000] [1040] Too many connections
spike,2026-09-10T10:49:19+07:00,500,1275.611,PDOException,SQLSTATE[HY000] [1040] Too many connections
spike,2026-09-10T10:49:19+07:00,500,1172.575,PDOException,SQLSTATE[HY000] [1040] Too many connections
spike,2026-09-10T10:49:19+07:00,500,1067.614,PDOException,SQLSTATE[HY000] [1040] Too many connections
spike,2026-09-10T10:49:19+07:00,500,1123.138,PDOException,SQLSTATE[HY000] [1040] Too many connections
spike,2026-09-10T10:49:19+07:00,500,1200.493,PDOException,SQLSTATE[HY000] [1040] Too many connections
spike,2026-09-10T10:49:19+07:00,500,1195.411,PDOException,SQLSTATE[HY000] [1040] Too many connections
spike,2026-09-10T10:49:19+07:00,500,1088.247,PDOException,SQLSTATE[HY000] [1040] Too many connections
spike,2026-09-10T10:49:19+07:00,500,1215.985,PDOException,SQLSTATE[HY000] [1040] Too many connections
spike,2026-09-10T10:49:19+07:00,500,1052.62,PDOException,SQLSTATE[HY000] [1040] Too many connections
spike,2026-09-10T10:49:19+07:00,500,1039.325,PDOException,SQLSTATE[HY000] [1040] Too many connections
spike,2026-09-10T10:49:19+07:00,500,1168.53,PDOException,SQLSTATE[HY000] [1040] Too many connections
spike,2026-09-10T10:49:19+07:00,500,1040.897,PDOException,SQLSTATE[HY000] [1040] Too many connections
spike,2026-09-10T10:49:19+07:00,500,1051.383,PDOException,SQLSTATE[HY000] [1040] Too many connections
spike,2026-09-10T10:49:19+07:00,500,966.781,PDOException,SQLSTATE[HY000] [1040] Too many connections
spike,2026-09-10T10:49:19+07:00,500,1026.328,PDOException,SQLSTATE[HY000] [1040] Too many connections
spike,2026-09-10T10:49:19+07:00,500,1019.726,PDOException,SQLSTATE[HY000] [1040] Too many connections
spike,2026-09-10T10:49:19+07:00,500,1022.482,PDOException,SQLSTATE[HY000] [1040] Too many connections
spike,2026-09-10T10:49:19+07:00,500,995.792,PDOException,SQLSTATE[HY000] [1040] Too many connections
spike,2026-09-10T10:49:19+07:00,500,1156.793,PDOException,SQLSTATE[HY000] [1040] Too many connections
spike,2026-09-10T10:49:19+07:00,500,1109.321,PDOException,SQLSTATE[HY000] [1040] Too many connections
spike,2026-09-10T10:49:19+07:00,500,1183.618,PDOException,SQLSTATE[HY000] [1040] Too many connections
spike,2026-09-10T10:49:19+07:00,500,1037.369,PDOException,SQLSTATE[HY000] [1040] Too many connections
spike,2026-09-10T10:49:19+07:00,500,888.062,PDOException,SQLSTATE[HY000] [1040] Too many connections
spike,2026-09-10T10:49:19+07:00,500,957.52,PDOException,SQLSTATE[HY000] [1040] Too many connections
spike,2026-09-10T10:49:19+07:00,500,937.209,PDOException,SQLSTATE[HY000] [1040] Too many connections
spike,2026-09-10T10:49:19+07:00,500,892.323,PDOException,SQLSTATE[HY000] [1040] Too many connections
spike,2026-09-10T10:49:20+07:00,500,1097.875,PDOException,SQLSTATE[HY000] [1040] Too many connections
spike,2026-09-10T10:49:20+07:00,500,1336.486,PDOException,SQLSTATE[HY000] [1040] Too many connections
spike,2026-09-10T10:49:20+07:00,500,1084.694,PDOException,SQLSTATE[HY000] [1040] Too many connections
spike,2026-09-10T10:49:20+07:00,500,1003.783,PDOException,SQLSTATE[HY000] [1040] Too many connections
spike,2026-09-10T10:49:20+07:00,500,969.969,PDOException,SQLSTATE[HY000] [1040] Too many connections
spike,2026-09-10T10:49:20+07:00,500,1033.125,PDOException,SQLSTATE[HY000] [1040] Too many connections
spike,2026-09-10T10:49:20+07:00,500,963.569,PDOException,SQLSTATE[HY000] [1040] Too many connections
spike,2026-09-10T10:49:20+07:00,500,972.611,PDOException,SQLSTATE[HY000] [1040] Too many connections
spike,2026-09-10T10:49:20+07:00,500,1059.7,PDOException,SQLSTATE[HY000] [1040] Too many connections
spike,2026-09-10T10:49:20+07:00,500,905.986,PDOException,SQLSTATE[HY000] [1040] Too many connections
spike,2026-09-10T10:49:20+07:00,500,964.718,PDOException,SQLSTATE[HY000] [1040] Too many connections
spike,2026-09-10T10:49:20+07:00,500,1101.396,PDOException,SQLSTATE[HY000] [1040] Too many connections
spike,2026-09-10T10:49:20+07:00,500,1104.17,PDOException,SQLSTATE[HY000] [1040] Too many connections
spike,2026-09-10T10:49:20+07:00,500,941.417,PDOException,SQLSTATE[HY000] [1040] Too many connections
spike,2026-09-10T10:49:20+07:00,500,919.524,PDOException,SQLSTATE[HY000] [1040] Too many connections
spike,2026-09-10T10:49:20+07:00,500,1083.026,PDOException,SQLSTATE[HY000] [1040] Too many connections
spike,2026-09-10T10:49:20+07:00,500,1199.765,PDOException,SQLSTATE[HY000] [1040] Too many connections
spike,2026-09-10T10:49:20+07:00,500,1050.581,PDOException,SQLSTATE[HY000] [1040] Too many connections
spike,2026-09-10T10:49:20+07:00,500,984.25,PDOException,SQLSTATE[08004] [1040] Too many connections
spike,2026-09-10T10:49:20+07:00,500,1061.043,PDOException,SQLSTATE[HY000] [1040] Too many connections
spike,2026-09-10T10:49:20+07:00,500,1014.991,PDOException,SQLSTATE[HY000] [1040] Too many connections
spike,2026-09-10T10:49:21+07:00,500,1039.412,PDOException,SQLSTATE[HY000] [1040] Too many connections
spike,2026-09-10T10:49:21+07:00,500,1361.067,PDOException,SQLSTATE[HY000] [1040] Too many connections
spike,2026-09-10T10:49:21+07:00,500,1107.613,PDOException,SQLSTATE[HY000] [1040] Too many connections
spike,2026-09-10T10:49:21+07:00,500,1119.593,PDOException,SQLSTATE[HY000] [1040] Too many connections
spike,2026-09-10T10:49:21+07:00,500,978.743,PDOException,SQLSTATE[HY000] [1040] Too many connections
spike,2026-09-10T10:49:21+07:00,500,1143.617,PDOException,SQLSTATE[HY000] [1040] Too many connections
spike,2026-09-10T10:49:21+07:00,500,965.922,PDOException,SQLSTATE[HY000] [1040] Too many connections
spike,2026-09-10T10:49:21+07:00,500,1153.379,PDOException,SQLSTATE[HY000] [1040] Too many connections
spike,2026-09-10T10:49:21+07:00,500,1077.641,PDOException,SQLSTATE[HY000] [1040] Too many connections
spike,2026-09-10T10:49:21+07:00,500,1183.968,PDOException,SQLSTATE[HY000] [1040] Too many connections
spike,2026-09-10T10:49:21+07:00,500,1011.84,PDOException,SQLSTATE[HY000] [1040] Too many connections
spike,2026-09-10T10:49:21+07:00,500,979.697,PDOException,SQLSTATE[HY000] [1040] Too many connections
spike,2026-09-10T10:49:21+07:00,500,1048.274,PDOException,SQLSTATE[HY000] [1040] Too many connections
spike,2026-09-10T10:49:21+07:00,500,1334.869,PDOException,SQLSTATE[HY000] [1040] Too many connections
spike,2026-09-10T10:49:21+07:00,500,1154.542,PDOException,SQLSTATE[HY000] [1040] Too many connections
spike,2026-09-10T10:49:21+07:00,500,1352.89,PDOException,SQLSTATE[HY000] [1040] Too many connections
spike,2026-09-10T10:49:21+07:00,500,1199.901,PDOException,SQLSTATE[HY000] [1040] Too many connections
spike,2026-09-10T10:49:21+07:00,500,1260.475,PDOException,SQLSTATE[HY000] [1040] Too many connections
spike,2026-09-10T10:49:21+07:00,500,1161.18,PDOException,SQLSTATE[HY000] [1040] Too many connections
spike,2026-09-10T10:49:21+07:00,500,1080.431,PDOException,SQLSTATE[HY000] [1040] Too many connections
spike,2026-09-10T10:49:21+07:00,500,1081.818,PDOException,SQLSTATE[HY000] [1040] Too many connections
spike,2026-09-10T10:49:21+07:00,500,986.995,PDOException,SQLSTATE[08004] [1040] Too many connections
spike,2026-09-10T10:49:21+07:00,500,1144.294,PDOException,SQLSTATE[HY000] [1040] Too many connections
spike,2026-09-10T10:49:21+07:00,500,1146.854,PDOException,SQLSTATE[HY000] [1040] Too many connections
spike,2026-09-10T10:49:21+07:00,500,1147.699,PDOException,SQLSTATE[HY000] [1040] Too many connections
spike,2026-09-10T10:49:21+07:00,500,999.615,PDOException,SQLSTATE[HY000] [1040] Too many connections
spike,2026-09-10T10:49:22+07:00,500,1034.146,PDOException,SQLSTATE[HY000] [1040] Too many connections
spike,2026-09-10T10:49:22+07:00,500,1035.371,PDOException,SQLSTATE[HY000] [1040] Too many connections
spike,2026-09-10T10:49:22+07:00,500,1047.629,PDOException,SQLSTATE[HY000] [1040] Too many connections
spike,2026-09-10T10:49:22+07:00,500,1002.234,PDOException,SQLSTATE[HY000] [1040] Too many connections
spike,2026-09-10T10:49:22+07:00,500,1092.352,PDOException,SQLSTATE[HY000] [1040] Too many connections
spike,2026-09-10T10:49:22+07:00,500,1053,PDOException,SQLSTATE[HY000] [1040] Too many connections
spike,2026-09-10T10:49:22+07:00,500,1122.31,PDOException,SQLSTATE[HY000] [1040] Too many connections
spike,2026-09-10T10:49:22+07:00,500,1082.549,PDOException,SQLSTATE[HY000] [1040] Too many connections
spike,2026-09-10T10:49:22+07:00,500,1172.214,PDOException,SQLSTATE[HY000] [1040] Too many connections
spike,2026-09-10T10:49:22+07:00,500,946.193,PDOException,SQLSTATE[08004] [1040] Too many connections
spike,2026-09-10T10:49:22+07:00,500,1109.174,PDOException,SQLSTATE[HY000] [1040] Too many connections
spike,2026-09-10T10:49:22+07:00,500,948.263,PDOException,SQLSTATE[HY000] [1040] Too many connections
spike,2026-09-10T10:49:22+07:00,500,1050.344,PDOException,SQLSTATE[HY000] [1040] Too many connections
spike,2026-09-10T10:49:22+07:00,500,944.725,PDOException,SQLSTATE[HY000] [1040] Too many connections
spike,2026-09-10T10:49:22+07:00,500,1027.475,PDOException,SQLSTATE[HY000] [1040] Too many connections
spike,2026-09-10T10:49:22+07:00,500,993.732,PDOException,SQLSTATE[HY000] [1040] Too many connections
spike,2026-09-10T10:49:22+07:00,500,1117.549,PDOException,SQLSTATE[HY000] [1040] Too many connections
spike,2026-09-10T10:49:22+07:00,500,974.834,PDOException,SQLSTATE[HY000] [1040] Too many connections
spike,2026-09-10T10:49:22+07:00,500,953.921,PDOException,SQLSTATE[HY000] [1040] Too many connections
spike,2026-09-10T10:49:22+07:00,500,1161.646,PDOException,SQLSTATE[HY000] [1040] Too many connections
spike,2026-09-10T10:49:22+07:00,500,1067.929,PDOException,SQLSTATE[HY000] [1040] Too many connections
spike,2026-09-10T10:49:22+07:00,500,1103.107,PDOException,SQLSTATE[HY000] [1040] Too many connections
spike,2026-09-10T10:49:23+07:00,500,1164.973,PDOException,SQLSTATE[HY000] [1040] Too many connections
spike,2026-09-10T10:49:23+07:00,500,1057.155,PDOException,SQLSTATE[HY000] [1040] Too many connections
spike,2026-09-10T10:49:23+07:00,500,1068.84,PDOException,SQLSTATE[HY000] [1040] Too many connections
spike,2026-09-10T10:49:23+07:00,500,1028.418,PDOException,SQLSTATE[HY000] [1040] Too many connections
spike,2026-09-10T10:49:23+07:00,500,1025.365,PDOException,SQLSTATE[HY000] [1040] Too many connections
spike,2026-09-10T10:49:23+07:00,500,943.076,PDOException,SQLSTATE[HY000] [1040] Too many connections
spike,2026-09-10T10:49:23+07:00,500,1107.154,PDOException,SQLSTATE[HY000] [1040] Too many connections
spike,2026-09-10T10:49:23+07:00,500,1209.908,PDOException,SQLSTATE[HY000] [1040] Too many connections
spike,2026-09-10T10:49:23+07:00,500,912.986,PDOException,SQLSTATE[08004] [1040] Too many connections
spike,2026-09-10T10:49:23+07:00,500,911.598,PDOException,SQLSTATE[HY000] [1040] Too many connections
spike,2026-09-10T10:49:23+07:00,500,1017.267,PDOException,SQLSTATE[HY000] [1040] Too many connections
spike,2026-09-10T10:49:23+07:00,500,1019.257,PDOException,SQLSTATE[HY000] [1040] Too many connections
spike,2026-09-10T10:49:23+07:00,500,1021.057,PDOException,SQLSTATE[HY000] [1040] Too many connections
spike,2026-09-10T10:49:23+07:00,500,1191.547,PDOException,SQLSTATE[HY000] [1040] Too many connections
spike,2026-09-10T10:49:23+07:00,500,1098.58,PDOException,SQLSTATE[HY000] [1040] Too many connections
spike,2026-09-10T10:49:23+07:00,500,1252.593,PDOException,SQLSTATE[HY000] [1040] Too many connections
spike,2026-09-10T10:49:23+07:00,500,1050.125,PDOException,SQLSTATE[HY000] [1040] Too many connections
spike,2026-09-10T10:49:23+07:00,500,1156.412,PDOException,SQLSTATE[HY000] [1040] Too many connections
spike,2026-09-10T10:49:23+07:00,500,1219.43,PDOException,SQLSTATE[HY000] [1040] Too many connections
spike,2026-09-10T10:49:24+07:00,500,1199.114,PDOException,SQLSTATE[HY000] [1040] Too many connections
spike,2026-09-10T10:49:24+07:00,500,1053.541,PDOException,SQLSTATE[HY000] [1040] Too many connections
spike,2026-09-10T10:49:24+07:00,500,1010.604,PDOException,SQLSTATE[HY000] [1040] Too many connections
spike,2026-09-10T10:49:24+07:00,500,1355.072,PDOException,SQLSTATE[HY000] [1040] Too many connections
spike,2026-09-10T10:49:24+07:00,500,1127.783,PDOException,SQLSTATE[HY000] [1040] Too many connections
spike,2026-09-10T10:49:24+07:00,500,1040.345,PDOException,SQLSTATE[HY000] [1040] Too many connections
spike,2026-09-10T10:49:24+07:00,500,1042.185,PDOException,SQLSTATE[HY000] [1040] Too many connections
spike,2026-09-10T10:49:24+07:00,500,962.682,PDOException,SQLSTATE[HY000] [1040] Too many connections
spike,2026-09-10T10:49:24+07:00,500,991.954,PDOException,SQLSTATE[HY000] [1040] Too many connections
spike,2026-09-10T10:49:24+07:00,500,1138.391,PDOException,SQLSTATE[HY000] [1040] Too many connections
spike,2026-09-10T10:49:24+07:00,500,1078.757,PDOException,SQLSTATE[HY000] [1040] Too many connections
spike,2026-09-10T10:49:24+07:00,500,1073.414,PDOException,SQLSTATE[HY000] [1040] Too many connections
spike,2026-09-10T10:49:24+07:00,500,1013.986,PDOException,SQLSTATE[HY000] [1040] Too many connections
spike,2026-09-10T10:49:24+07:00,500,955.86,PDOException,SQLSTATE[HY000] [1040] Too many connections
spike,2026-09-10T10:49:24+07:00,500,1203.037,PDOException,SQLSTATE[HY000] [1040] Too many connections
spike,2026-09-10T10:49:24+07:00,500,1079.531,PDOException,SQLSTATE[HY000] [1040] Too many connections
spike,2026-09-10T10:49:24+07:00,500,1011.153,PDOException,SQLSTATE[HY000] [1040] Too many connections
spike,2026-09-10T10:49:24+07:00,500,1214.88,PDOException,SQLSTATE[08004] [1040] Too many connections
spike,2026-09-10T10:49:24+07:00,500,1218.828,PDOException,SQLSTATE[HY000] [1040] Too many connections
spike,2026-09-10T10:49:24+07:00,500,1223.639,PDOException,SQLSTATE[HY000] [1040] Too many connections
spike,2026-09-10T10:49:24+07:00,500,1090.593,PDOException,SQLSTATE[HY000] [1040] Too many connections
spike,2026-09-10T10:49:24+07:00,500,1237.132,PDOException,SQLSTATE[HY000] [1040] Too many connections
spike,2026-09-10T10:49:24+07:00,500,864.4,PDOException,SQLSTATE[HY000] [1040] Too many connections
spike,2026-09-10T10:49:24+07:00,500,1096.634,PDOException,SQLSTATE[HY000] [1040] Too many connections
spike,2026-09-10T10:49:25+07:00,500,1745.11,PDOException,SQLSTATE[HY000] [1040] Too many connections
spike,2026-09-10T10:49:25+07:00,500,1208.195,PDOException,SQLSTATE[HY000] [1040] Too many connections
spike,2026-09-10T10:49:25+07:00,500,1266.795,PDOException,SQLSTATE[HY000] [1040] Too many connections
spike,2026-09-10T10:49:25+07:00,500,1628.833,PDOException,SQLSTATE[HY000] [1040] Too many connections
spike,2026-09-10T10:49:25+07:00,500,1674.058,PDOException,SQLSTATE[HY000] [1040] Too many connections
spike,2026-09-10T10:49:25+07:00,500,1681.132,PDOException,SQLSTATE[HY000] [1040] Too many connections
spike,2026-09-10T10:49:25+07:00,500,1226.991,PDOException,SQLSTATE[HY000] [1040] Too many connections
spike,2026-09-10T10:49:25+07:00,500,1227.653,PDOException,SQLSTATE[HY000] [1040] Too many connections
spike,2026-09-10T10:49:25+07:00,500,1348.161,PDOException,SQLSTATE[HY000] [1040] Too many connections
spike,2026-09-10T10:49:25+07:00,500,1415.705,PDOException,SQLSTATE[HY000] [1040] Too many connections
spike,2026-09-10T10:49:25+07:00,500,1283.179,PDOException,SQLSTATE[HY000] [1040] Too many connections
spike,2026-09-10T10:49:25+07:00,500,1461.942,PDOException,SQLSTATE[HY000] [1040] Too many connections
spike,2026-09-10T10:49:25+07:00,500,1284.074,PDOException,SQLSTATE[HY000] [1040] Too many connections
spike,2026-09-10T10:49:25+07:00,500,1279.938,PDOException,SQLSTATE[HY000] [1040] Too many connections
spike,2026-09-10T10:49:25+07:00,500,1314.142,PDOException,SQLSTATE[HY000] [1040] Too many connections
spike,2026-09-10T10:49:26+07:00,500,1368.822,PDOException,SQLSTATE[HY000] [1040] Too many connections
spike,2026-09-10T10:49:26+07:00,500,1388.268,PDOException,SQLSTATE[HY000] [1040] Too many connections
spike,2026-09-10T10:49:26+07:00,500,1404.657,PDOException,SQLSTATE[HY000] [1040] Too many connections
spike,2026-09-10T10:49:26+07:00,500,1411.658,PDOException,SQLSTATE[HY000] [1040] Too many connections
spike,2026-09-10T10:49:26+07:00,500,1409.399,PDOException,SQLSTATE[HY000] [1040] Too many connections
spike,2026-09-10T10:49:26+07:00,500,1527.454,PDOException,SQLSTATE[HY000] [1040] Too many connections
spike,2026-09-10T10:49:26+07:00,500,1479.35,PDOException,SQLSTATE[HY000] [1040] Too many connections
spike,2026-09-10T10:49:26+07:00,500,1042.401,PDOException,SQLSTATE[HY000] [1040] Too many connections
spike,2026-09-10T10:49:26+07:00,500,1507.935,PDOException,SQLSTATE[HY000] [1040] Too many connections
spike,2026-09-10T10:49:26+07:00,500,1053.762,PDOException,SQLSTATE[HY000] [1040] Too many connections
spike,2026-09-10T10:49:26+07:00,500,993.326,PDOException,SQLSTATE[HY000] [1040] Too many connections
spike,2026-09-10T10:49:26+07:00,500,1011.887,PDOException,SQLSTATE[HY000] [1040] Too many connections
spike,2026-09-10T10:49:26+07:00,500,1012.333,PDOException,SQLSTATE[HY000] [1040] Too many connections
spike,2026-09-10T10:49:26+07:00,500,995.477,PDOException,SQLSTATE[HY000] [1040] Too many connections
spike,2026-09-10T10:49:26+07:00,500,1240.241,PDOException,SQLSTATE[HY000] [1040] Too many connections
spike,2026-09-10T10:49:26+07:00,500,1023.182,PDOException,SQLSTATE[08004] [1040] Too many connections
spike,2026-09-10T10:49:26+07:00,500,1097.73,PDOException,SQLSTATE[HY000] [1040] Too many connections
spike,2026-09-10T10:49:26+07:00,500,1192.781,PDOException,SQLSTATE[HY000] [1040] Too many connections
spike,2026-09-10T10:49:26+07:00,500,955.752,PDOException,SQLSTATE[HY000] [1040] Too many connections
spike,2026-09-10T10:49:26+07:00,500,893.413,PDOException,SQLSTATE[HY000] [1040] Too many connections
spike,2026-09-10T10:49:26+07:00,500,955.929,PDOException,SQLSTATE[08004] [1040] Too many connections
spike,2026-09-10T10:49:26+07:00,500,915.981,PDOException,SQLSTATE[HY000] [1040] Too many connections
spike,2026-09-10T10:49:26+07:00,500,974.765,PDOException,SQLSTATE[HY000] [1040] Too many connections
spike,2026-09-10T10:49:27+07:00,500,775.477,PDOException,SQLSTATE[HY000] [1040] Too many connections
spike,2026-09-10T10:49:27+07:00,500,782.45,PDOException,SQLSTATE[HY000] [1040] Too many connections
spike,2026-09-10T10:49:27+07:00,500,977.626,PDOException,SQLSTATE[HY000] [1040] Too many connections
spike,2026-09-10T10:49:27+07:00,500,969.028,PDOException,SQLSTATE[HY000] [1040] Too many connections
spike,2026-09-10T10:49:27+07:00,500,1022.951,PDOException,SQLSTATE[HY000] [1040] Too many connections
spike,2026-09-10T10:49:27+07:00,500,904.123,PDOException,SQLSTATE[HY000] [1040] Too many connections
spike,2026-09-10T10:49:27+07:00,500,818.332,PDOException,SQLSTATE[HY000] [1040] Too many connections
spike,2026-09-10T10:49:27+07:00,500,1192.71,PDOException,SQLSTATE[HY000] [1040] Too many connections
spike,2026-09-10T10:49:27+07:00,500,927.367,PDOException,SQLSTATE[HY000] [1040] Too many connections
spike,2026-09-10T10:49:27+07:00,500,754.264,PDOException,SQLSTATE[HY000] [1040] Too many connections
spike,2026-09-10T10:49:27+07:00,500,974.663,PDOException,SQLSTATE[HY000] [1040] Too many connections
spike,2026-09-10T10:49:27+07:00,500,718.892,PDOException,SQLSTATE[HY000] [1040] Too many connections
spike,2026-09-10T10:49:27+07:00,500,920.01,PDOException,SQLSTATE[HY000] [1040] Too many connections
spike,2026-09-10T10:49:27+07:00,500,745.185,PDOException,SQLSTATE[HY000] [1040] Too many connections
spike,2026-09-10T10:49:27+07:00,500,771.718,PDOException,SQLSTATE[HY000] [1040] Too many connections
spike,2026-09-10T10:49:27+07:00,500,777.509,PDOException,SQLSTATE[HY000] [1040] Too many connections
spike,2026-09-10T10:49:27+07:00,500,847.529,PDOException,SQLSTATE[HY000] [1040] Too many connections
spike,2026-09-10T10:49:27+07:00,500,793.14,PDOException,SQLSTATE[HY000] [1040] Too many connections
spike,2026-09-10T10:49:27+07:00,500,745.17,PDOException,SQLSTATE[HY000] [1040] Too many connections
spike,2026-09-10T10:49:27+07:00,500,926.131,PDOException,SQLSTATE[HY000] [1040] Too many connections
spike,2026-09-10T10:49:27+07:00,500,859.463,PDOException,SQLSTATE[HY000] [1040] Too many connections
spike,2026-09-10T10:49:27+07:00,500,932.489,PDOException,SQLSTATE[HY000] [1040] Too many connections
spike,2026-09-10T10:49:27+07:00,500,806.389,PDOException,SQLSTATE[HY000] [1040] Too many connections
spike,2026-09-10T10:49:27+07:00,500,1034.351,PDOException,SQLSTATE[HY000] [1040] Too many connections
spike,2026-09-10T10:49:28+07:00,500,783.025,PDOException,SQLSTATE[HY000] [1040] Too many connections
spike,2026-09-10T10:49:28+07:00,500,642.79,PDOException,SQLSTATE[HY000] [1040] Too many connections
spike,2026-09-10T10:49:28+07:00,500,721.685,PDOException,SQLSTATE[HY000] [1040] Too many connections
spike,2026-09-10T10:49:28+07:00,500,1035.266,PDOException,SQLSTATE[HY000] [1040] Too many connections
spike,2026-09-10T10:49:28+07:00,500,961.887,PDOException,SQLSTATE[HY000] [1040] Too many connections
spike,2026-09-10T10:49:28+07:00,500,910.214,PDOException,SQLSTATE[HY000] [1040] Too many connections
spike,2026-09-10T10:49:28+07:00,500,866.49,PDOException,SQLSTATE[HY000] [1040] Too many connections
spike,2026-09-10T10:49:28+07:00,500,909.952,PDOException,SQLSTATE[HY000] [1040] Too many connections
spike,2026-09-10T10:49:28+07:00,500,953.471,PDOException,SQLSTATE[HY000] [1040] Too many connections
spike,2026-09-10T10:49:28+07:00,500,996.022,PDOException,SQLSTATE[HY000] [1040] Too many connections
spike,2026-09-10T10:49:28+07:00,500,964.846,PDOException,SQLSTATE[HY000] [1040] Too many connections
spike,2026-09-10T10:49:28+07:00,500,979.091,PDOException,SQLSTATE[HY000] [1040] Too many connections
spike,2026-09-10T10:49:28+07:00,500,854.053,PDOException,SQLSTATE[HY000] [1040] Too many connections
spike,2026-09-10T10:49:28+07:00,500,1091.901,PDOException,SQLSTATE[HY000] [1040] Too many connections
spike,2026-09-10T10:49:28+07:00,500,871.523,PDOException,SQLSTATE[HY000] [1040] Too many connections
spike,2026-09-10T10:49:29+07:00,500,1107.938,PDOException,SQLSTATE[HY000] [1040] Too many connections
spike,2026-09-10T10:49:29+07:00,500,761.059,PDOException,SQLSTATE[HY000] [1040] Too many connections
spike,2026-09-10T10:49:29+07:00,500,813.235,PDOException,SQLSTATE[HY000] [1040] Too many connections
spike,2026-09-10T10:49:29+07:00,500,684.704,PDOException,SQLSTATE[HY000] [1040] Too many connections
spike,2026-09-10T10:49:29+07:00,500,624.826,PDOException,SQLSTATE[HY000] [1040] Too many connections
spike,2026-09-10T10:49:29+07:00,500,649.41,PDOException,SQLSTATE[HY000] [1040] Too many connections
spike,2026-09-10T10:49:29+07:00,500,866.825,PDOException,SQLSTATE[HY000] [1040] Too many connections
spike,2026-09-10T10:49:29+07:00,500,533.869,PDOException,SQLSTATE[HY000] [1040] Too many connections
spike,2026-09-10T10:49:29+07:00,500,608.35,PDOException,SQLSTATE[HY000] [1040] Too many connections
spike,2026-09-10T10:49:29+07:00,500,781.628,PDOException,SQLSTATE[HY000] [1040] Too many connections
spike,2026-09-10T10:49:29+07:00,500,677.525,PDOException,SQLSTATE[HY000] [1040] Too many connections
spike,2026-09-10T10:49:29+07:00,500,631.977,PDOException,SQLSTATE[HY000] [1040] Too many connections
spike,2026-09-10T10:49:29+07:00,500,532.681,PDOException,SQLSTATE[HY000] [1040] Too many connections
spike,2026-09-10T10:49:29+07:00,500,628.663,PDOException,SQLSTATE[HY000] [1040] Too many connections
spike,2026-09-10T10:49:29+07:00,500,743.047,PDOException,SQLSTATE[HY000] [1040] Too many connections
spike,2026-09-10T10:49:29+07:00,500,508.619,PDOException,SQLSTATE[HY000] [1040] Too many connections
spike,2026-09-10T10:49:29+07:00,500,513.118,PDOException,SQLSTATE[HY000] [1040] Too many connections
spike,2026-09-10T10:49:29+07:00,500,421.266,PDOException,SQLSTATE[08004] [1040] Too many connections
spike,2026-09-10T10:49:29+07:00,500,656.756,PDOException,SQLSTATE[HY000] [1040] Too many connections
spike,2026-09-10T10:49:29+07:00,500,688.874,PDOException,SQLSTATE[HY000] [1040] Too many connections
spike,2026-09-10T10:49:29+07:00,500,495.607,PDOException,SQLSTATE[HY000] [1040] Too many connections
spike,2026-09-10T10:49:30+07:00,500,548.397,PDOException,SQLSTATE[HY000] [1040] Too many connections
spike,2026-09-10T10:49:30+07:00,500,549.698,PDOException,SQLSTATE[HY000] [1040] Too many connections
spike,2026-09-10T10:49:30+07:00,500,566.123,PDOException,SQLSTATE[HY000] [1040] Too many connections
spike,2026-09-10T10:49:30+07:00,500,678.095,PDOException,SQLSTATE[HY000] [1040] Too many connections
spike,2026-09-10T10:49:30+07:00,500,609.884,PDOException,SQLSTATE[HY000] [1040] Too many connections
spike,2026-09-10T10:49:30+07:00,500,484.912,PDOException,SQLSTATE[HY000] [1040] Too many connections
spike,2026-09-10T10:49:30+07:00,500,612.124,PDOException,SQLSTATE[HY000] [1040] Too many connections
spike,2026-09-10T10:49:30+07:00,500,511.144,PDOException,SQLSTATE[HY000] [1040] Too many connections
spike,2026-09-10T10:49:30+07:00,500,612.336,PDOException,SQLSTATE[HY000] [1040] Too many connections
spike,2026-09-10T10:49:30+07:00,500,614.315,PDOException,SQLSTATE[HY000] [1040] Too many connections
spike,2026-09-10T10:49:30+07:00,500,450.022,PDOException,SQLSTATE[HY000] [1040] Too many connections
spike,2026-09-10T10:49:30+07:00,500,350.243,PDOException,SQLSTATE[HY000] [1040] Too many connections
spike,2026-09-10T10:49:30+07:00,500,490.16,PDOException,SQLSTATE[HY000] [1040] Too many connections
spike,2026-09-10T10:49:30+07:00,500,610.046,PDOException,SQLSTATE[HY000] [1040] Too many connections
spike,2026-09-10T10:49:30+07:00,500,396.739,PDOException,SQLSTATE[HY000] [1040] Too many connections
spike,2026-09-10T10:49:30+07:00,500,732.911,PDOException,SQLSTATE[HY000] [1040] Too many connections
spike,2026-09-10T10:49:30+07:00,500,405.71,PDOException,SQLSTATE[HY000] [1040] Too many connections
spike,2026-09-10T10:49:30+07:00,500,486.505,PDOException,SQLSTATE[HY000] [1040] Too many connections
spike,2026-09-10T10:49:30+07:00,500,736.845,PDOException,SQLSTATE[08004] [1040] Too many connections
spike,2026-09-10T10:49:30+07:00,500,738.784,PDOException,SQLSTATE[HY000] [1040] Too many connections
spike,2026-09-10T10:49:31+07:00,500,384.198,PDOException,SQLSTATE[HY000] [1040] Too many connections
spike,2026-09-10T10:49:31+07:00,500,499.594,PDOException,SQLSTATE[HY000] [1040] Too many connections
spike,2026-09-10T10:49:31+07:00,500,503.272,PDOException,SQLSTATE[HY000] [1040] Too many connections
spike,2026-09-10T10:49:31+07:00,500,557.949,PDOException,SQLSTATE[HY000] [1040] Too many connections
spike,2026-09-10T10:49:31+07:00,500,357.545,PDOException,SQLSTATE[HY000] [1040] Too many connections
spike,2026-09-10T10:49:31+07:00,500,595.999,PDOException,SQLSTATE[HY000] [1040] Too many connections
spike,2026-09-10T10:49:31+07:00,500,424.215,PDOException,SQLSTATE[08004] [1040] Too many connections
spike,2026-09-10T10:49:31+07:00,500,390.664,PDOException,SQLSTATE[HY000] [1040] Too many connections
spike,2026-09-10T10:49:31+07:00,500,527.655,PDOException,SQLSTATE[HY000] [1040] Too many connections
spike,2026-09-10T10:49:31+07:00,500,249.284,PDOException,SQLSTATE[HY000] [1040] Too many connections
spike,2026-09-10T10:49:31+07:00,500,529.078,PDOException,SQLSTATE[HY000] [1040] Too many connections
spike,2026-09-10T10:49:31+07:00,500,528.793,PDOException,SQLSTATE[HY000] [1040] Too many connections
spike,2026-09-10T10:49:31+07:00,500,422.815,PDOException,SQLSTATE[08004] [1040] Too many connections
spike,2026-09-10T10:49:31+07:00,500,629.54,PDOException,SQLSTATE[08004] [1040] Too many connections
spike,2026-09-10T10:49:31+07:00,500,328.932,PDOException,SQLSTATE[08004] [1040] Too many connections
spike,2026-09-10T10:49:31+07:00,500,261.969,PDOException,SQLSTATE[08004] [1040] Too many connections
spike,2026-09-10T10:49:31+07:00,500,322.903,PDOException,SQLSTATE[HY000] [1040] Too many connections
spike,2026-09-10T10:49:31+07:00,500,369.091,PDOException,SQLSTATE[HY000] [1040] Too many connections
spike,2026-09-10T10:49:31+07:00,500,373.927,PDOException,SQLSTATE[08004] [1040] Too many connections
spike,2026-09-10T10:49:31+07:00,500,369.595,PDOException,SQLSTATE[HY000] [1040] Too many connections
spike,2026-09-10T10:49:31+07:00,500,370.677,PDOException,SQLSTATE[HY000] [1040] Too many connections
spike,2026-09-10T10:49:31+07:00,500,387.283,PDOException,SQLSTATE[08004] [1040] Too many connections
spike,2026-09-10T10:49:31+07:00,500,387.407,PDOException,SQLSTATE[HY000] [1040] Too many connections
spike,2026-09-10T10:49:32+07:00,500,398.242,PDOException,SQLSTATE[HY000] [1040] Too many connections
spike,2026-09-10T10:49:32+07:00,500,223.034,PDOException,SQLSTATE[HY000] [1040] Too many connections
spike,2026-09-10T10:49:32+07:00,500,249.239,PDOException,SQLSTATE[HY000] [1040] Too many connections
spike,2026-09-10T10:49:32+07:00,500,237.163,PDOException,SQLSTATE[HY000] [1040] Too many connections
spike,2026-09-10T10:49:32+07:00,500,254.029,PDOException,SQLSTATE[HY000] [1040] Too many connections
spike,2026-09-10T10:49:32+07:00,500,212.112,PDOException,SQLSTATE[HY000] [1040] Too many connections
spike,2026-09-10T10:49:32+07:00,500,253.888,PDOException,SQLSTATE[HY000] [1040] Too many connections
spike,2026-09-10T10:49:32+07:00,500,213.711,PDOException,SQLSTATE[HY000] [1040] Too many connections
spike,2026-09-10T10:49:32+07:00,500,218.389,PDOException,SQLSTATE[HY000] [1040] Too many connections
spike,2026-09-10T10:49:32+07:00,500,228.691,PDOException,SQLSTATE[HY000] [1040] Too many connections
spike,2026-09-10T10:49:32+07:00,500,127.049,PDOException,SQLSTATE[HY000] [1040] Too many connections
spike,2026-09-10T10:49:32+07:00,500,115.536,PDOException,SQLSTATE[HY000] [1040] Too many connections
spike,2026-09-10T10:49:32+07:00,500,206.9,PDOException,SQLSTATE[HY000] [1040] Too many connections
spike,2026-09-10T10:49:32+07:00,500,106.22,PDOException,SQLSTATE[HY000] [1040] Too many connections
spike,2026-09-10T10:49:32+07:00,500,187.101,PDOException,SQLSTATE[HY000] [1040] Too many connections
spike,2026-09-10T10:49:32+07:00,500,97.959,PDOException,SQLSTATE[HY000] [1040] Too many connections
spike,2026-09-10T10:49:32+07:00,500,421.835,PDOException,SQLSTATE[HY000] [1040] Too many connections
spike,2026-09-10T10:49:32+07:00,500,183.132,PDOException,SQLSTATE[08004] [1040] Too many connections
spike,2026-09-10T10:49:32+07:00,500,202.787,PDOException,SQLSTATE[HY000] [1040] Too many connections
spike,2026-09-10T10:49:32+07:00,500,417.269,PDOException,SQLSTATE[HY000] [1040] Too many connections
spike,2026-09-10T10:49:32+07:00,500,157.274,PDOException,SQLSTATE[HY000] [1040] Too many connections
spike,2026-09-10T10:49:32+07:00,500,184.681,PDOException,SQLSTATE[HY000] [1040] Too many connections
spike,2026-09-10T10:49:32+07:00,500,256.543,PDOException,SQLSTATE[HY000] [1040] Too many connections
spike,2026-09-10T10:49:32+07:00,500,150.482,PDOException,SQLSTATE[HY000] [1040] Too many connections
spike,2026-09-10T10:49:33+07:00,500,160.535,PDOException,SQLSTATE[HY000] [1040] Too many connections
spike,2026-09-10T10:49:33+07:00,500,163.623,PDOException,SQLSTATE[HY000] [1040] Too many connections
stress,2026-09-10T10:44:20+07:00,500,264.821,PDOException,SQLSTATE[HY000] [1040] Too many connections
stress,2026-09-10T10:44:21+07:00,500,186.186,PDOException,SQLSTATE[HY000] [1040] Too many connections
stress,2026-09-10T10:44:21+07:00,500,245.498,PDOException,SQLSTATE[HY000] [1040] Too many connections
stress,2026-09-10T10:44:21+07:00,500,236.495,PDOException,SQLSTATE[HY000] [1040] Too many connections
stress,2026-09-10T10:44:22+07:00,500,340.969,PDOException,SQLSTATE[HY000] [1040] Too many connections
stress,2026-09-10T10:44:22+07:00,500,78.894,PDOException,SQLSTATE[HY000] [1040] Too many connections
stress,2026-09-10T10:44:22+07:00,500,86.5,PDOException,SQLSTATE[HY000] [1040] Too many connections
stress,2026-09-10T10:44:22+07:00,500,118.142,PDOException,SQLSTATE[HY000] [1040] Too many connections
stress,2026-09-10T10:44:23+07:00,500,207.064,PDOException,SQLSTATE[HY000] [1040] Too many connections
stress,2026-09-10T10:44:23+07:00,500,426.372,PDOException,SQLSTATE[HY000] [1040] Too many connections
stress,2026-09-10T10:44:23+07:00,500,180.241,PDOException,SQLSTATE[HY000] [1040] Too many connections
stress,2026-09-10T10:44:24+07:00,500,207.299,PDOException,SQLSTATE[HY000] [1040] Too many connections
stress,2026-09-10T10:44:24+07:00,500,92.08,PDOException,SQLSTATE[HY000] [1040] Too many connections
stress,2026-09-10T10:44:24+07:00,500,92.102,PDOException,SQLSTATE[HY000] [1040] Too many connections
stress,2026-09-10T10:44:25+07:00,500,125.657,PDOException,SQLSTATE[HY000] [1040] Too many connections
stress,2026-09-10T10:44:25+07:00,500,378.727,PDOException,SQLSTATE[HY000] [1040] Too many connections
stress,2026-09-10T10:44:25+07:00,500,425.524,PDOException,SQLSTATE[HY000] [1040] Too many connections
stress,2026-09-10T10:44:27+07:00,500,222.575,PDOException,SQLSTATE[HY000] [1040] Too many connections
stress,2026-09-10T10:44:27+07:00,500,221.066,PDOException,SQLSTATE[HY000] [1040] Too many connections
stress,2026-09-10T10:44:28+07:00,500,85.537,PDOException,SQLSTATE[HY000] [1040] Too many connections
stress,2026-09-10T10:44:28+07:00,500,225.897,PDOException,SQLSTATE[HY000] [1040] Too many connections
stress,2026-09-10T10:44:28+07:00,500,135.749,PDOException,SQLSTATE[HY000] [1040] Too many connections
stress,2026-09-10T10:44:29+07:00,500,105.837,PDOException,SQLSTATE[HY000] [1040] Too many connections
stress,2026-09-10T10:44:29+07:00,500,91.738,PDOException,SQLSTATE[HY000] [1040] Too many connections
stress,2026-09-10T10:44:29+07:00,500,101.92,PDOException,SQLSTATE[HY000] [1040] Too many connections
stress,2026-09-10T10:44:29+07:00,500,170.856,PDOException,SQLSTATE[HY000] [1040] Too many connections
stress,2026-09-10T10:44:30+07:00,500,256.995,PDOException,SQLSTATE[HY000] [1040] Too many connections
stress,2026-09-10T10:44:30+07:00,500,240.819,PDOException,SQLSTATE[HY000] [1040] Too many connections
stress,2026-09-10T10:44:30+07:00,500,259.111,PDOException,SQLSTATE[HY000] [1040] Too many connections
stress,2026-09-10T10:44:30+07:00,500,138.854,PDOException,SQLSTATE[HY000] [1040] Too many connections
stress,2026-09-10T10:44:30+07:00,500,139.075,PDOException,SQLSTATE[HY000] [1040] Too many connections
stress,2026-09-10T10:44:30+07:00,500,138.51,PDOException,SQLSTATE[HY000] [1040] Too many connections
stress,2026-09-10T10:44:31+07:00,500,352.659,PDOException,SQLSTATE[HY000] [1040] Too many connections
stress,2026-09-10T10:44:31+07:00,500,305.122,PDOException,SQLSTATE[HY000] [1040] Too many connections
stress,2026-09-10T10:44:31+07:00,500,353.549,PDOException,SQLSTATE[HY000] [1040] Too many connections
stress,2026-09-10T10:44:31+07:00,500,124.961,PDOException,SQLSTATE[HY000] [1040] Too many connections
stress,2026-09-10T10:44:31+07:00,500,125.097,PDOException,SQLSTATE[HY000] [1040] Too many connections
stress,2026-09-10T10:44:31+07:00,500,126.354,PDOException,SQLSTATE[HY000] [1040] Too many connections
stress,2026-09-10T10:44:31+07:00,500,155.05,PDOException,SQLSTATE[HY000] [1040] Too many connections
stress,2026-09-10T10:44:31+07:00,500,106.602,PDOException,SQLSTATE[HY000] [1040] Too many connections
stress,2026-09-10T10:44:32+07:00,500,408.13,PDOException,SQLSTATE[HY000] [1040] Too many connections
stress,2026-09-10T10:44:32+07:00,500,260.289,PDOException,SQLSTATE[HY000] [1040] Too many connections
stress,2026-09-10T10:44:32+07:00,500,431.672,PDOException,SQLSTATE[HY000] [1040] Too many connections
stress,2026-09-10T10:44:32+07:00,500,347.911,PDOException,SQLSTATE[HY000] [1040] Too many connections
stress,2026-09-10T10:44:32+07:00,500,426.73,PDOException,SQLSTATE[HY000] [1040] Too many connections
stress,2026-09-10T10:44:32+07:00,500,427.31,PDOException,SQLSTATE[HY000] [1040] Too many connections
stress,2026-09-10T10:44:33+07:00,500,422.19,PDOException,SQLSTATE[HY000] [1040] Too many connections
stress,2026-09-10T10:44:33+07:00,500,124.401,PDOException,SQLSTATE[HY000] [1040] Too many connections
stress,2026-09-10T10:44:33+07:00,500,191.985,PDOException,SQLSTATE[HY000] [1040] Too many connections
stress,2026-09-10T10:44:33+07:00,500,385.13,PDOException,SQLSTATE[HY000] [1040] Too many connections
stress,2026-09-10T10:44:33+07:00,500,231.142,PDOException,SQLSTATE[HY000] [1040] Too many connections
stress,2026-09-10T10:44:33+07:00,500,122.162,PDOException,SQLSTATE[HY000] [1040] Too many connections
stress,2026-09-10T10:44:33+07:00,500,121.702,PDOException,SQLSTATE[HY000] [1040] Too many connections
stress,2026-09-10T10:44:33+07:00,500,119.738,PDOException,SQLSTATE[HY000] [1040] Too many connections
stress,2026-09-10T10:44:33+07:00,500,251.281,PDOException,SQLSTATE[HY000] [1040] Too many connections
stress,2026-09-10T10:44:33+07:00,500,123.166,PDOException,SQLSTATE[HY000] [1040] Too many connections
stress,2026-09-10T10:44:34+07:00,500,186.379,PDOException,SQLSTATE[HY000] [1040] Too many connections
stress,2026-09-10T10:44:34+07:00,500,289.038,PDOException,SQLSTATE[HY000] [1040] Too many connections
stress,2026-09-10T10:44:34+07:00,500,238.26,PDOException,SQLSTATE[HY000] [1040] Too many connections
stress,2026-09-10T10:44:34+07:00,500,287.735,PDOException,SQLSTATE[HY000] [1040] Too many connections
stress,2026-09-10T10:44:34+07:00,500,238.146,PDOException,SQLSTATE[HY000] [1040] Too many connections
stress,2026-09-10T10:44:34+07:00,500,97.712,PDOException,SQLSTATE[HY000] [1040] Too many connections
stress,2026-09-10T10:44:34+07:00,500,161.874,PDOException,SQLSTATE[HY000] [1040] Too many connections
stress,2026-09-10T10:44:34+07:00,500,161.723,PDOException,SQLSTATE[HY000] [1040] Too many connections
stress,2026-09-10T10:44:34+07:00,500,202.384,PDOException,SQLSTATE[HY000] [1040] Too many connections
stress,2026-09-10T10:44:34+07:00,500,224.595,PDOException,SQLSTATE[HY000] [1040] Too many connections
stress,2026-09-10T10:44:34+07:00,500,134.51,PDOException,SQLSTATE[HY000] [1040] Too many connections
stress,2026-09-10T10:44:35+07:00,500,498.706,PDOException,SQLSTATE[HY000] [1040] Too many connections
stress,2026-09-10T10:44:35+07:00,500,499.212,PDOException,SQLSTATE[HY000] [1040] Too many connections
stress,2026-09-10T10:44:35+07:00,500,541.649,PDOException,SQLSTATE[HY000] [1040] Too many connections
stress,2026-09-10T10:44:35+07:00,500,492.195,PDOException,SQLSTATE[HY000] [1040] Too many connections
stress,2026-09-10T10:44:35+07:00,500,138.374,PDOException,SQLSTATE[HY000] [1040] Too many connections
stress,2026-09-10T10:44:35+07:00,500,131.512,PDOException,SQLSTATE[HY000] [1040] Too many connections
stress,2026-09-10T10:44:35+07:00,500,105.556,PDOException,SQLSTATE[HY000] [1040] Too many connections
stress,2026-09-10T10:44:35+07:00,500,139.146,PDOException,SQLSTATE[HY000] [1040] Too many connections
stress,2026-09-10T10:44:36+07:00,500,250.053,PDOException,SQLSTATE[HY000] [1040] Too many connections
stress,2026-09-10T10:44:36+07:00,500,283.296,PDOException,SQLSTATE[HY000] [1040] Too many connections
stress,2026-09-10T10:44:36+07:00,500,167.32,PDOException,SQLSTATE[HY000] [1040] Too many connections
stress,2026-09-10T10:44:36+07:00,500,224.405,PDOException,SQLSTATE[HY000] [1040] Too many connections
stress,2026-09-10T10:44:36+07:00,500,241.82,PDOException,SQLSTATE[HY000] [1040] Too many connections
stress,2026-09-10T10:44:36+07:00,500,146.94,PDOException,SQLSTATE[HY000] [1040] Too many connections
stress,2026-09-10T10:44:36+07:00,500,248.612,PDOException,SQLSTATE[HY000] [1040] Too many connections
stress,2026-09-10T10:44:36+07:00,500,205.218,PDOException,SQLSTATE[HY000] [1040] Too many connections
stress,2026-09-10T10:44:36+07:00,500,236.135,PDOException,SQLSTATE[HY000] [1040] Too many connections
stress,2026-09-10T10:44:36+07:00,500,206.009,PDOException,SQLSTATE[HY000] [1040] Too many connections
stress,2026-09-10T10:44:36+07:00,500,293.353,PDOException,SQLSTATE[HY000] [1040] Too many connections
stress,2026-09-10T10:44:36+07:00,500,186.096,PDOException,SQLSTATE[HY000] [1040] Too many connections
stress,2026-09-10T10:44:36+07:00,500,240.214,PDOException,SQLSTATE[HY000] [1040] Too many connections
stress,2026-09-10T10:44:37+07:00,500,439.147,PDOException,SQLSTATE[08004] [1040] Too many connections
stress,2026-09-10T10:44:37+07:00,500,422.418,PDOException,SQLSTATE[HY000] [1040] Too many connections
stress,2026-09-10T10:44:37+07:00,500,433.944,PDOException,SQLSTATE[HY000] [1040] Too many connections
stress,2026-09-10T10:44:37+07:00,500,408.978,PDOException,SQLSTATE[HY000] [1040] Too many connections
stress,2026-09-10T10:44:37+07:00,500,325.846,PDOException,SQLSTATE[HY000] [1040] Too many connections
stress,2026-09-10T10:44:37+07:00,500,275.2,PDOException,SQLSTATE[HY000] [1040] Too many connections
stress,2026-09-10T10:44:37+07:00,500,443.749,PDOException,SQLSTATE[HY000] [1040] Too many connections
stress,2026-09-10T10:44:38+07:00,500,514.086,PDOException,SQLSTATE[HY000] [1040] Too many connections
stress,2026-09-10T10:44:38+07:00,500,669.396,PDOException,SQLSTATE[HY000] [1040] Too many connections
stress,2026-09-10T10:44:38+07:00,500,670.946,PDOException,SQLSTATE[HY000] [1040] Too many connections
stress,2026-09-10T10:44:38+07:00,500,368.922,PDOException,SQLSTATE[HY000] [1040] Too many connections
stress,2026-09-10T10:44:38+07:00,500,335.785,PDOException,SQLSTATE[HY000] [1040] Too many connections
stress,2026-09-10T10:44:38+07:00,500,337.437,PDOException,SQLSTATE[HY000] [1040] Too many connections
stress,2026-09-10T10:44:38+07:00,500,390.53,PDOException,SQLSTATE[HY000] [1040] Too many connections
stress,2026-09-10T10:44:38+07:00,500,393.961,PDOException,SQLSTATE[HY000] [1040] Too many connections
stress,2026-09-10T10:44:38+07:00,500,400.08,PDOException,SQLSTATE[HY000] [1040] Too many connections
stress,2026-09-10T10:44:38+07:00,500,103.398,PDOException,SQLSTATE[HY000] [1040] Too many connections
stress,2026-09-10T10:44:38+07:00,500,410.564,PDOException,SQLSTATE[HY000] [1040] Too many connections
stress,2026-09-10T10:44:38+07:00,500,127.936,PDOException,SQLSTATE[HY000] [1040] Too many connections
stress,2026-09-10T10:44:38+07:00,500,118.959,PDOException,SQLSTATE[HY000] [1040] Too many connections
stress,2026-09-10T10:44:38+07:00,500,190.603,PDOException,SQLSTATE[HY000] [1040] Too many connections
stress,2026-09-10T10:44:38+07:00,500,117.49,PDOException,SQLSTATE[HY000] [1040] Too many connections
stress,2026-09-10T10:44:38+07:00,500,122.516,PDOException,SQLSTATE[HY000] [1040] Too many connections
stress,2026-09-10T10:44:38+07:00,500,250.67,PDOException,SQLSTATE[08004] [1040] Too many connections
stress,2026-09-10T10:44:38+07:00,500,86.722,PDOException,SQLSTATE[08004] [1040] Too many connections
stress,2026-09-10T10:44:38+07:00,500,142.18,PDOException,SQLSTATE[HY000] [1040] Too many connections
stress,2026-09-10T10:44:38+07:00,500,125.107,PDOException,SQLSTATE[HY000] [1040] Too many connections
stress,2026-09-10T10:44:39+07:00,500,377.269,PDOException,SQLSTATE[HY000] [1040] Too many connections
stress,2026-09-10T10:44:39+07:00,500,153.671,PDOException,SQLSTATE[HY000] [1040] Too many connections
stress,2026-09-10T10:44:39+07:00,500,144.841,PDOException,SQLSTATE[HY000] [1040] Too many connections
stress,2026-09-10T10:44:39+07:00,500,360.942,PDOException,SQLSTATE[HY000] [1040] Too many connections
stress,2026-09-10T10:44:39+07:00,500,233.549,PDOException,SQLSTATE[HY000] [1040] Too many connections
stress,2026-09-10T10:44:39+07:00,500,364.782,PDOException,SQLSTATE[HY000] [1040] Too many connections
stress,2026-09-10T10:44:39+07:00,500,225.88,PDOException,SQLSTATE[HY000] [1040] Too many connections
stress,2026-09-10T10:44:39+07:00,500,90.983,PDOException,SQLSTATE[HY000] [1040] Too many connections
stress,2026-09-10T10:44:39+07:00,500,93.352,PDOException,SQLSTATE[HY000] [1040] Too many connections
stress,2026-09-10T10:44:39+07:00,500,343.077,PDOException,SQLSTATE[HY000] [1040] Too many connections
stress,2026-09-10T10:44:39+07:00,500,291.594,PDOException,SQLSTATE[HY000] [1040] Too many connections
stress,2026-09-10T10:44:39+07:00,500,257.313,PDOException,SQLSTATE[HY000] [1040] Too many connections
stress,2026-09-10T10:44:39+07:00,500,117.098,PDOException,SQLSTATE[HY000] [1040] Too many connections
stress,2026-09-10T10:44:39+07:00,500,267.89,PDOException,SQLSTATE[HY000] [1040] Too many connections
stress,2026-09-10T10:44:39+07:00,500,126.376,PDOException,SQLSTATE[HY000] [1040] Too many connections
stress,2026-09-10T10:44:39+07:00,500,142.734,PDOException,SQLSTATE[HY000] [1040] Too many connections
stress,2026-09-10T10:44:39+07:00,500,98.086,PDOException,SQLSTATE[HY000] [1040] Too many connections
stress,2026-09-10T10:44:39+07:00,500,173.384,PDOException,SQLSTATE[HY000] [1040] Too many connections
stress,2026-09-10T10:44:39+07:00,500,129.522,PDOException,SQLSTATE[HY000] [1040] Too many connections
stress,2026-09-10T10:44:39+07:00,500,210.929,PDOException,SQLSTATE[HY000] [1040] Too many connections
stress,2026-09-10T10:44:39+07:00,500,232.055,PDOException,SQLSTATE[HY000] [1040] Too many connections
stress,2026-09-10T10:44:40+07:00,500,490.136,PDOException,SQLSTATE[HY000] [1040] Too many connections
stress,2026-09-10T10:44:40+07:00,500,445.047,PDOException,SQLSTATE[HY000] [1040] Too many connections
stress,2026-09-10T10:44:40+07:00,500,557.855,PDOException,SQLSTATE[HY000] [1040] Too many connections
stress,2026-09-10T10:44:40+07:00,500,592.662,PDOException,SQLSTATE[HY000] [1040] Too many connections
stress,2026-09-10T10:44:40+07:00,500,557.369,PDOException,SQLSTATE[HY000] [1040] Too many connections
stress,2026-09-10T10:44:40+07:00,500,191.31,PDOException,SQLSTATE[HY000] [1040] Too many connections
stress,2026-09-10T10:44:40+07:00,500,164.137,PDOException,SQLSTATE[HY000] [1040] Too many connections
stress,2026-09-10T10:44:40+07:00,500,216.322,PDOException,SQLSTATE[HY000] [1040] Too many connections
stress,2026-09-10T10:44:40+07:00,500,220.096,PDOException,SQLSTATE[HY000] [1040] Too many connections
stress,2026-09-10T10:44:40+07:00,500,217.81,PDOException,SQLSTATE[HY000] [1040] Too many connections
stress,2026-09-10T10:44:40+07:00,500,203.132,PDOException,SQLSTATE[HY000] [1040] Too many connections
stress,2026-09-10T10:44:41+07:00,500,137.685,PDOException,SQLSTATE[HY000] [1040] Too many connections
stress,2026-09-10T10:44:41+07:00,500,140.035,PDOException,SQLSTATE[HY000] [1040] Too many connections
stress,2026-09-10T10:44:41+07:00,500,192.842,PDOException,SQLSTATE[HY000] [1040] Too many connections
stress,2026-09-10T10:44:41+07:00,500,130.48,PDOException,SQLSTATE[HY000] [1040] Too many connections
stress,2026-09-10T10:44:41+07:00,500,303.955,PDOException,SQLSTATE[HY000] [1040] Too many connections
stress,2026-09-10T10:44:41+07:00,500,153.527,PDOException,SQLSTATE[HY000] [1040] Too many connections
stress,2026-09-10T10:44:41+07:00,500,339.195,PDOException,SQLSTATE[HY000] [1040] Too many connections
stress,2026-09-10T10:44:41+07:00,500,184.959,PDOException,SQLSTATE[HY000] [1040] Too many connections
stress,2026-09-10T10:44:41+07:00,500,75.085,PDOException,SQLSTATE[HY000] [1040] Too many connections
stress,2026-09-10T10:44:42+07:00,500,272.284,PDOException,SQLSTATE[HY000] [1040] Too many connections
stress,2026-09-10T10:44:42+07:00,500,294.324,PDOException,SQLSTATE[HY000] [1040] Too many connections
stress,2026-09-10T10:44:42+07:00,500,172.927,PDOException,SQLSTATE[HY000] [1040] Too many connections
stress,2026-09-10T10:44:42+07:00,500,185.097,PDOException,SQLSTATE[HY000] [1040] Too many connections
stress,2026-09-10T10:44:42+07:00,500,208.266,PDOException,SQLSTATE[HY000] [1040] Too many connections
stress,2026-09-10T10:44:42+07:00,500,218.464,PDOException,SQLSTATE[HY000] [1040] Too many connections
stress,2026-09-10T10:44:42+07:00,500,185.262,PDOException,SQLSTATE[HY000] [1040] Too many connections
stress,2026-09-10T10:44:42+07:00,500,235.462,PDOException,SQLSTATE[HY000] [1040] Too many connections
stress,2026-09-10T10:44:42+07:00,500,327.65,PDOException,SQLSTATE[HY000] [1040] Too many connections
stress,2026-09-10T10:44:42+07:00,500,189.609,PDOException,SQLSTATE[HY000] [1040] Too many connections
stress,2026-09-10T10:44:42+07:00,500,278.127,PDOException,SQLSTATE[HY000] [1040] Too many connections
stress,2026-09-10T10:44:42+07:00,500,304.293,PDOException,SQLSTATE[HY000] [1040] Too many connections
stress,2026-09-10T10:44:42+07:00,500,349.511,PDOException,SQLSTATE[HY000] [1040] Too many connections
stress,2026-09-10T10:44:42+07:00,500,342.908,PDOException,SQLSTATE[08004] [1040] Too many connections
stress,2026-09-10T10:44:42+07:00,500,171.614,PDOException,SQLSTATE[HY000] [1040] Too many connections
stress,2026-09-10T10:44:42+07:00,500,190.278,PDOException,SQLSTATE[HY000] [1040] Too many connections
stress,2026-09-10T10:44:42+07:00,500,201.622,PDOException,SQLSTATE[HY000] [1040] Too many connections
stress,2026-09-10T10:44:43+07:00,500,217.383,PDOException,SQLSTATE[HY000] [1040] Too many connections
stress,2026-09-10T10:44:43+07:00,500,164.985,PDOException,SQLSTATE[HY000] [1040] Too many connections
stress,2026-09-10T10:44:43+07:00,500,183.007,PDOException,SQLSTATE[HY000] [1040] Too many connections
stress,2026-09-10T10:44:43+07:00,500,207.661,PDOException,SQLSTATE[HY000] [1040] Too many connections
stress,2026-09-10T10:44:43+07:00,500,138.296,PDOException,SQLSTATE[HY000] [1040] Too many connections
stress,2026-09-10T10:44:43+07:00,500,267.816,PDOException,SQLSTATE[HY000] [1040] Too many connections
stress,2026-09-10T10:44:43+07:00,500,158.894,PDOException,SQLSTATE[HY000] [1040] Too many connections
stress,2026-09-10T10:44:43+07:00,500,359.788,PDOException,SQLSTATE[HY000] [1040] Too many connections
stress,2026-09-10T10:44:43+07:00,500,271.426,PDOException,SQLSTATE[HY000] [1040] Too many connections
stress,2026-09-10T10:44:43+07:00,500,339.537,PDOException,SQLSTATE[HY000] [1040] Too many connections
stress,2026-09-10T10:44:43+07:00,500,376.642,PDOException,SQLSTATE[HY000] [1040] Too many connections
stress,2026-09-10T10:44:43+07:00,500,221.332,PDOException,SQLSTATE[HY000] [1040] Too many connections
stress,2026-09-10T10:44:43+07:00,500,306.712,PDOException,SQLSTATE[HY000] [1040] Too many connections
stress,2026-09-10T10:44:43+07:00,500,112.15,PDOException,SQLSTATE[HY000] [1040] Too many connections
stress,2026-09-10T10:44:43+07:00,500,122.531,PDOException,SQLSTATE[HY000] [1040] Too many connections
stress,2026-09-10T10:44:44+07:00,500,301.443,PDOException,SQLSTATE[HY000] [1040] Too many connections
stress,2026-09-10T10:44:44+07:00,500,108.942,PDOException,SQLSTATE[HY000] [1040] Too many connections
stress,2026-09-10T10:44:44+07:00,500,197.915,PDOException,SQLSTATE[HY000] [1040] Too many connections
stress,2026-09-10T10:44:44+07:00,500,321.355,PDOException,SQLSTATE[HY000] [1040] Too many connections
stress,2026-09-10T10:44:44+07:00,500,293.118,PDOException,SQLSTATE[HY000] [1040] Too many connections
stress,2026-09-10T10:44:44+07:00,500,301.476,PDOException,SQLSTATE[HY000] [1040] Too many connections
stress,2026-09-10T10:44:44+07:00,500,90.69,PDOException,SQLSTATE[HY000] [1040] Too many connections
stress,2026-09-10T10:44:44+07:00,500,143.876,PDOException,SQLSTATE[HY000] [1040] Too many connections
stress,2026-09-10T10:44:44+07:00,500,148.447,PDOException,SQLSTATE[HY000] [1040] Too many connections
stress,2026-09-10T10:44:44+07:00,500,148.464,PDOException,SQLSTATE[HY000] [1040] Too many connections
stress,2026-09-10T10:44:44+07:00,500,175.029,PDOException,SQLSTATE[HY000] [1040] Too many connections
stress,2026-09-10T10:44:44+07:00,500,291.529,PDOException,SQLSTATE[HY000] [1040] Too many connections
stress,2026-09-10T10:44:44+07:00,500,136.681,PDOException,SQLSTATE[HY000] [1040] Too many connections
stress,2026-09-10T10:44:44+07:00,500,270.283,PDOException,SQLSTATE[HY000] [1040] Too many connections
stress,2026-09-10T10:44:44+07:00,500,126.665,PDOException,SQLSTATE[HY000] [1040] Too many connections
stress,2026-09-10T10:44:44+07:00,500,322.832,PDOException,SQLSTATE[HY000] [1040] Too many connections
stress,2026-09-10T10:44:44+07:00,500,148.419,PDOException,SQLSTATE[HY000] [1040] Too many connections
stress,2026-09-10T10:44:44+07:00,500,321.825,PDOException,SQLSTATE[HY000] [1040] Too many connections
stress,2026-09-10T10:44:44+07:00,500,144.241,PDOException,SQLSTATE[08004] [1040] Too many connections
stress,2026-09-10T10:44:44+07:00,500,175.59,PDOException,SQLSTATE[HY000] [1040] Too many connections
stress,2026-09-10T10:44:44+07:00,500,182.233,PDOException,SQLSTATE[HY000] [1040] Too many connections
stress,2026-09-10T10:44:44+07:00,500,130.886,PDOException,SQLSTATE[HY000] [1040] Too many connections
stress,2026-09-10T10:44:44+07:00,500,195.424,PDOException,SQLSTATE[HY000] [1040] Too many connections
stress,2026-09-10T10:44:44+07:00,500,120.173,PDOException,SQLSTATE[HY000] [1040] Too many connections
stress,2026-09-10T10:44:45+07:00,500,329.418,PDOException,SQLSTATE[HY000] [1040] Too many connections
stress,2026-09-10T10:44:45+07:00,500,213.973,PDOException,SQLSTATE[HY000] [1040] Too many connections
stress,2026-09-10T10:44:45+07:00,500,284.037,PDOException,SQLSTATE[08004] [1040] Too many connections
stress,2026-09-10T10:44:45+07:00,500,282.387,PDOException,SQLSTATE[08004] [1040] Too many connections
stress,2026-09-10T10:44:45+07:00,500,321.09,PDOException,SQLSTATE[HY000] [1040] Too many connections
stress,2026-09-10T10:44:45+07:00,500,255.918,PDOException,SQLSTATE[08004] [1040] Too many connections
stress,2026-09-10T10:44:45+07:00,500,227.659,PDOException,SQLSTATE[HY000] [1040] Too many connections
stress,2026-09-10T10:44:45+07:00,500,311.151,PDOException,SQLSTATE[HY000] [1040] Too many connections
stress,2026-09-10T10:44:45+07:00,500,340.263,PDOException,SQLSTATE[HY000] [1040] Too many connections
stress,2026-09-10T10:44:45+07:00,500,145.978,PDOException,SQLSTATE[HY000] [1040] Too many connections
stress,2026-09-10T10:44:45+07:00,500,108.595,PDOException,SQLSTATE[HY000] [1040] Too many connections
stress,2026-09-10T10:44:45+07:00,500,191.676,PDOException,SQLSTATE[HY000] [1040] Too many connections
stress,2026-09-10T10:44:45+07:00,500,228.557,PDOException,SQLSTATE[HY000] [1040] Too many connections
stress,2026-09-10T10:44:45+07:00,500,142.266,PDOException,SQLSTATE[HY000] [1040] Too many connections
stress,2026-09-10T10:44:45+07:00,500,267.656,PDOException,SQLSTATE[HY000] [1040] Too many connections
stress,2026-09-10T10:44:45+07:00,500,355.527,PDOException,SQLSTATE[HY000] [1040] Too many connections
stress,2026-09-10T10:44:45+07:00,500,355.46,PDOException,SQLSTATE[08004] [1040] Too many connections
stress,2026-09-10T10:44:46+07:00,500,182.5,PDOException,SQLSTATE[08004] [1040] Too many connections
stress,2026-09-10T10:44:46+07:00,500,298.278,PDOException,SQLSTATE[08004] [1040] Too many connections
stress,2026-09-10T10:44:46+07:00,500,262.941,PDOException,SQLSTATE[HY000] [1040] Too many connections
stress,2026-09-10T10:44:46+07:00,500,335.275,PDOException,SQLSTATE[HY000] [1040] Too many connections
stress,2026-09-10T10:44:46+07:00,500,251.248,PDOException,SQLSTATE[HY000] [1040] Too many connections
stress,2026-09-10T10:44:46+07:00,500,222.759,PDOException,SQLSTATE[HY000] [1040] Too many connections
stress,2026-09-10T10:44:46+07:00,500,91.474,PDOException,SQLSTATE[HY000] [1040] Too many connections
stress,2026-09-10T10:44:46+07:00,500,209.19,PDOException,SQLSTATE[HY000] [1040] Too many connections
stress,2026-09-10T10:44:46+07:00,500,220.724,PDOException,SQLSTATE[HY000] [1040] Too many connections
stress,2026-09-10T10:44:46+07:00,500,188.124,PDOException,SQLSTATE[HY000] [1040] Too many connections
stress,2026-09-10T10:44:46+07:00,500,263.277,PDOException,SQLSTATE[HY000] [1040] Too many connections
stress,2026-09-10T10:44:46+07:00,500,206.37,PDOException,SQLSTATE[08004] [1040] Too many connections
stress,2026-09-10T10:44:46+07:00,500,202.885,PDOException,SQLSTATE[HY000] [1040] Too many connections
stress,2026-09-10T10:44:46+07:00,500,191.74,PDOException,SQLSTATE[HY000] [1040] Too many connections
stress,2026-09-10T10:44:46+07:00,500,181.758,PDOException,SQLSTATE[HY000] [1040] Too many connections
stress,2026-09-10T10:44:46+07:00,500,180.962,PDOException,SQLSTATE[HY000] [1040] Too many connections
stress,2026-09-10T10:44:46+07:00,500,180.967,PDOException,SQLSTATE[HY000] [1040] Too many connections
stress,2026-09-10T10:44:46+07:00,500,213.584,PDOException,SQLSTATE[HY000] [1040] Too many connections
stress,2026-09-10T10:44:47+07:00,500,223.932,PDOException,SQLSTATE[HY000] [1040] Too many connections
stress,2026-09-10T10:44:47+07:00,500,172.226,PDOException,SQLSTATE[HY000] [1040] Too many connections
stress,2026-09-10T10:44:47+07:00,500,85.076,PDOException,SQLSTATE[HY000] [1040] Too many connections
stress,2026-09-10T10:44:47+07:00,500,154.664,PDOException,SQLSTATE[HY000] [1040] Too many connections
stress,2026-09-10T10:44:47+07:00,500,269.991,PDOException,SQLSTATE[HY000] [1040] Too many connections
stress,2026-09-10T10:44:47+07:00,500,241.26,PDOException,SQLSTATE[HY000] [1040] Too many connections
stress,2026-09-10T10:44:47+07:00,500,173.592,PDOException,SQLSTATE[HY000] [1040] Too many connections
stress,2026-09-10T10:44:47+07:00,500,331.531,PDOException,SQLSTATE[HY000] [1040] Too many connections
stress,2026-09-10T10:44:47+07:00,500,129.254,PDOException,SQLSTATE[HY000] [1040] Too many connections
stress,2026-09-10T10:44:47+07:00,500,117.068,PDOException,SQLSTATE[08004] [1040] Too many connections
stress,2026-09-10T10:44:47+07:00,500,113.96,PDOException,SQLSTATE[HY000] [1040] Too many connections
stress,2026-09-10T10:44:47+07:00,500,119.658,PDOException,SQLSTATE[HY000] [1040] Too many connections
stress,2026-09-10T10:44:47+07:00,500,250.225,PDOException,SQLSTATE[HY000] [1040] Too many connections
stress,2026-09-10T10:44:47+07:00,500,285.225,PDOException,SQLSTATE[HY000] [1040] Too many connections
stress,2026-09-10T10:44:47+07:00,500,279.989,PDOException,SQLSTATE[HY000] [1040] Too many connections
stress,2026-09-10T10:44:47+07:00,500,341.386,PDOException,SQLSTATE[HY000] [1040] Too many connections
stress,2026-09-10T10:44:48+07:00,500,94.612,PDOException,SQLSTATE[HY000] [1040] Too many connections
stress,2026-09-10T10:44:48+07:00,500,133.489,PDOException,SQLSTATE[HY000] [1040] Too many connections
stress,2026-09-10T10:44:48+07:00,500,250.515,PDOException,SQLSTATE[HY000] [1040] Too many connections
stress,2026-09-10T10:44:48+07:00,500,242.719,PDOException,SQLSTATE[HY000] [1040] Too many connections
stress,2026-09-10T10:44:48+07:00,500,77.558,PDOException,SQLSTATE[HY000] [1040] Too many connections
stress,2026-09-10T10:44:48+07:00,500,302.376,PDOException,SQLSTATE[HY000] [1040] Too many connections
stress,2026-09-10T10:44:48+07:00,500,340.252,PDOException,SQLSTATE[HY000] [1040] Too many connections
stress,2026-09-10T10:44:48+07:00,500,136.739,PDOException,SQLSTATE[HY000] [1040] Too many connections
stress,2026-09-10T10:44:48+07:00,500,311.154,PDOException,SQLSTATE[HY000] [1040] Too many connections
stress,2026-09-10T10:44:48+07:00,500,399.568,PDOException,SQLSTATE[HY000] [1040] Too many connections
stress,2026-09-10T10:44:48+07:00,500,243.434,PDOException,SQLSTATE[HY000] [1040] Too many connections
stress,2026-09-10T10:44:48+07:00,500,235.846,PDOException,SQLSTATE[HY000] [1040] Too many connections
stress,2026-09-10T10:44:48+07:00,500,319.866,PDOException,SQLSTATE[HY000] [1040] Too many connections
stress,2026-09-10T10:44:48+07:00,500,285.124,PDOException,SQLSTATE[HY000] [1040] Too many connections
stress,2026-09-10T10:44:48+07:00,500,122.66,PDOException,SQLSTATE[HY000] [1040] Too many connections
stress,2026-09-10T10:44:48+07:00,500,236.441,PDOException,SQLSTATE[HY000] [1040] Too many connections
stress,2026-09-10T10:44:48+07:00,500,185.442,PDOException,SQLSTATE[HY000] [1040] Too many connections
stress,2026-09-10T10:44:48+07:00,500,307.638,PDOException,SQLSTATE[HY000] [1040] Too many connections
stress,2026-09-10T10:44:48+07:00,500,307.788,PDOException,SQLSTATE[HY000] [1040] Too many connections
stress,2026-09-10T10:44:49+07:00,500,253.52,PDOException,SQLSTATE[HY000] [1040] Too many connections
stress,2026-09-10T10:44:49+07:00,500,326.614,PDOException,SQLSTATE[HY000] [1040] Too many connections
stress,2026-09-10T10:44:49+07:00,500,219.516,PDOException,SQLSTATE[08004] [1040] Too many connections
stress,2026-09-10T10:44:49+07:00,500,326.622,PDOException,SQLSTATE[HY000] [1040] Too many connections
stress,2026-09-10T10:44:49+07:00,500,150.965,PDOException,SQLSTATE[HY000] [1040] Too many connections
stress,2026-09-10T10:44:49+07:00,500,325.381,PDOException,SQLSTATE[HY000] [1040] Too many connections
stress,2026-09-10T10:44:49+07:00,500,186.37,PDOException,SQLSTATE[HY000] [1040] Too many connections
stress,2026-09-10T10:44:49+07:00,500,232.074,PDOException,SQLSTATE[HY000] [1040] Too many connections
stress,2026-09-10T10:44:49+07:00,500,284.941,PDOException,SQLSTATE[HY000] [1040] Too many connections
stress,2026-09-10T10:44:49+07:00,500,335.118,PDOException,SQLSTATE[HY000] [1040] Too many connections
stress,2026-09-10T10:44:49+07:00,500,350.578,PDOException,SQLSTATE[HY000] [1040] Too many connections
stress,2026-09-10T10:44:49+07:00,500,166.287,PDOException,SQLSTATE[HY000] [1040] Too many connections
stress,2026-09-10T10:44:49+07:00,500,226.009,PDOException,SQLSTATE[HY000] [1040] Too many connections
stress,2026-09-10T10:44:49+07:00,500,66.369,PDOException,SQLSTATE[HY000] [1040] Too many connections
stress,2026-09-10T10:44:49+07:00,500,235.138,PDOException,SQLSTATE[HY000] [1040] Too many connections
stress,2026-09-10T10:44:49+07:00,500,409.544,PDOException,SQLSTATE[HY000] [1040] Too many connections
stress,2026-09-10T10:44:49+07:00,500,200.114,PDOException,SQLSTATE[HY000] [1040] Too many connections
stress,2026-09-10T10:44:49+07:00,500,168.182,PDOException,SQLSTATE[HY000] [1040] Too many connections
stress,2026-09-10T10:44:49+07:00,500,173.145,PDOException,SQLSTATE[HY000] [1040] Too many connections
stress,2026-09-10T10:44:49+07:00,500,235.826,PDOException,SQLSTATE[HY000] [1040] Too many connections
stress,2026-09-10T10:44:49+07:00,500,132.393,PDOException,SQLSTATE[HY000] [1040] Too many connections
stress,2026-09-10T10:44:49+07:00,500,376.08,PDOException,SQLSTATE[HY000] [1040] Too many connections
stress,2026-09-10T10:44:49+07:00,500,364.832,PDOException,SQLSTATE[HY000] [1040] Too many connections
stress,2026-09-10T10:44:49+07:00,500,174.328,PDOException,SQLSTATE[HY000] [1040] Too many connections
stress,2026-09-10T10:44:49+07:00,500,199.344,PDOException,SQLSTATE[HY000] [1040] Too many connections
stress,2026-09-10T10:44:49+07:00,500,195.06,PDOException,SQLSTATE[HY000] [1040] Too many connections
stress,2026-09-10T10:44:50+07:00,500,147.836,PDOException,SQLSTATE[HY000] [1040] Too many connections
stress,2026-09-10T10:44:50+07:00,500,116.667,PDOException,SQLSTATE[HY000] [1040] Too many connections
stress,2026-09-10T10:44:50+07:00,500,181.921,PDOException,SQLSTATE[HY000] [1040] Too many connections
stress,2026-09-10T10:44:50+07:00,500,139.216,PDOException,SQLSTATE[08004] [1040] Too many connections
stress,2026-09-10T10:44:50+07:00,500,181.837,PDOException,SQLSTATE[HY000] [1040] Too many connections
stress,2026-09-10T10:44:50+07:00,500,304.335,PDOException,SQLSTATE[HY000] [1040] Too many connections
stress,2026-09-10T10:44:50+07:00,500,340.496,PDOException,SQLSTATE[HY000] [1040] Too many connections
stress,2026-09-10T10:44:50+07:00,500,183.82,PDOException,SQLSTATE[HY000] [1040] Too many connections
stress,2026-09-10T10:44:50+07:00,500,118.125,PDOException,SQLSTATE[HY000] [1040] Too many connections
stress,2026-09-10T10:44:50+07:00,500,99.652,PDOException,SQLSTATE[08004] [1040] Too many connections
stress,2026-09-10T10:44:50+07:00,500,114.124,PDOException,SQLSTATE[08004] [1040] Too many connections
stress,2026-09-10T10:44:50+07:00,500,422.705,PDOException,SQLSTATE[HY000] [1040] Too many connections
stress,2026-09-10T10:44:50+07:00,500,241.454,PDOException,SQLSTATE[HY000] [1040] Too many connections
stress,2026-09-10T10:44:50+07:00,500,354.6,PDOException,SQLSTATE[HY000] [1040] Too many connections
stress,2026-09-10T10:44:50+07:00,500,248.146,PDOException,SQLSTATE[HY000] [1040] Too many connections
stress,2026-09-10T10:44:50+07:00,500,259.788,PDOException,SQLSTATE[HY000] [1040] Too many connections
stress,2026-09-10T10:44:50+07:00,500,241.882,PDOException,SQLSTATE[HY000] [1040] Too many connections
stress,2026-09-10T10:44:50+07:00,500,257.228,PDOException,SQLSTATE[HY000] [1040] Too many connections
stress,2026-09-10T10:44:50+07:00,500,336.647,PDOException,SQLSTATE[HY000] [1040] Too many connections
stress,2026-09-10T10:44:50+07:00,500,150.863,PDOException,SQLSTATE[HY000] [1040] Too many connections
stress,2026-09-10T10:44:50+07:00,500,410.015,PDOException,SQLSTATE[HY000] [1040] Too many connections
stress,2026-09-10T10:44:50+07:00,500,410.39,PDOException,SQLSTATE[HY000] [1040] Too many connections
stress,2026-09-10T10:44:50+07:00,500,388.599,PDOException,SQLSTATE[HY000] [1040] Too many connections
stress,2026-09-10T10:44:50+07:00,500,410.024,PDOException,SQLSTATE[HY000] [1040] Too many connections
stress,2026-09-10T10:44:51+07:00,500,189.262,PDOException,SQLSTATE[HY000] [1040] Too many connections
stress,2026-09-10T10:44:51+07:00,500,128.939,PDOException,SQLSTATE[HY000] [1040] Too many connections
stress,2026-09-10T10:44:51+07:00,500,245.412,PDOException,SQLSTATE[08004] [1040] Too many connections
stress,2026-09-10T10:44:51+07:00,500,210.003,PDOException,SQLSTATE[08004] [1040] Too many connections
stress,2026-09-10T10:44:51+07:00,500,248.083,PDOException,SQLSTATE[HY000] [1040] Too many connections
stress,2026-09-10T10:44:51+07:00,500,254.828,PDOException,SQLSTATE[HY000] [1040] Too many connections
stress,2026-09-10T10:44:51+07:00,500,297.602,PDOException,SQLSTATE[HY000] [1040] Too many connections
stress,2026-09-10T10:44:51+07:00,500,415.722,PDOException,SQLSTATE[HY000] [1040] Too many connections
stress,2026-09-10T10:44:51+07:00,500,248.312,PDOException,SQLSTATE[HY000] [1040] Too many connections
stress,2026-09-10T10:44:51+07:00,500,245.852,PDOException,SQLSTATE[HY000] [1040] Too many connections
stress,2026-09-10T10:44:51+07:00,500,306.655,PDOException,SQLSTATE[HY000] [1040] Too many connections
stress,2026-09-10T10:44:51+07:00,500,131.829,PDOException,SQLSTATE[08004] [1040] Too many connections
stress,2026-09-10T10:44:51+07:00,500,302.995,PDOException,SQLSTATE[HY000] [1040] Too many connections
stress,2026-09-10T10:44:51+07:00,500,244.313,PDOException,SQLSTATE[HY000] [1040] Too many connections
stress,2026-09-10T10:44:51+07:00,500,179.672,PDOException,SQLSTATE[HY000] [1040] Too many connections
stress,2026-09-10T10:44:51+07:00,500,190.59,PDOException,SQLSTATE[HY000] [1040] Too many connections
stress,2026-09-10T10:44:51+07:00,500,375.745,PDOException,SQLSTATE[HY000] [1040] Too many connections
stress,2026-09-10T10:44:51+07:00,500,292.555,PDOException,SQLSTATE[HY000] [1040] Too many connections
stress,2026-09-10T10:44:51+07:00,500,201.251,PDOException,SQLSTATE[HY000] [1040] Too many connections
stress,2026-09-10T10:44:51+07:00,500,342.393,PDOException,SQLSTATE[HY000] [1040] Too many connections
stress,2026-09-10T10:44:51+07:00,500,201.251,PDOException,SQLSTATE[HY000] [1040] Too many connections
stress,2026-09-10T10:44:52+07:00,500,239.54,PDOException,SQLSTATE[HY000] [1040] Too many connections
stress,2026-09-10T10:44:52+07:00,500,206.65,PDOException,SQLSTATE[HY000] [1040] Too many connections
stress,2026-09-10T10:44:52+07:00,500,150.792,PDOException,SQLSTATE[HY000] [1040] Too many connections
stress,2026-09-10T10:44:52+07:00,500,282.023,PDOException,SQLSTATE[HY000] [1040] Too many connections
stress,2026-09-10T10:44:52+07:00,500,154.829,PDOException,SQLSTATE[HY000] [1040] Too many connections
stress,2026-09-10T10:44:52+07:00,500,290.636,PDOException,SQLSTATE[HY000] [1040] Too many connections
stress,2026-09-10T10:44:52+07:00,500,273.306,PDOException,SQLSTATE[HY000] [1040] Too many connections
stress,2026-09-10T10:44:52+07:00,500,162.751,PDOException,SQLSTATE[HY000] [1040] Too many connections
stress,2026-09-10T10:44:52+07:00,500,155.042,PDOException,SQLSTATE[08004] [1040] Too many connections
stress,2026-09-10T10:44:52+07:00,500,351.417,PDOException,SQLSTATE[HY000] [1040] Too many connections
stress,2026-09-10T10:44:52+07:00,500,175.903,PDOException,SQLSTATE[HY000] [1040] Too many connections
stress,2026-09-10T10:44:52+07:00,500,295.567,PDOException,SQLSTATE[HY000] [1040] Too many connections
stress,2026-09-10T10:44:52+07:00,500,170.132,PDOException,SQLSTATE[HY000] [1040] Too many connections
stress,2026-09-10T10:44:52+07:00,500,313.083,PDOException,SQLSTATE[HY000] [1040] Too many connections
stress,2026-09-10T10:44:52+07:00,500,178.95,PDOException,SQLSTATE[HY000] [1040] Too many connections
stress,2026-09-10T10:44:52+07:00,500,184.216,PDOException,SQLSTATE[HY000] [1040] Too many connections
stress,2026-09-10T10:44:52+07:00,500,181.122,PDOException,SQLSTATE[HY000] [1040] Too many connections
stress,2026-09-10T10:44:53+07:00,500,442.535,PDOException,SQLSTATE[HY000] [1040] Too many connections
stress,2026-09-10T10:44:53+07:00,500,306.538,PDOException,SQLSTATE[HY000] [1040] Too many connections
stress,2026-09-10T10:44:53+07:00,500,360.255,PDOException,SQLSTATE[HY000] [1040] Too many connections
stress,2026-09-10T10:44:53+07:00,500,300.507,PDOException,SQLSTATE[HY000] [1040] Too many connections
stress,2026-09-10T10:44:53+07:00,500,302.427,PDOException,SQLSTATE[HY000] [1040] Too many connections
stress,2026-09-10T10:44:53+07:00,500,301.139,PDOException,SQLSTATE[HY000] [1040] Too many connections
stress,2026-09-10T10:44:53+07:00,500,113.15,PDOException,SQLSTATE[HY000] [1040] Too many connections
stress,2026-09-10T10:44:53+07:00,500,180,PDOException,SQLSTATE[HY000] [1040] Too many connections
stress,2026-09-10T10:44:53+07:00,500,390.211,PDOException,SQLSTATE[HY000] [1040] Too many connections
stress,2026-09-10T10:44:53+07:00,500,245.009,PDOException,SQLSTATE[HY000] [1040] Too many connections
stress,2026-09-10T10:44:53+07:00,500,182.107,PDOException,SQLSTATE[HY000] [1040] Too many connections
stress,2026-09-10T10:44:53+07:00,500,298.048,PDOException,SQLSTATE[HY000] [1040] Too many connections
stress,2026-09-10T10:44:53+07:00,500,216.051,PDOException,SQLSTATE[HY000] [1040] Too many connections
stress,2026-09-10T10:44:53+07:00,500,147.341,PDOException,SQLSTATE[HY000] [1040] Too many connections
stress,2026-09-10T10:44:53+07:00,500,304.554,PDOException,SQLSTATE[HY000] [1040] Too many connections
stress,2026-09-10T10:44:53+07:00,500,394.022,PDOException,SQLSTATE[08004] [1040] Too many connections
stress,2026-09-10T10:44:53+07:00,500,304.598,PDOException,SQLSTATE[HY000] [1040] Too many connections
stress,2026-09-10T10:44:53+07:00,500,368.367,PDOException,SQLSTATE[08004] [1040] Too many connections
stress,2026-09-10T10:44:53+07:00,500,306.634,PDOException,SQLSTATE[HY000] [1040] Too many connections
stress,2026-09-10T10:44:53+07:00,500,323.275,PDOException,SQLSTATE[08004] [1040] Too many connections
stress,2026-09-10T10:44:54+07:00,500,238.889,PDOException,SQLSTATE[HY000] [1040] Too many connections
stress,2026-09-10T10:44:54+07:00,500,440.904,PDOException,SQLSTATE[08004] [1040] Too many connections
stress,2026-09-10T10:44:54+07:00,500,348.11,PDOException,SQLSTATE[HY000] [1040] Too many connections
stress,2026-09-10T10:44:54+07:00,500,389.072,PDOException,SQLSTATE[HY000] [1040] Too many connections
stress,2026-09-10T10:44:54+07:00,500,407.649,PDOException,SQLSTATE[HY000] [1040] Too many connections
stress,2026-09-10T10:44:54+07:00,500,472.261,PDOException,SQLSTATE[HY000] [1040] Too many connections
stress,2026-09-10T10:44:54+07:00,500,498.196,PDOException,SQLSTATE[HY000] [1040] Too many connections
stress,2026-09-10T10:44:54+07:00,500,226.672,PDOException,SQLSTATE[HY000] [1040] Too many connections
stress,2026-09-10T10:44:54+07:00,500,227.146,PDOException,SQLSTATE[HY000] [1040] Too many connections
stress,2026-09-10T10:44:54+07:00,500,249.819,PDOException,SQLSTATE[HY000] [1040] Too many connections
stress,2026-09-10T10:44:54+07:00,500,227.01,PDOException,SQLSTATE[HY000] [1040] Too many connections
stress,2026-09-10T10:44:54+07:00,500,226.366,PDOException,SQLSTATE[HY000] [1040] Too many connections
stress,2026-09-10T10:44:54+07:00,500,242.833,PDOException,SQLSTATE[HY000] [1040] Too many connections
stress,2026-09-10T10:44:54+07:00,500,202.554,PDOException,SQLSTATE[HY000] [1040] Too many connections
stress,2026-09-10T10:44:54+07:00,500,229.289,PDOException,SQLSTATE[HY000] [1040] Too many connections
stress,2026-09-10T10:44:54+07:00,500,371.272,PDOException,SQLSTATE[HY000] [1040] Too many connections
stress,2026-09-10T10:44:54+07:00,500,371.21,PDOException,SQLSTATE[HY000] [1040] Too many connections
stress,2026-09-10T10:44:54+07:00,500,394.783,PDOException,SQLSTATE[HY000] [1040] Too many connections
stress,2026-09-10T10:44:54+07:00,500,325.217,PDOException,SQLSTATE[HY000] [1040] Too many connections
stress,2026-09-10T10:44:54+07:00,500,320.708,PDOException,SQLSTATE[HY000] [1040] Too many connections
stress,2026-09-10T10:44:54+07:00,500,327.789,PDOException,SQLSTATE[HY000] [1040] Too many connections
stress,2026-09-10T10:44:54+07:00,500,298.908,PDOException,SQLSTATE[HY000] [1040] Too many connections
stress,2026-09-10T10:44:55+07:00,500,815.53,PDOException,SQLSTATE[HY000] [1040] Too many connections
stress,2026-09-10T10:44:55+07:00,500,460.439,PDOException,SQLSTATE[HY000] [1040] Too many connections
stress,2026-09-10T10:44:55+07:00,500,726.7,PDOException,SQLSTATE[HY000] [1040] Too many connections
stress,2026-09-10T10:44:55+07:00,500,396.857,PDOException,SQLSTATE[HY000] [1040] Too many connections
stress,2026-09-10T10:44:55+07:00,500,725.32,PDOException,SQLSTATE[08004] [1040] Too many connections
stress,2026-09-10T10:44:55+07:00,500,708.086,PDOException,SQLSTATE[HY000] [1040] Too many connections
stress,2026-09-10T10:44:55+07:00,500,505.63,PDOException,SQLSTATE[HY000] [1040] Too many connections
stress,2026-09-10T10:44:55+07:00,500,131.547,PDOException,SQLSTATE[HY000] [1040] Too many connections
stress,2026-09-10T10:44:55+07:00,500,141.218,PDOException,SQLSTATE[HY000] [1040] Too many connections
stress,2026-09-10T10:44:55+07:00,500,348.552,PDOException,SQLSTATE[HY000] [1040] Too many connections
stress,2026-09-10T10:44:55+07:00,500,188.091,PDOException,SQLSTATE[HY000] [1040] Too many connections
stress,2026-09-10T10:44:56+07:00,500,404.878,PDOException,SQLSTATE[HY000] [1040] Too many connections
stress,2026-09-10T10:44:56+07:00,500,398.446,PDOException,SQLSTATE[HY000] [1040] Too many connections
stress,2026-09-10T10:44:56+07:00,500,421.84,PDOException,SQLSTATE[HY000] [1040] Too many connections
stress,2026-09-10T10:44:56+07:00,500,199.802,PDOException,SQLSTATE[HY000] [1040] Too many connections
stress,2026-09-10T10:44:56+07:00,500,510.288,PDOException,SQLSTATE[HY000] [1040] Too many connections
stress,2026-09-10T10:44:56+07:00,500,253.196,PDOException,SQLSTATE[HY000] [1040] Too many connections
stress,2026-09-10T10:44:56+07:00,500,166.294,PDOException,SQLSTATE[HY000] [1040] Too many connections
stress,2026-09-10T10:44:56+07:00,500,381.486,PDOException,SQLSTATE[HY000] [1040] Too many connections
stress,2026-09-10T10:44:56+07:00,500,344.874,PDOException,SQLSTATE[HY000] [1040] Too many connections
stress,2026-09-10T10:44:56+07:00,500,155.605,PDOException,SQLSTATE[HY000] [1040] Too many connections
stress,2026-09-10T10:44:56+07:00,500,192.947,PDOException,SQLSTATE[HY000] [1040] Too many connections
stress,2026-09-10T10:44:56+07:00,500,296.015,PDOException,SQLSTATE[HY000] [1040] Too many connections
stress,2026-09-10T10:44:56+07:00,500,240.808,PDOException,SQLSTATE[HY000] [1040] Too many connections
stress,2026-09-10T10:44:56+07:00,500,211.245,PDOException,SQLSTATE[HY000] [1040] Too many connections
stress,2026-09-10T10:44:56+07:00,500,165.966,PDOException,SQLSTATE[HY000] [1040] Too many connections
stress,2026-09-10T10:44:56+07:00,500,304.537,PDOException,SQLSTATE[HY000] [1040] Too many connections
stress,2026-09-10T10:44:57+07:00,500,298.093,PDOException,SQLSTATE[HY000] [1040] Too many connections
stress,2026-09-10T10:44:57+07:00,500,292.248,PDOException,SQLSTATE[HY000] [1040] Too many connections
stress,2026-09-10T10:44:57+07:00,500,258.246,PDOException,SQLSTATE[HY000] [1040] Too many connections
stress,2026-09-10T10:44:57+07:00,500,109.593,PDOException,SQLSTATE[HY000] [1040] Too many connections
stress,2026-09-10T10:44:57+07:00,500,367.456,PDOException,SQLSTATE[HY000] [1040] Too many connections
stress,2026-09-10T10:44:57+07:00,500,367.817,PDOException,SQLSTATE[HY000] [1040] Too many connections
stress,2026-09-10T10:44:57+07:00,500,230.013,PDOException,SQLSTATE[HY000] [1040] Too many connections
stress,2026-09-10T10:44:57+07:00,500,240.977,PDOException,SQLSTATE[HY000] [1040] Too many connections
stress,2026-09-10T10:44:57+07:00,500,375.17,PDOException,SQLSTATE[08004] [1040] Too many connections
stress,2026-09-10T10:44:57+07:00,500,324.915,PDOException,SQLSTATE[HY000] [1040] Too many connections
stress,2026-09-10T10:44:57+07:00,500,322.444,PDOException,SQLSTATE[HY000] [1040] Too many connections
stress,2026-09-10T10:44:57+07:00,500,322.539,PDOException,SQLSTATE[HY000] [1040] Too many connections
stress,2026-09-10T10:44:57+07:00,500,256.108,PDOException,SQLSTATE[HY000] [1040] Too many connections
stress,2026-09-10T10:44:57+07:00,500,261.455,PDOException,SQLSTATE[HY000] [1040] Too many connections
stress,2026-09-10T10:44:57+07:00,500,356.258,PDOException,SQLSTATE[08004] [1040] Too many connections
stress,2026-09-10T10:44:57+07:00,500,285.165,PDOException,SQLSTATE[HY000] [1040] Too many connections
stress,2026-09-10T10:44:57+07:00,500,280.38,PDOException,SQLSTATE[HY000] [1040] Too many connections
stress,2026-09-10T10:44:57+07:00,500,284.613,PDOException,SQLSTATE[HY000] [1040] Too many connections
stress,2026-09-10T10:44:57+07:00,500,293.53,PDOException,SQLSTATE[08004] [1040] Too many connections
stress,2026-09-10T10:44:57+07:00,500,478.832,PDOException,SQLSTATE[08004] [1040] Too many connections
stress,2026-09-10T10:44:57+07:00,500,219.92,PDOException,SQLSTATE[HY000] [1040] Too many connections
stress,2026-09-10T10:44:57+07:00,500,290.133,PDOException,SQLSTATE[HY000] [1040] Too many connections
stress,2026-09-10T10:44:57+07:00,500,296.3,PDOException,SQLSTATE[HY000] [1040] Too many connections
stress,2026-09-10T10:44:57+07:00,500,316.316,PDOException,SQLSTATE[HY000] [1040] Too many connections
stress,2026-09-10T10:44:57+07:00,500,332.42,PDOException,SQLSTATE[HY000] [1040] Too many connections
stress,2026-09-10T10:44:58+07:00,500,354.493,PDOException,SQLSTATE[HY000] [1040] Too many connections
stress,2026-09-10T10:44:58+07:00,500,354.493,PDOException,SQLSTATE[HY000] [1040] Too many connections
stress,2026-09-10T10:44:58+07:00,500,195.965,PDOException,SQLSTATE[HY000] [1040] Too many connections
stress,2026-09-10T10:44:58+07:00,500,262.232,PDOException,SQLSTATE[HY000] [1040] Too many connections
stress,2026-09-10T10:44:58+07:00,500,305.999,PDOException,SQLSTATE[HY000] [1040] Too many connections
stress,2026-09-10T10:44:58+07:00,500,259.543,PDOException,SQLSTATE[HY000] [1040] Too many connections
stress,2026-09-10T10:44:58+07:00,500,257.052,PDOException,SQLSTATE[HY000] [1040] Too many connections
stress,2026-09-10T10:44:58+07:00,500,375.079,PDOException,SQLSTATE[HY000] [1040] Too many connections
stress,2026-09-10T10:44:58+07:00,500,459.634,PDOException,SQLSTATE[HY000] [1040] Too many connections
stress,2026-09-10T10:44:58+07:00,500,491.786,PDOException,SQLSTATE[HY000] [1040] Too many connections
stress,2026-09-10T10:44:58+07:00,500,170.527,PDOException,SQLSTATE[HY000] [1040] Too many connections
stress,2026-09-10T10:44:58+07:00,500,491.974,PDOException,SQLSTATE[HY000] [1040] Too many connections
stress,2026-09-10T10:44:58+07:00,500,175.528,PDOException,SQLSTATE[HY000] [1040] Too many connections
stress,2026-09-10T10:44:58+07:00,500,344.043,PDOException,SQLSTATE[HY000] [1040] Too many connections
stress,2026-09-10T10:44:58+07:00,500,159.569,PDOException,SQLSTATE[08004] [1040] Too many connections
stress,2026-09-10T10:44:58+07:00,500,316.311,PDOException,SQLSTATE[HY000] [1040] Too many connections
stress,2026-09-10T10:44:58+07:00,500,357.463,PDOException,SQLSTATE[HY000] [1040] Too many connections
stress,2026-09-10T10:44:59+07:00,500,520.071,PDOException,SQLSTATE[HY000] [1040] Too many connections
stress,2026-09-10T10:44:59+07:00,500,513.617,PDOException,SQLSTATE[HY000] [1040] Too many connections
stress,2026-09-10T10:44:59+07:00,500,419.613,PDOException,SQLSTATE[HY000] [1040] Too many connections
stress,2026-09-10T10:44:59+07:00,500,395.621,PDOException,SQLSTATE[HY000] [1040] Too many connections
stress,2026-09-10T10:44:59+07:00,500,210.763,PDOException,SQLSTATE[HY000] [1040] Too many connections
stress,2026-09-10T10:44:59+07:00,500,493.245,PDOException,SQLSTATE[HY000] [1040] Too many connections
stress,2026-09-10T10:44:59+07:00,500,210.592,PDOException,SQLSTATE[HY000] [1040] Too many connections
stress,2026-09-10T10:44:59+07:00,500,471.008,PDOException,SQLSTATE[HY000] [1040] Too many connections
stress,2026-09-10T10:44:59+07:00,500,387.28,PDOException,SQLSTATE[HY000] [1040] Too many connections
stress,2026-09-10T10:44:59+07:00,500,536.341,PDOException,SQLSTATE[HY000] [1040] Too many connections
stress,2026-09-10T10:44:59+07:00,500,538.586,PDOException,SQLSTATE[HY000] [1040] Too many connections
stress,2026-09-10T10:44:59+07:00,500,222.156,PDOException,SQLSTATE[HY000] [1040] Too many connections
stress,2026-09-10T10:44:59+07:00,500,438.905,PDOException,SQLSTATE[HY000] [1040] Too many connections
stress,2026-09-10T10:44:59+07:00,500,229.574,PDOException,SQLSTATE[HY000] [1040] Too many connections
stress,2026-09-10T10:44:59+07:00,500,444.63,PDOException,SQLSTATE[HY000] [1040] Too many connections
stress,2026-09-10T10:44:59+07:00,500,252.041,PDOException,SQLSTATE[HY000] [1040] Too many connections
stress,2026-09-10T10:44:59+07:00,500,205.497,PDOException,SQLSTATE[HY000] [1040] Too many connections
stress,2026-09-10T10:44:59+07:00,500,320.809,PDOException,SQLSTATE[HY000] [1040] Too many connections
stress,2026-09-10T10:45:00+07:00,500,167.23,PDOException,SQLSTATE[HY000] [1040] Too many connections
stress,2026-09-10T10:45:00+07:00,500,532.545,PDOException,SQLSTATE[HY000] [1040] Too many connections
stress,2026-09-10T10:45:00+07:00,500,166.111,PDOException,SQLSTATE[HY000] [1040] Too many connections
stress,2026-09-10T10:45:00+07:00,500,217.096,PDOException,SQLSTATE[HY000] [1040] Too many connections
stress,2026-09-10T10:45:00+07:00,500,272.525,PDOException,SQLSTATE[HY000] [1040] Too many connections
stress,2026-09-10T10:45:00+07:00,500,395.967,PDOException,SQLSTATE[HY000] [1040] Too many connections
stress,2026-09-10T10:45:00+07:00,500,265.199,PDOException,SQLSTATE[HY000] [1040] Too many connections
stress,2026-09-10T10:45:00+07:00,500,149.653,PDOException,SQLSTATE[HY000] [1040] Too many connections
stress,2026-09-10T10:45:00+07:00,500,334.815,PDOException,SQLSTATE[08004] [1040] Too many connections
stress,2026-09-10T10:45:00+07:00,500,178.982,PDOException,SQLSTATE[HY000] [1040] Too many connections
stress,2026-09-10T10:45:00+07:00,500,297.299,PDOException,SQLSTATE[HY000] [1040] Too many connections
stress,2026-09-10T10:45:00+07:00,500,120.676,PDOException,SQLSTATE[HY000] [1040] Too many connections
stress,2026-09-10T10:45:00+07:00,500,228.205,PDOException,SQLSTATE[HY000] [1040] Too many connections
stress,2026-09-10T10:45:00+07:00,500,117.429,PDOException,SQLSTATE[HY000] [1040] Too many connections
stress,2026-09-10T10:45:00+07:00,500,139.233,PDOException,SQLSTATE[HY000] [1040] Too many connections
stress,2026-09-10T10:45:00+07:00,500,139.383,PDOException,SQLSTATE[HY000] [1040] Too many connections
stress,2026-09-10T10:45:00+07:00,500,192.312,PDOException,SQLSTATE[HY000] [1040] Too many connections
stress,2026-09-10T10:45:00+07:00,500,506.098,PDOException,SQLSTATE[HY000] [1040] Too many connections
stress,2026-09-10T10:45:00+07:00,500,455.604,PDOException,SQLSTATE[HY000] [1040] Too many connections
stress,2026-09-10T10:45:00+07:00,500,503.765,PDOException,SQLSTATE[HY000] [1040] Too many connections
stress,2026-09-10T10:45:00+07:00,500,456.667,PDOException,SQLSTATE[HY000] [1040] Too many connections
stress,2026-09-10T10:45:00+07:00,500,675.317,PDOException,SQLSTATE[HY000] [1040] Too many connections
stress,2026-09-10T10:45:00+07:00,500,125.763,PDOException,SQLSTATE[HY000] [1040] Too many connections
stress,2026-09-10T10:45:00+07:00,500,263.992,PDOException,SQLSTATE[HY000] [1040] Too many connections
stress,2026-09-10T10:45:00+07:00,500,107.901,PDOException,SQLSTATE[HY000] [1040] Too many connections
stress,2026-09-10T10:45:00+07:00,500,131.072,PDOException,SQLSTATE[HY000] [1040] Too many connections
stress,2026-09-10T10:45:00+07:00,500,158.486,PDOException,SQLSTATE[HY000] [1040] Too many connections
stress,2026-09-10T10:45:00+07:00,500,181.918,PDOException,SQLSTATE[HY000] [1040] Too many connections
stress,2026-09-10T10:45:00+07:00,500,327.452,PDOException,SQLSTATE[HY000] [1040] Too many connections
stress,2026-09-10T10:45:00+07:00,500,192.806,PDOException,SQLSTATE[HY000] [1040] Too many connections
stress,2026-09-10T10:45:00+07:00,500,240.423,PDOException,SQLSTATE[HY000] [1040] Too many connections
stress,2026-09-10T10:45:00+07:00,500,222.16,PDOException,SQLSTATE[HY000] [1040] Too many connections
stress,2026-09-10T10:45:00+07:00,500,276.431,PDOException,SQLSTATE[HY000] [1040] Too many connections
stress,2026-09-10T10:45:00+07:00,500,214.902,PDOException,SQLSTATE[HY000] [1040] Too many connections
stress,2026-09-10T10:45:00+07:00,500,165.881,PDOException,SQLSTATE[HY000] [1040] Too many connections
stress,2026-09-10T10:45:00+07:00,500,503.051,PDOException,SQLSTATE[HY000] [1040] Too many connections
stress,2026-09-10T10:45:00+07:00,500,282.839,PDOException,SQLSTATE[HY000] [1040] Too many connections
stress,2026-09-10T10:45:00+07:00,500,417.823,PDOException,SQLSTATE[HY000] [1040] Too many connections
stress,2026-09-10T10:45:00+07:00,500,337.676,PDOException,SQLSTATE[HY000] [1040] Too many connections
stress,2026-09-10T10:45:00+07:00,500,142.628,PDOException,SQLSTATE[HY000] [1040] Too many connections
stress,2026-09-10T10:45:00+07:00,500,137.309,PDOException,SQLSTATE[HY000] [1040] Too many connections
stress,2026-09-10T10:45:00+07:00,500,261.255,PDOException,SQLSTATE[HY000] [1040] Too many connections
stress,2026-09-10T10:45:00+07:00,500,204.117,PDOException,SQLSTATE[HY000] [1040] Too many connections
stress,2026-09-10T10:45:00+07:00,500,325.65,PDOException,SQLSTATE[HY000] [1040] Too many connections
stress,2026-09-10T10:45:00+07:00,500,296.316,PDOException,SQLSTATE[HY000] [1040] Too many connections
stress,2026-09-10T10:45:01+07:00,500,400.114,PDOException,SQLSTATE[HY000] [1040] Too many connections
stress,2026-09-10T10:45:01+07:00,500,452.145,PDOException,SQLSTATE[HY000] [1040] Too many connections
stress,2026-09-10T10:45:01+07:00,500,522.839,PDOException,SQLSTATE[HY000] [1040] Too many connections
stress,2026-09-10T10:45:01+07:00,500,429.239,PDOException,SQLSTATE[HY000] [1040] Too many connections
stress,2026-09-10T10:45:01+07:00,500,440.477,PDOException,SQLSTATE[HY000] [1040] Too many connections
stress,2026-09-10T10:45:01+07:00,500,515.857,PDOException,SQLSTATE[HY000] [1040] Too many connections
stress,2026-09-10T10:45:01+07:00,500,407.7,PDOException,SQLSTATE[HY000] [1040] Too many connections
stress,2026-09-10T10:45:01+07:00,500,508.332,PDOException,SQLSTATE[HY000] [1040] Too many connections
stress,2026-09-10T10:45:01+07:00,500,364.675,PDOException,SQLSTATE[HY000] [1040] Too many connections
stress,2026-09-10T10:45:01+07:00,500,546.401,PDOException,SQLSTATE[HY000] [1040] Too many connections
stress,2026-09-10T10:45:02+07:00,500,1080.001,PDOException,SQLSTATE[HY000] [1040] Too many connections
stress,2026-09-10T10:45:03+07:00,500,184.369,PDOException,SQLSTATE[HY000] [1040] Too many connections
stress,2026-09-10T10:45:03+07:00,500,1285.354,PDOException,SQLSTATE[HY000] [1040] Too many connections
stress,2026-09-10T10:45:03+07:00,500,392.048,PDOException,SQLSTATE[08004] [1040] Too many connections
stress,2026-09-10T10:45:03+07:00,500,547.098,PDOException,SQLSTATE[HY000] [1040] Too many connections
stress,2026-09-10T10:45:03+07:00,500,1322.813,PDOException,SQLSTATE[HY000] [1040] Too many connections
stress,2026-09-10T10:45:03+07:00,500,434.314,PDOException,SQLSTATE[HY000] [1040] Too many connections
stress,2026-09-10T10:45:03+07:00,500,816.955,PDOException,SQLSTATE[HY000] [1040] Too many connections
stress,2026-09-10T10:45:04+07:00,500,582.371,PDOException,SQLSTATE[HY000] [1040] Too many connections
stress,2026-09-10T10:45:04+07:00,500,807.974,PDOException,SQLSTATE[HY000] [1040] Too many connections
stress,2026-09-10T10:45:04+07:00,500,609.986,PDOException,SQLSTATE[HY000] [1040] Too many connections
stress,2026-09-10T10:45:04+07:00,500,807.88,PDOException,SQLSTATE[HY000] [1040] Too many connections
stress,2026-09-10T10:45:04+07:00,500,689.581,PDOException,SQLSTATE[HY000] [1040] Too many connections
stress,2026-09-10T10:45:04+07:00,500,740.279,PDOException,SQLSTATE[HY000] [1040] Too many connections
stress,2026-09-10T10:45:04+07:00,500,427.554,PDOException,SQLSTATE[HY000] [1040] Too many connections
stress,2026-09-10T10:45:04+07:00,500,484.098,PDOException,SQLSTATE[HY000] [1040] Too many connections
stress,2026-09-10T10:45:04+07:00,500,962.674,PDOException,SQLSTATE[HY000] [1040] Too many connections
stress,2026-09-10T10:45:04+07:00,500,519.93,PDOException,SQLSTATE[HY000] [1040] Too many connections
stress,2026-09-10T10:45:04+07:00,500,847.103,PDOException,SQLSTATE[HY000] [1040] Too many connections
stress,2026-09-10T10:45:04+07:00,500,467.303,PDOException,SQLSTATE[HY000] [1040] Too many connections
stress,2026-09-10T10:45:05+07:00,500,646.918,PDOException,SQLSTATE[HY000] [1040] Too many connections
stress,2026-09-10T10:45:05+07:00,500,613.613,PDOException,SQLSTATE[HY000] [1040] Too many connections
stress,2026-09-10T10:45:05+07:00,500,613.063,PDOException,SQLSTATE[HY000] [1040] Too many connections
stress,2026-09-10T10:45:05+07:00,500,670.515,PDOException,SQLSTATE[08004] [1040] Too many connections
stress,2026-09-10T10:45:05+07:00,500,623.583,PDOException,SQLSTATE[08004] [1040] Too many connections
stress,2026-09-10T10:45:05+07:00,500,623.417,PDOException,SQLSTATE[HY000] [1040] Too many connections
stress,2026-09-10T10:45:05+07:00,500,579.026,PDOException,SQLSTATE[HY000] [1040] Too many connections
stress,2026-09-10T10:45:05+07:00,500,785.351,PDOException,SQLSTATE[HY000] [1040] Too many connections
stress,2026-09-10T10:45:05+07:00,500,505.946,PDOException,SQLSTATE[HY000] [1040] Too many connections
stress,2026-09-10T10:45:05+07:00,500,310.418,PDOException,SQLSTATE[HY000] [1040] Too many connections
stress,2026-09-10T10:45:05+07:00,500,837.766,PDOException,SQLSTATE[HY000] [1040] Too many connections
stress,2026-09-10T10:45:05+07:00,500,241.174,PDOException,SQLSTATE[HY000] [1040] Too many connections
stress,2026-09-10T10:45:05+07:00,500,270.179,PDOException,SQLSTATE[HY000] [1040] Too many connections
stress,2026-09-10T10:45:05+07:00,500,378.467,PDOException,SQLSTATE[HY000] [1040] Too many connections
stress,2026-09-10T10:45:05+07:00,500,378.939,PDOException,SQLSTATE[HY000] [1040] Too many connections
stress,2026-09-10T10:45:05+07:00,500,389.897,PDOException,SQLSTATE[HY000] [1040] Too many connections
stress,2026-09-10T10:45:05+07:00,500,194.155,PDOException,SQLSTATE[HY000] [1040] Too many connections
stress,2026-09-10T10:45:05+07:00,500,986.864,PDOException,SQLSTATE[HY000] [1040] Too many connections
stress,2026-09-10T10:45:05+07:00,500,816.483,PDOException,SQLSTATE[HY000] [1040] Too many connections
stress,2026-09-10T10:45:06+07:00,500,941.29,PDOException,SQLSTATE[HY000] [1040] Too many connections
stress,2026-09-10T10:45:06+07:00,500,949.445,PDOException,SQLSTATE[HY000] [1040] Too many connections
stress,2026-09-10T10:45:06+07:00,500,951.311,PDOException,SQLSTATE[HY000] [1040] Too many connections
stress,2026-09-10T10:45:06+07:00,500,1214.859,PDOException,SQLSTATE[08004] [1040] Too many connections
stress,2026-09-10T10:45:06+07:00,500,953.004,PDOException,SQLSTATE[08004] [1040] Too many connections
stress,2026-09-10T10:45:06+07:00,500,1022.067,PDOException,SQLSTATE[08004] [1040] Too many connections
stress,2026-09-10T10:45:06+07:00,500,184.765,PDOException,SQLSTATE[HY000] [1040] Too many connections
stress,2026-09-10T10:45:06+07:00,500,237.01,PDOException,SQLSTATE[HY000] [1040] Too many connections
stress,2026-09-10T10:45:06+07:00,500,144.41,PDOException,SQLSTATE[HY000] [1040] Too many connections
stress,2026-09-10T10:45:06+07:00,500,646.127,PDOException,SQLSTATE[HY000] [1040] Too many connections
stress,2026-09-10T10:45:06+07:00,500,177.829,PDOException,SQLSTATE[HY000] [1040] Too many connections
stress,2026-09-10T10:45:06+07:00,500,196.685,PDOException,SQLSTATE[HY000] [1040] Too many connections
stress,2026-09-10T10:45:06+07:00,500,756.791,PDOException,SQLSTATE[HY000] [1040] Too many connections
stress,2026-09-10T10:45:06+07:00,500,710.178,PDOException,SQLSTATE[HY000] [1040] Too many connections
stress,2026-09-10T10:45:06+07:00,500,202.131,PDOException,SQLSTATE[HY000] [1040] Too many connections
stress,2026-09-10T10:45:06+07:00,500,183.522,PDOException,SQLSTATE[HY000] [1040] Too many connections
stress,2026-09-10T10:45:07+07:00,500,328.236,PDOException,SQLSTATE[HY000] [1040] Too many connections
stress,2026-09-10T10:45:07+07:00,500,301.629,PDOException,SQLSTATE[HY000] [1040] Too many connections
stress,2026-09-10T10:45:07+07:00,500,261.627,PDOException,SQLSTATE[HY000] [1040] Too many connections
stress,2026-09-10T10:45:07+07:00,500,261.627,PDOException,SQLSTATE[HY000] [1040] Too many connections
stress,2026-09-10T10:45:07+07:00,500,295.236,PDOException,SQLSTATE[HY000] [1040] Too many connections
stress,2026-09-10T10:45:07+07:00,500,202.554,PDOException,SQLSTATE[HY000] [1040] Too many connections
stress,2026-09-10T10:45:07+07:00,500,142.88,PDOException,SQLSTATE[HY000] [1040] Too many connections
stress,2026-09-10T10:45:07+07:00,500,299.606,PDOException,SQLSTATE[08004] [1040] Too many connections
stress,2026-09-10T10:45:07+07:00,500,302.175,PDOException,SQLSTATE[08004] [1040] Too many connections
stress,2026-09-10T10:45:07+07:00,500,383.039,PDOException,SQLSTATE[HY000] [1040] Too many connections
stress,2026-09-10T10:45:07+07:00,500,382.323,PDOException,SQLSTATE[HY000] [1040] Too many connections
stress,2026-09-10T10:45:07+07:00,500,179.203,PDOException,SQLSTATE[08004] [1040] Too many connections
stress,2026-09-10T10:45:07+07:00,500,191.024,PDOException,SQLSTATE[HY000] [1040] Too many connections
stress,2026-09-10T10:45:07+07:00,500,328.835,PDOException,SQLSTATE[HY000] [1040] Too many connections
stress,2026-09-10T10:45:07+07:00,500,296.825,PDOException,SQLSTATE[HY000] [1040] Too many connections
stress,2026-09-10T10:45:07+07:00,500,325.529,PDOException,SQLSTATE[08004] [1040] Too many connections
stress,2026-09-10T10:45:07+07:00,500,483.528,PDOException,SQLSTATE[HY000] [1040] Too many connections
stress,2026-09-10T10:45:07+07:00,500,327.86,PDOException,SQLSTATE[HY000] [1040] Too many connections
stress,2026-09-10T10:45:07+07:00,500,347.785,PDOException,SQLSTATE[08004] [1040] Too many connections
stress,2026-09-10T10:45:07+07:00,500,230.771,PDOException,SQLSTATE[HY000] [1040] Too many connections
stress,2026-09-10T10:45:07+07:00,500,267.999,PDOException,SQLSTATE[HY000] [1040] Too many connections
stress,2026-09-10T10:45:07+07:00,500,273.524,PDOException,SQLSTATE[HY000] [1040] Too many connections
stress,2026-09-10T10:45:08+07:00,500,295.101,PDOException,SQLSTATE[HY000] [1040] Too many connections
stress,2026-09-10T10:45:08+07:00,500,300.757,PDOException,SQLSTATE[HY000] [1040] Too many connections
stress,2026-09-10T10:45:08+07:00,500,462.014,PDOException,SQLSTATE[HY000] [1040] Too many connections
stress,2026-09-10T10:45:08+07:00,500,540.311,PDOException,SQLSTATE[HY000] [1040] Too many connections
stress,2026-09-10T10:45:08+07:00,500,258.035,PDOException,SQLSTATE[HY000] [1040] Too many connections
stress,2026-09-10T10:45:08+07:00,500,435.871,PDOException,SQLSTATE[HY000] [1040] Too many connections
stress,2026-09-10T10:45:08+07:00,500,393,PDOException,SQLSTATE[HY000] [1040] Too many connections
stress,2026-09-10T10:45:08+07:00,500,304.561,PDOException,SQLSTATE[HY000] [1040] Too many connections
stress,2026-09-10T10:45:08+07:00,500,376.891,PDOException,SQLSTATE[HY000] [1040] Too many connections
stress,2026-09-10T10:45:08+07:00,500,537.929,PDOException,SQLSTATE[HY000] [1040] Too many connections
stress,2026-09-10T10:45:08+07:00,500,523.102,PDOException,SQLSTATE[HY000] [1040] Too many connections
stress,2026-09-10T10:45:08+07:00,500,482.427,PDOException,SQLSTATE[HY000] [1040] Too many connections
stress,2026-09-10T10:45:08+07:00,500,389.043,PDOException,SQLSTATE[HY000] [1040] Too many connections
stress,2026-09-10T10:45:08+07:00,500,466.114,PDOException,SQLSTATE[HY000] [1040] Too many connections
stress,2026-09-10T10:45:08+07:00,500,448.339,PDOException,SQLSTATE[HY000] [1040] Too many connections
stress,2026-09-10T10:45:08+07:00,500,403.2,PDOException,SQLSTATE[HY000] [1040] Too many connections
stress,2026-09-10T10:45:08+07:00,500,413.668,PDOException,SQLSTATE[HY000] [1040] Too many connections
stress,2026-09-10T10:45:08+07:00,500,214.949,PDOException,SQLSTATE[HY000] [1040] Too many connections
stress,2026-09-10T10:45:08+07:00,500,508.152,PDOException,SQLSTATE[HY000] [1040] Too many connections
stress,2026-09-10T10:45:09+07:00,500,382.469,PDOException,SQLSTATE[HY000] [1040] Too many connections
stress,2026-09-10T10:45:09+07:00,500,205.741,PDOException,SQLSTATE[HY000] [1040] Too many connections
stress,2026-09-10T10:45:09+07:00,500,365.478,PDOException,SQLSTATE[HY000] [1040] Too many connections
stress,2026-09-10T10:45:09+07:00,500,230.982,PDOException,SQLSTATE[HY000] [1040] Too many connections
stress,2026-09-10T10:45:09+07:00,500,275.529,PDOException,SQLSTATE[HY000] [1040] Too many connections
stress,2026-09-10T10:45:09+07:00,500,482.911,PDOException,SQLSTATE[HY000] [1040] Too many connections
stress,2026-09-10T10:45:09+07:00,500,305.52,PDOException,SQLSTATE[HY000] [1040] Too many connections
stress,2026-09-10T10:45:09+07:00,500,255.351,PDOException,SQLSTATE[HY000] [1040] Too many connections
stress,2026-09-10T10:45:09+07:00,500,265.452,PDOException,SQLSTATE[HY000] [1040] Too many connections
stress,2026-09-10T10:45:09+07:00,500,292.065,PDOException,SQLSTATE[HY000] [1040] Too many connections
stress,2026-09-10T10:45:09+07:00,500,445.598,PDOException,SQLSTATE[HY000] [1040] Too many connections
stress,2026-09-10T10:45:09+07:00,500,334.698,PDOException,SQLSTATE[HY000] [1040] Too many connections
stress,2026-09-10T10:45:09+07:00,500,289.305,PDOException,SQLSTATE[HY000] [1040] Too many connections
stress,2026-09-10T10:45:09+07:00,500,153.02,PDOException,SQLSTATE[HY000] [1040] Too many connections
stress,2026-09-10T10:45:09+07:00,500,384.972,PDOException,SQLSTATE[HY000] [1040] Too many connections
stress,2026-09-10T10:45:09+07:00,500,370.761,PDOException,SQLSTATE[HY000] [1040] Too many connections
stress,2026-09-10T10:45:09+07:00,500,216.386,PDOException,SQLSTATE[HY000] [1040] Too many connections
stress,2026-09-10T10:45:09+07:00,500,281.07,PDOException,SQLSTATE[HY000] [1040] Too many connections
stress,2026-09-10T10:45:09+07:00,500,249.493,PDOException,SQLSTATE[HY000] [1040] Too many connections
stress,2026-09-10T10:45:09+07:00,500,513.963,PDOException,SQLSTATE[HY000] [1040] Too many connections
stress,2026-09-10T10:45:09+07:00,500,417.673,PDOException,SQLSTATE[HY000] [1040] Too many connections
stress,2026-09-10T10:45:10+07:00,500,595.941,PDOException,SQLSTATE[HY000] [1040] Too many connections
stress,2026-09-10T10:45:10+07:00,500,526.782,PDOException,SQLSTATE[HY000] [1040] Too many connections
stress,2026-09-10T10:45:10+07:00,500,605.481,PDOException,SQLSTATE[HY000] [1040] Too many connections
stress,2026-09-10T10:45:10+07:00,500,883.478,PDOException,SQLSTATE[HY000] [1040] Too many connections
stress,2026-09-10T10:45:10+07:00,500,737.444,PDOException,SQLSTATE[HY000] [1040] Too many connections
stress,2026-09-10T10:45:10+07:00,500,733.194,PDOException,SQLSTATE[HY000] [1040] Too many connections
stress,2026-09-10T10:45:10+07:00,500,301.602,PDOException,SQLSTATE[HY000] [1040] Too many connections
stress,2026-09-10T10:45:10+07:00,500,327.824,PDOException,SQLSTATE[HY000] [1040] Too many connections
stress,2026-09-10T10:45:10+07:00,500,308.437,PDOException,SQLSTATE[HY000] [1040] Too many connections
stress,2026-09-10T10:45:10+07:00,500,345.202,PDOException,SQLSTATE[HY000] [1040] Too many connections
stress,2026-09-10T10:45:10+07:00,500,323.647,PDOException,SQLSTATE[HY000] [1040] Too many connections
stress,2026-09-10T10:45:10+07:00,500,354.986,PDOException,SQLSTATE[HY000] [1040] Too many connections
stress,2026-09-10T10:45:10+07:00,500,197.283,PDOException,SQLSTATE[HY000] [1040] Too many connections
stress,2026-09-10T10:45:10+07:00,500,379.399,PDOException,SQLSTATE[HY000] [1040] Too many connections
stress,2026-09-10T10:45:10+07:00,500,186.016,PDOException,SQLSTATE[HY000] [1040] Too many connections
stress,2026-09-10T10:45:10+07:00,500,319.58,PDOException,SQLSTATE[HY000] [1040] Too many connections
stress,2026-09-10T10:45:10+07:00,500,251.3,PDOException,SQLSTATE[HY000] [1040] Too many connections
stress,2026-09-10T10:45:10+07:00,500,306.512,PDOException,SQLSTATE[HY000] [1040] Too many connections
stress,2026-09-10T10:45:10+07:00,500,314.859,PDOException,SQLSTATE[HY000] [1040] Too many connections
stress,2026-09-10T10:45:10+07:00,500,314.507,PDOException,SQLSTATE[HY000] [1040] Too many connections
stress,2026-09-10T10:45:10+07:00,500,252.703,PDOException,SQLSTATE[HY000] [1040] Too many connections
stress,2026-09-10T10:45:10+07:00,500,217.094,PDOException,SQLSTATE[HY000] [1040] Too many connections
stress,2026-09-10T10:45:10+07:00,500,243.95,PDOException,SQLSTATE[HY000] [1040] Too many connections
stress,2026-09-10T10:45:11+07:00,500,269.433,PDOException,SQLSTATE[HY000] [1040] Too many connections
stress,2026-09-10T10:45:11+07:00,500,187.141,PDOException,SQLSTATE[HY000] [1040] Too many connections
stress,2026-09-10T10:45:11+07:00,500,372.578,PDOException,SQLSTATE[08004] [1040] Too many connections
stress,2026-09-10T10:45:11+07:00,500,349.57,PDOException,SQLSTATE[HY000] [1040] Too many connections
stress,2026-09-10T10:45:11+07:00,500,381.004,PDOException,SQLSTATE[HY000] [1040] Too many connections
stress,2026-09-10T10:45:11+07:00,500,218.322,PDOException,SQLSTATE[HY000] [1040] Too many connections
stress,2026-09-10T10:45:11+07:00,500,219.129,PDOException,SQLSTATE[08004] [1040] Too many connections
stress,2026-09-10T10:45:11+07:00,500,485.256,PDOException,SQLSTATE[HY000] [1040] Too many connections
stress,2026-09-10T10:45:11+07:00,500,403.371,PDOException,SQLSTATE[HY000] [1040] Too many connections
stress,2026-09-10T10:45:11+07:00,500,354.911,PDOException,SQLSTATE[HY000] [1040] Too many connections
stress,2026-09-10T10:45:11+07:00,500,339.911,PDOException,SQLSTATE[HY000] [1040] Too many connections
stress,2026-09-10T10:45:11+07:00,500,325.183,PDOException,SQLSTATE[HY000] [1040] Too many connections
stress,2026-09-10T10:45:11+07:00,500,328.076,PDOException,SQLSTATE[HY000] [1040] Too many connections
stress,2026-09-10T10:45:11+07:00,500,439.998,PDOException,SQLSTATE[HY000] [1040] Too many connections
stress,2026-09-10T10:45:11+07:00,500,506.585,PDOException,SQLSTATE[HY000] [1040] Too many connections
stress,2026-09-10T10:45:11+07:00,500,343.342,PDOException,SQLSTATE[HY000] [1040] Too many connections
stress,2026-09-10T10:45:11+07:00,500,456.898,PDOException,SQLSTATE[HY000] [1040] Too many connections
stress,2026-09-10T10:45:11+07:00,500,250.417,PDOException,SQLSTATE[08004] [1040] Too many connections
stress,2026-09-10T10:45:11+07:00,500,507.831,PDOException,SQLSTATE[HY000] [1040] Too many connections
stress,2026-09-10T10:45:11+07:00,500,304.015,PDOException,SQLSTATE[08004] [1040] Too many connections
stress,2026-09-10T10:45:11+07:00,500,207.337,PDOException,SQLSTATE[08004] [1040] Too many connections
stress,2026-09-10T10:45:11+07:00,500,482.44,PDOException,SQLSTATE[HY000] [1040] Too many connections
stress,2026-09-10T10:45:11+07:00,500,308.343,PDOException,SQLSTATE[08004] [1040] Too many connections
stress,2026-09-10T10:45:11+07:00,500,430.198,PDOException,SQLSTATE[HY000] [1040] Too many connections
stress,2026-09-10T10:45:11+07:00,500,265.561,PDOException,SQLSTATE[08004] [1040] Too many connections
stress,2026-09-10T10:45:11+07:00,500,432.663,PDOException,SQLSTATE[HY000] [1040] Too many connections
stress,2026-09-10T10:45:11+07:00,500,543.372,PDOException,SQLSTATE[HY000] [1040] Too many connections
stress,2026-09-10T10:45:11+07:00,500,546.12,PDOException,SQLSTATE[HY000] [1040] Too many connections
stress,2026-09-10T10:45:12+07:00,500,304.234,PDOException,SQLSTATE[HY000] [1040] Too many connections
stress,2026-09-10T10:45:12+07:00,500,315.862,PDOException,SQLSTATE[HY000] [1040] Too many connections
stress,2026-09-10T10:45:12+07:00,500,351.879,PDOException,SQLSTATE[HY000] [1040] Too many connections
stress,2026-09-10T10:45:12+07:00,500,540.526,PDOException,SQLSTATE[HY000] [1040] Too many connections
stress,2026-09-10T10:45:12+07:00,500,482.036,PDOException,SQLSTATE[HY000] [1040] Too many connections
stress,2026-09-10T10:45:12+07:00,500,462.068,PDOException,SQLSTATE[HY000] [1040] Too many connections
stress,2026-09-10T10:45:12+07:00,500,393.363,PDOException,SQLSTATE[HY000] [1040] Too many connections
stress,2026-09-10T10:45:12+07:00,500,320.352,PDOException,SQLSTATE[HY000] [1040] Too many connections
stress,2026-09-10T10:45:12+07:00,500,430.713,PDOException,SQLSTATE[HY000] [1040] Too many connections
stress,2026-09-10T10:45:12+07:00,500,529.99,PDOException,SQLSTATE[HY000] [1040] Too many connections
stress,2026-09-10T10:45:12+07:00,500,316.856,PDOException,SQLSTATE[HY000] [1040] Too many connections
stress,2026-09-10T10:45:12+07:00,500,434.969,PDOException,SQLSTATE[HY000] [1040] Too many connections
stress,2026-09-10T10:45:12+07:00,500,181.07,PDOException,SQLSTATE[HY000] [1040] Too many connections
stress,2026-09-10T10:45:12+07:00,500,334.271,PDOException,SQLSTATE[08004] [1040] Too many connections
stress,2026-09-10T10:45:12+07:00,500,513.058,PDOException,SQLSTATE[HY000] [1040] Too many connections
stress,2026-09-10T10:45:12+07:00,500,374.056,PDOException,SQLSTATE[HY000] [1040] Too many connections
stress,2026-09-10T10:45:12+07:00,500,425.918,PDOException,SQLSTATE[HY000] [1040] Too many connections
stress,2026-09-10T10:45:12+07:00,500,408.866,PDOException,SQLSTATE[HY000] [1040] Too many connections
stress,2026-09-10T10:45:12+07:00,500,324.426,PDOException,SQLSTATE[HY000] [1040] Too many connections
stress,2026-09-10T10:45:12+07:00,500,415.864,PDOException,SQLSTATE[HY000] [1040] Too many connections
stress,2026-09-10T10:45:12+07:00,500,238.682,PDOException,SQLSTATE[08004] [1040] Too many connections
stress,2026-09-10T10:45:12+07:00,500,444.206,PDOException,SQLSTATE[HY000] [1040] Too many connections
stress,2026-09-10T10:45:12+07:00,500,317.464,PDOException,SQLSTATE[HY000] [1040] Too many connections
stress,2026-09-10T10:45:12+07:00,500,259.621,PDOException,SQLSTATE[08004] [1040] Too many connections
stress,2026-09-10T10:45:13+07:00,500,372.665,PDOException,SQLSTATE[HY000] [1040] Too many connections
stress,2026-09-10T10:45:13+07:00,500,411.6,PDOException,SQLSTATE[HY000] [1040] Too many connections
stress,2026-09-10T10:45:13+07:00,500,572.158,PDOException,SQLSTATE[HY000] [1040] Too many connections
stress,2026-09-10T10:45:13+07:00,500,416.476,PDOException,SQLSTATE[HY000] [1040] Too many connections
stress,2026-09-10T10:45:13+07:00,500,426.75,PDOException,SQLSTATE[HY000] [1040] Too many connections
stress,2026-09-10T10:45:13+07:00,500,505.721,PDOException,SQLSTATE[HY000] [1040] Too many connections
stress,2026-09-10T10:45:13+07:00,500,466.856,PDOException,SQLSTATE[HY000] [1040] Too many connections
stress,2026-09-10T10:45:13+07:00,500,399.305,PDOException,SQLSTATE[HY000] [1040] Too many connections
stress,2026-09-10T10:45:13+07:00,500,360.312,PDOException,SQLSTATE[08004] [1040] Too many connections
stress,2026-09-10T10:45:13+07:00,500,254.879,PDOException,SQLSTATE[HY000] [1040] Too many connections
stress,2026-09-10T10:45:13+07:00,500,256.121,PDOException,SQLSTATE[HY000] [1040] Too many connections
stress,2026-09-10T10:45:13+07:00,500,368.83,PDOException,SQLSTATE[08004] [1040] Too many connections
stress,2026-09-10T10:45:13+07:00,500,366.015,PDOException,SQLSTATE[08004] [1040] Too many connections
stress,2026-09-10T10:45:13+07:00,500,391.053,PDOException,SQLSTATE[HY000] [1040] Too many connections
stress,2026-09-10T10:45:14+07:00,500,489.409,PDOException,SQLSTATE[HY000] [1040] Too many connections
stress,2026-09-10T10:45:14+07:00,500,481.769,PDOException,SQLSTATE[HY000] [1040] Too many connections
stress,2026-09-10T10:45:14+07:00,500,467.052,PDOException,SQLSTATE[HY000] [1040] Too many connections
stress,2026-09-10T10:45:14+07:00,500,268.975,PDOException,SQLSTATE[HY000] [1040] Too many connections
stress,2026-09-10T10:45:14+07:00,500,419.011,PDOException,SQLSTATE[HY000] [1040] Too many connections
stress,2026-09-10T10:45:14+07:00,500,276.988,PDOException,SQLSTATE[HY000] [1040] Too many connections
stress,2026-09-10T10:45:14+07:00,500,238.353,PDOException,SQLSTATE[HY000] [1040] Too many connections
stress,2026-09-10T10:45:14+07:00,500,376.61,PDOException,SQLSTATE[HY000] [1040] Too many connections
stress,2026-09-10T10:45:14+07:00,500,381.247,PDOException,SQLSTATE[HY000] [1040] Too many connections
stress,2026-09-10T10:45:14+07:00,500,387.079,PDOException,SQLSTATE[HY000] [1040] Too many connections
stress,2026-09-10T10:45:14+07:00,500,155.307,PDOException,SQLSTATE[08004] [1040] Too many connections
stress,2026-09-10T10:45:14+07:00,500,375.974,PDOException,SQLSTATE[HY000] [1040] Too many connections
stress,2026-09-10T10:45:14+07:00,500,180.171,PDOException,SQLSTATE[HY000] [1040] Too many connections
stress,2026-09-10T10:45:14+07:00,500,182.523,PDOException,SQLSTATE[HY000] [1040] Too many connections
stress,2026-09-10T10:45:14+07:00,500,238.143,PDOException,SQLSTATE[HY000] [1040] Too many connections
stress,2026-09-10T10:45:14+07:00,500,282.136,PDOException,SQLSTATE[HY000] [1040] Too many connections
stress,2026-09-10T10:45:14+07:00,500,235.62,PDOException,SQLSTATE[HY000] [1040] Too many connections
stress,2026-09-10T10:45:14+07:00,500,299.924,PDOException,SQLSTATE[HY000] [1040] Too many connections
stress,2026-09-10T10:45:14+07:00,500,420.125,PDOException,SQLSTATE[HY000] [1040] Too many connections
stress,2026-09-10T10:45:14+07:00,500,333.411,PDOException,SQLSTATE[HY000] [1040] Too many connections
stress,2026-09-10T10:45:14+07:00,500,419.51,PDOException,SQLSTATE[HY000] [1040] Too many connections
stress,2026-09-10T10:45:14+07:00,500,464.297,PDOException,SQLSTATE[HY000] [1040] Too many connections
stress,2026-09-10T10:45:14+07:00,500,413.822,PDOException,SQLSTATE[HY000] [1040] Too many connections
stress,2026-09-10T10:45:14+07:00,500,415.849,PDOException,SQLSTATE[HY000] [1040] Too many connections
stress,2026-09-10T10:45:14+07:00,500,316.982,PDOException,SQLSTATE[HY000] [1040] Too many connections
stress,2026-09-10T10:45:14+07:00,500,383.448,PDOException,SQLSTATE[HY000] [1040] Too many connections
stress,2026-09-10T10:45:14+07:00,500,382.762,PDOException,SQLSTATE[HY000] [1040] Too many connections
stress,2026-09-10T10:45:15+07:00,500,668.383,PDOException,SQLSTATE[HY000] [1040] Too many connections
stress,2026-09-10T10:45:15+07:00,500,448.603,PDOException,SQLSTATE[HY000] [1040] Too many connections
stress,2026-09-10T10:45:15+07:00,500,448.081,PDOException,SQLSTATE[HY000] [1040] Too many connections
stress,2026-09-10T10:45:15+07:00,500,470.932,PDOException,SQLSTATE[HY000] [1040] Too many connections
stress,2026-09-10T10:45:15+07:00,500,384.003,PDOException,SQLSTATE[HY000] [1040] Too many connections
stress,2026-09-10T10:45:15+07:00,500,440.76,PDOException,SQLSTATE[HY000] [1040] Too many connections
stress,2026-09-10T10:45:15+07:00,500,397.717,PDOException,SQLSTATE[08004] [1040] Too many connections
stress,2026-09-10T10:45:15+07:00,500,249.28,PDOException,SQLSTATE[HY000] [1040] Too many connections
stress,2026-09-10T10:45:15+07:00,500,332.567,PDOException,SQLSTATE[HY000] [1040] Too many connections
stress,2026-09-10T10:45:15+07:00,500,465.659,PDOException,SQLSTATE[HY000] [1040] Too many connections
stress,2026-09-10T10:45:15+07:00,500,491.608,PDOException,SQLSTATE[HY000] [1040] Too many connections
stress,2026-09-10T10:45:15+07:00,500,184.572,PDOException,SQLSTATE[HY000] [1040] Too many connections
stress,2026-09-10T10:45:15+07:00,500,184.788,PDOException,SQLSTATE[HY000] [1040] Too many connections
stress,2026-09-10T10:45:15+07:00,500,385.974,PDOException,SQLSTATE[HY000] [1040] Too many connections
stress,2026-09-10T10:45:15+07:00,500,341.482,PDOException,SQLSTATE[HY000] [1040] Too many connections
stress,2026-09-10T10:45:15+07:00,500,514.215,PDOException,SQLSTATE[HY000] [1040] Too many connections
stress,2026-09-10T10:45:15+07:00,500,375.424,PDOException,SQLSTATE[HY000] [1040] Too many connections
stress,2026-09-10T10:45:15+07:00,500,298.939,PDOException,SQLSTATE[HY000] [1040] Too many connections
stress,2026-09-10T10:45:15+07:00,500,426.515,PDOException,SQLSTATE[HY000] [1040] Too many connections
stress,2026-09-10T10:45:15+07:00,500,433.978,PDOException,SQLSTATE[HY000] [1040] Too many connections
stress,2026-09-10T10:45:15+07:00,500,462.374,PDOException,SQLSTATE[HY000] [1040] Too many connections
stress,2026-09-10T10:45:15+07:00,500,398.979,PDOException,SQLSTATE[HY000] [1040] Too many connections
stress,2026-09-10T10:45:15+07:00,500,420.789,PDOException,SQLSTATE[HY000] [1040] Too many connections
stress,2026-09-10T10:45:16+07:00,500,490.435,PDOException,SQLSTATE[HY000] [1040] Too many connections
stress,2026-09-10T10:45:16+07:00,500,482.519,PDOException,SQLSTATE[HY000] [1040] Too many connections
stress,2026-09-10T10:45:16+07:00,500,482.812,PDOException,SQLSTATE[HY000] [1040] Too many connections
stress,2026-09-10T10:45:16+07:00,500,460.128,PDOException,SQLSTATE[HY000] [1040] Too many connections
stress,2026-09-10T10:45:16+07:00,500,467.188,PDOException,SQLSTATE[HY000] [1040] Too many connections
stress,2026-09-10T10:45:16+07:00,500,409.834,PDOException,SQLSTATE[HY000] [1040] Too many connections
stress,2026-09-10T10:45:16+07:00,500,466.902,PDOException,SQLSTATE[HY000] [1040] Too many connections
stress,2026-09-10T10:45:16+07:00,500,396.639,PDOException,SQLSTATE[HY000] [1040] Too many connections
stress,2026-09-10T10:45:16+07:00,500,331.837,PDOException,SQLSTATE[HY000] [1040] Too many connections
stress,2026-09-10T10:45:16+07:00,500,381.083,PDOException,SQLSTATE[HY000] [1040] Too many connections
stress,2026-09-10T10:45:16+07:00,500,411.886,PDOException,SQLSTATE[HY000] [1040] Too many connections
stress,2026-09-10T10:45:16+07:00,500,198.675,PDOException,SQLSTATE[08004] [1040] Too many connections
stress,2026-09-10T10:45:16+07:00,500,198.765,PDOException,SQLSTATE[08004] [1040] Too many connections
stress,2026-09-10T10:45:16+07:00,500,500.204,PDOException,SQLSTATE[HY000] [1040] Too many connections
stress,2026-09-10T10:45:16+07:00,500,504.382,PDOException,SQLSTATE[HY000] [1040] Too many connections
stress,2026-09-10T10:45:16+07:00,500,445.178,PDOException,SQLSTATE[HY000] [1040] Too many connections
stress,2026-09-10T10:45:16+07:00,500,497.01,PDOException,SQLSTATE[HY000] [1040] Too many connections
stress,2026-09-10T10:45:16+07:00,500,419.516,PDOException,SQLSTATE[HY000] [1040] Too many connections
stress,2026-09-10T10:45:16+07:00,500,425.985,PDOException,SQLSTATE[HY000] [1040] Too many connections
stress,2026-09-10T10:45:16+07:00,500,326.095,PDOException,SQLSTATE[HY000] [1040] Too many connections
stress,2026-09-10T10:45:16+07:00,500,435.205,PDOException,SQLSTATE[HY000] [1040] Too many connections
stress,2026-09-10T10:45:16+07:00,500,508.57,PDOException,SQLSTATE[08004] [1040] Too many connections
stress,2026-09-10T10:45:17+07:00,500,509.692,PDOException,SQLSTATE[HY000] [1040] Too many connections
stress,2026-09-10T10:45:17+07:00,500,509.535,PDOException,SQLSTATE[HY000] [1040] Too many connections
stress,2026-09-10T10:45:17+07:00,500,509.765,PDOException,SQLSTATE[HY000] [1040] Too many connections
stress,2026-09-10T10:45:17+07:00,500,510.208,PDOException,SQLSTATE[08004] [1040] Too many connections
stress,2026-09-10T10:45:17+07:00,500,434.499,PDOException,SQLSTATE[HY000] [1040] Too many connections
stress,2026-09-10T10:45:17+07:00,500,403.875,PDOException,SQLSTATE[HY000] [1040] Too many connections
stress,2026-09-10T10:45:17+07:00,500,562.706,PDOException,SQLSTATE[HY000] [1040] Too many connections
stress,2026-09-10T10:45:17+07:00,500,519.595,PDOException,SQLSTATE[HY000] [1040] Too many connections
stress,2026-09-10T10:45:17+07:00,500,414.698,PDOException,SQLSTATE[08004] [1040] Too many connections
stress,2026-09-10T10:45:17+07:00,500,316.08,PDOException,SQLSTATE[HY000] [1040] Too many connections
stress,2026-09-10T10:45:17+07:00,500,266.093,PDOException,SQLSTATE[HY000] [1040] Too many connections
stress,2026-09-10T10:45:17+07:00,500,535.469,PDOException,SQLSTATE[HY000] [1040] Too many connections
stress,2026-09-10T10:45:17+07:00,500,249.433,PDOException,SQLSTATE[HY000] [1040] Too many connections
stress,2026-09-10T10:45:17+07:00,500,389.23,PDOException,SQLSTATE[HY000] [1040] Too many connections
stress,2026-09-10T10:45:17+07:00,500,312.388,PDOException,SQLSTATE[HY000] [1040] Too many connections
stress,2026-09-10T10:45:17+07:00,500,405.827,PDOException,SQLSTATE[HY000] [1040] Too many connections
stress,2026-09-10T10:45:17+07:00,500,410.218,PDOException,SQLSTATE[08004] [1040] Too many connections
stress,2026-09-10T10:45:17+07:00,500,406.696,PDOException,SQLSTATE[HY000] [1040] Too many connections
stress,2026-09-10T10:45:17+07:00,500,388.284,PDOException,SQLSTATE[08004] [1040] Too many connections
stress,2026-09-10T10:45:17+07:00,500,411.173,PDOException,SQLSTATE[08004] [1040] Too many connections
stress,2026-09-10T10:45:18+07:00,500,552.525,PDOException,SQLSTATE[HY000] [1040] Too many connections
stress,2026-09-10T10:45:18+07:00,500,655.233,PDOException,SQLSTATE[HY000] [1040] Too many connections
stress,2026-09-10T10:45:18+07:00,500,366.987,PDOException,SQLSTATE[HY000] [1040] Too many connections
stress,2026-09-10T10:45:18+07:00,500,346.049,PDOException,SQLSTATE[HY000] [1040] Too many connections
stress,2026-09-10T10:45:18+07:00,500,485.853,PDOException,SQLSTATE[HY000] [1040] Too many connections
stress,2026-09-10T10:45:18+07:00,500,634.381,PDOException,SQLSTATE[HY000] [1040] Too many connections
stress,2026-09-10T10:45:18+07:00,500,628.461,PDOException,SQLSTATE[HY000] [1040] Too many connections
stress,2026-09-10T10:45:18+07:00,500,724.443,PDOException,SQLSTATE[HY000] [1040] Too many connections
stress,2026-09-10T10:45:18+07:00,500,340.809,PDOException,SQLSTATE[HY000] [1040] Too many connections
stress,2026-09-10T10:45:18+07:00,500,409.063,PDOException,SQLSTATE[08004] [1040] Too many connections
stress,2026-09-10T10:45:18+07:00,500,410.609,PDOException,SQLSTATE[08004] [1040] Too many connections
stress,2026-09-10T10:45:18+07:00,500,413.648,PDOException,SQLSTATE[08004] [1040] Too many connections
stress,2026-09-10T10:45:18+07:00,500,377.416,PDOException,SQLSTATE[HY000] [1040] Too many connections
stress,2026-09-10T10:45:18+07:00,500,374.569,PDOException,SQLSTATE[HY000] [1040] Too many connections
stress,2026-09-10T10:45:18+07:00,500,838.034,PDOException,SQLSTATE[HY000] [1040] Too many connections
stress,2026-09-10T10:45:18+07:00,500,437.724,PDOException,SQLSTATE[HY000] [1040] Too many connections
stress,2026-09-10T10:45:18+07:00,500,259.901,PDOException,SQLSTATE[HY000] [1040] Too many connections
stress,2026-09-10T10:45:18+07:00,500,494.016,PDOException,SQLSTATE[HY000] [1040] Too many connections
stress,2026-09-10T10:45:18+07:00,500,653.039,PDOException,SQLSTATE[HY000] [1040] Too many connections
stress,2026-09-10T10:45:18+07:00,500,341.944,PDOException,SQLSTATE[HY000] [1040] Too many connections
stress,2026-09-10T10:45:18+07:00,500,348.403,PDOException,SQLSTATE[HY000] [1040] Too many connections
stress,2026-09-10T10:45:19+07:00,500,322.506,PDOException,SQLSTATE[HY000] [1040] Too many connections
stress,2026-09-10T10:45:19+07:00,500,505.409,PDOException,SQLSTATE[HY000] [1040] Too many connections
stress,2026-09-10T10:45:19+07:00,500,371.049,PDOException,SQLSTATE[HY000] [1040] Too many connections
stress,2026-09-10T10:45:19+07:00,500,419.517,PDOException,SQLSTATE[HY000] [1040] Too many connections
stress,2026-09-10T10:45:19+07:00,500,633.527,PDOException,SQLSTATE[HY000] [1040] Too many connections
stress,2026-09-10T10:45:19+07:00,500,481.699,PDOException,SQLSTATE[HY000] [1040] Too many connections
stress,2026-09-10T10:45:19+07:00,500,634.124,PDOException,SQLSTATE[HY000] [1040] Too many connections
stress,2026-09-10T10:45:19+07:00,500,381.232,PDOException,SQLSTATE[HY000] [1040] Too many connections
stress,2026-09-10T10:45:19+07:00,500,482.19,PDOException,SQLSTATE[HY000] [1040] Too many connections
stress,2026-09-10T10:45:19+07:00,500,401.128,PDOException,SQLSTATE[HY000] [1040] Too many connections
stress,2026-09-10T10:45:19+07:00,500,429.876,PDOException,SQLSTATE[HY000] [1040] Too many connections
stress,2026-09-10T10:45:19+07:00,500,573.324,PDOException,SQLSTATE[HY000] [1040] Too many connections
stress,2026-09-10T10:45:19+07:00,500,368.35,PDOException,SQLSTATE[HY000] [1040] Too many connections
stress,2026-09-10T10:45:19+07:00,500,453.971,PDOException,SQLSTATE[HY000] [1040] Too many connections
stress,2026-09-10T10:45:19+07:00,500,392.193,PDOException,SQLSTATE[08004] [1040] Too many connections
stress,2026-09-10T10:45:19+07:00,500,604.547,PDOException,SQLSTATE[HY000] [1040] Too many connections
stress,2026-09-10T10:45:19+07:00,500,656.516,PDOException,SQLSTATE[HY000] [1040] Too many connections
stress,2026-09-10T10:45:19+07:00,500,706.363,PDOException,SQLSTATE[HY000] [1040] Too many connections
stress,2026-09-10T10:45:19+07:00,500,465.159,PDOException,SQLSTATE[HY000] [1040] Too many connections
stress,2026-09-10T10:45:19+07:00,500,721.752,PDOException,SQLSTATE[HY000] [1040] Too many connections
stress,2026-09-10T10:45:19+07:00,500,314.975,PDOException,SQLSTATE[08004] [1040] Too many connections
stress,2026-09-10T10:45:19+07:00,500,498.521,PDOException,SQLSTATE[HY000] [1040] Too many connections
stress,2026-09-10T10:45:19+07:00,500,331.101,PDOException,SQLSTATE[HY000] [1040] Too many connections
stress,2026-09-10T10:45:19+07:00,500,413.059,PDOException,SQLSTATE[HY000] [1040] Too many connections
stress,2026-09-10T10:45:19+07:00,500,511.049,PDOException,SQLSTATE[HY000] [1040] Too many connections
stress,2026-09-10T10:45:19+07:00,500,437.156,PDOException,SQLSTATE[08004] [1040] Too many connections
stress,2026-09-10T10:45:19+07:00,500,380.71,PDOException,SQLSTATE[08004] [1040] Too many connections
stress,2026-09-10T10:45:20+07:00,500,272.603,PDOException,SQLSTATE[HY000] [1040] Too many connections
stress,2026-09-10T10:45:20+07:00,500,240.466,PDOException,SQLSTATE[HY000] [1040] Too many connections
stress,2026-09-10T10:45:20+07:00,500,562.019,PDOException,SQLSTATE[08004] [1040] Too many connections
stress,2026-09-10T10:45:20+07:00,500,454.856,PDOException,SQLSTATE[HY000] [1040] Too many connections
stress,2026-09-10T10:45:20+07:00,500,283.492,PDOException,SQLSTATE[HY000] [1040] Too many connections
stress,2026-09-10T10:45:20+07:00,500,394.44,PDOException,SQLSTATE[HY000] [1040] Too many connections
stress,2026-09-10T10:45:20+07:00,500,491.66,PDOException,SQLSTATE[08004] [1040] Too many connections
stress,2026-09-10T10:45:20+07:00,500,486.853,PDOException,SQLSTATE[08004] [1040] Too many connections
stress,2026-09-10T10:45:20+07:00,500,518.509,PDOException,SQLSTATE[08004] [1040] Too many connections
stress,2026-09-10T10:45:20+07:00,500,533.611,PDOException,SQLSTATE[HY000] [1040] Too many connections
stress,2026-09-10T10:45:20+07:00,500,389.228,PDOException,SQLSTATE[HY000] [1040] Too many connections
stress,2026-09-10T10:45:20+07:00,500,622.279,PDOException,SQLSTATE[HY000] [1040] Too many connections
stress,2026-09-10T10:45:20+07:00,500,386.471,PDOException,SQLSTATE[HY000] [1040] Too many connections
stress,2026-09-10T10:45:20+07:00,500,456.322,PDOException,SQLSTATE[HY000] [1040] Too many connections
stress,2026-09-10T10:45:20+07:00,500,483.158,PDOException,SQLSTATE[HY000] [1040] Too many connections
stress,2026-09-10T10:45:20+07:00,500,491.785,PDOException,SQLSTATE[HY000] [1040] Too many connections
stress,2026-09-10T10:45:20+07:00,500,364.989,PDOException,SQLSTATE[HY000] [1040] Too many connections
stress,2026-09-10T10:45:20+07:00,500,714.193,PDOException,SQLSTATE[HY000] [1040] Too many connections
stress,2026-09-10T10:45:20+07:00,500,535.557,PDOException,SQLSTATE[HY000] [1040] Too many connections
stress,2026-09-10T10:45:20+07:00,500,392.631,PDOException,SQLSTATE[HY000] [1040] Too many connections
stress,2026-09-10T10:45:20+07:00,500,480.365,PDOException,SQLSTATE[HY000] [1040] Too many connections
stress,2026-09-10T10:45:20+07:00,500,668.192,PDOException,SQLSTATE[HY000] [1040] Too many connections
stress,2026-09-10T10:45:20+07:00,500,659.571,PDOException,SQLSTATE[HY000] [1040] Too many connections
stress,2026-09-10T10:45:20+07:00,500,480.415,PDOException,SQLSTATE[HY000] [1040] Too many connections
stress,2026-09-10T10:45:21+07:00,500,243.623,PDOException,SQLSTATE[08004] [1040] Too many connections
stress,2026-09-10T10:45:21+07:00,500,571.279,PDOException,SQLSTATE[HY000] [1040] Too many connections
stress,2026-09-10T10:45:21+07:00,500,439.406,PDOException,SQLSTATE[HY000] [1040] Too many connections
stress,2026-09-10T10:45:21+07:00,500,528.898,PDOException,SQLSTATE[HY000] [1040] Too many connections
stress,2026-09-10T10:45:21+07:00,500,567.975,PDOException,SQLSTATE[HY000] [1040] Too many connections
stress,2026-09-10T10:45:21+07:00,500,296.657,PDOException,SQLSTATE[HY000] [1040] Too many connections
stress,2026-09-10T10:45:21+07:00,500,453.987,PDOException,SQLSTATE[HY000] [1040] Too many connections
stress,2026-09-10T10:45:21+07:00,500,430.695,PDOException,SQLSTATE[HY000] [1040] Too many connections
stress,2026-09-10T10:45:21+07:00,500,513.522,PDOException,SQLSTATE[HY000] [1040] Too many connections
stress,2026-09-10T10:45:21+07:00,500,535.54,PDOException,SQLSTATE[HY000] [1040] Too many connections
stress,2026-09-10T10:45:21+07:00,500,462.688,PDOException,SQLSTATE[HY000] [1040] Too many connections
stress,2026-09-10T10:45:21+07:00,500,319.517,PDOException,SQLSTATE[HY000] [1040] Too many connections
stress,2026-09-10T10:45:21+07:00,500,509.578,PDOException,SQLSTATE[HY000] [1040] Too many connections
stress,2026-09-10T10:45:21+07:00,500,480.758,PDOException,SQLSTATE[HY000] [1040] Too many connections
stress,2026-09-10T10:45:21+07:00,500,280.581,PDOException,SQLSTATE[HY000] [1040] Too many connections
stress,2026-09-10T10:45:21+07:00,500,490.933,PDOException,SQLSTATE[HY000] [1040] Too many connections
stress,2026-09-10T10:45:21+07:00,500,502.659,PDOException,SQLSTATE[HY000] [1040] Too many connections
stress,2026-09-10T10:45:21+07:00,500,306.68,PDOException,SQLSTATE[HY000] [1040] Too many connections
stress,2026-09-10T10:45:21+07:00,500,305.691,PDOException,SQLSTATE[HY000] [1040] Too many connections
stress,2026-09-10T10:45:21+07:00,500,603.074,PDOException,SQLSTATE[HY000] [1040] Too many connections
stress,2026-09-10T10:45:21+07:00,500,581.155,PDOException,SQLSTATE[HY000] [1040] Too many connections
stress,2026-09-10T10:45:22+07:00,500,556.28,PDOException,SQLSTATE[HY000] [1040] Too many connections
stress,2026-09-10T10:45:22+07:00,500,566.441,PDOException,SQLSTATE[HY000] [1040] Too many connections
stress,2026-09-10T10:45:22+07:00,500,414.011,PDOException,SQLSTATE[HY000] [1040] Too many connections
stress,2026-09-10T10:45:22+07:00,500,511.152,PDOException,SQLSTATE[HY000] [1040] Too many connections
stress,2026-09-10T10:45:22+07:00,500,508.761,PDOException,SQLSTATE[HY000] [1040] Too many connections
stress,2026-09-10T10:45:22+07:00,500,553.38,PDOException,SQLSTATE[HY000] [1040] Too many connections
stress,2026-09-10T10:45:22+07:00,500,559.731,PDOException,SQLSTATE[HY000] [1040] Too many connections
stress,2026-09-10T10:45:22+07:00,500,521.544,PDOException,SQLSTATE[HY000] [1040] Too many connections
stress,2026-09-10T10:45:22+07:00,500,384.615,PDOException,SQLSTATE[HY000] [1040] Too many connections
stress,2026-09-10T10:45:22+07:00,500,393.687,PDOException,SQLSTATE[HY000] [1040] Too many connections
stress,2026-09-10T10:45:22+07:00,500,602.259,PDOException,SQLSTATE[HY000] [1040] Too many connections
stress,2026-09-10T10:45:22+07:00,500,605.893,PDOException,SQLSTATE[HY000] [1040] Too many connections
stress,2026-09-10T10:45:22+07:00,500,573.612,PDOException,SQLSTATE[HY000] [1040] Too many connections
stress,2026-09-10T10:45:22+07:00,500,375.543,PDOException,SQLSTATE[HY000] [1040] Too many connections
stress,2026-09-10T10:45:22+07:00,500,664.018,PDOException,SQLSTATE[HY000] [1040] Too many connections
stress,2026-09-10T10:45:22+07:00,500,398.33,PDOException,SQLSTATE[HY000] [1040] Too many connections
stress,2026-09-10T10:45:22+07:00,500,344.491,PDOException,SQLSTATE[HY000] [1040] Too many connections
stress,2026-09-10T10:45:22+07:00,500,393.848,PDOException,SQLSTATE[HY000] [1040] Too many connections
stress,2026-09-10T10:45:22+07:00,500,405.285,PDOException,SQLSTATE[HY000] [1040] Too many connections
stress,2026-09-10T10:45:22+07:00,500,407.837,PDOException,SQLSTATE[HY000] [1040] Too many connections
stress,2026-09-10T10:45:22+07:00,500,451.624,PDOException,SQLSTATE[HY000] [1040] Too many connections
stress,2026-09-10T10:45:22+07:00,500,408.934,PDOException,SQLSTATE[08004] [1040] Too many connections
stress,2026-09-10T10:45:22+07:00,500,357.191,PDOException,SQLSTATE[HY000] [1040] Too many connections
stress,2026-09-10T10:45:22+07:00,500,386.751,PDOException,SQLSTATE[HY000] [1040] Too many connections
stress,2026-09-10T10:45:23+07:00,500,427.471,PDOException,SQLSTATE[HY000] [1040] Too many connections
stress,2026-09-10T10:45:23+07:00,500,677.761,PDOException,SQLSTATE[08004] [1040] Too many connections
stress,2026-09-10T10:45:23+07:00,500,524.341,PDOException,SQLSTATE[HY000] [1040] Too many connections
stress,2026-09-10T10:45:23+07:00,500,524.527,PDOException,SQLSTATE[08004] [1040] Too many connections
stress,2026-09-10T10:45:23+07:00,500,524.43,PDOException,SQLSTATE[HY000] [1040] Too many connections
stress,2026-09-10T10:45:23+07:00,500,685.078,PDOException,SQLSTATE[08004] [1040] Too many connections
stress,2026-09-10T10:45:23+07:00,500,427.581,PDOException,SQLSTATE[HY000] [1040] Too many connections
stress,2026-09-10T10:45:23+07:00,500,422.425,PDOException,SQLSTATE[HY000] [1040] Too many connections
stress,2026-09-10T10:45:23+07:00,500,533.207,PDOException,SQLSTATE[HY000] [1040] Too many connections
stress,2026-09-10T10:45:23+07:00,500,522.535,PDOException,SQLSTATE[08004] [1040] Too many connections
stress,2026-09-10T10:45:23+07:00,500,409.253,PDOException,SQLSTATE[08004] [1040] Too many connections
stress,2026-09-10T10:45:23+07:00,500,723.547,PDOException,SQLSTATE[HY000] [1040] Too many connections
stress,2026-09-10T10:45:23+07:00,500,504.063,PDOException,SQLSTATE[HY000] [1040] Too many connections
stress,2026-09-10T10:45:23+07:00,500,537.516,PDOException,SQLSTATE[HY000] [1040] Too many connections
stress,2026-09-10T10:45:23+07:00,500,602.182,PDOException,SQLSTATE[HY000] [1040] Too many connections
stress,2026-09-10T10:45:24+07:00,500,383.911,PDOException,SQLSTATE[HY000] [1040] Too many connections
stress,2026-09-10T10:45:24+07:00,500,385.884,PDOException,SQLSTATE[HY000] [1040] Too many connections
stress,2026-09-10T10:45:24+07:00,500,397.596,PDOException,SQLSTATE[HY000] [1040] Too many connections
stress,2026-09-10T10:45:24+07:00,500,404.363,PDOException,SQLSTATE[HY000] [1040] Too many connections
stress,2026-09-10T10:45:24+07:00,500,615.178,PDOException,SQLSTATE[HY000] [1040] Too many connections
stress,2026-09-10T10:45:24+07:00,500,499.589,PDOException,SQLSTATE[HY000] [1040] Too many connections
stress,2026-09-10T10:45:24+07:00,500,589.46,PDOException,SQLSTATE[HY000] [1040] Too many connections
stress,2026-09-10T10:45:24+07:00,500,511.988,PDOException,SQLSTATE[08004] [1040] Too many connections
stress,2026-09-10T10:45:24+07:00,500,520.596,PDOException,SQLSTATE[HY000] [1040] Too many connections
stress,2026-09-10T10:45:24+07:00,500,398.553,PDOException,SQLSTATE[HY000] [1040] Too many connections
stress,2026-09-10T10:45:24+07:00,500,703.295,PDOException,SQLSTATE[HY000] [1040] Too many connections
stress,2026-09-10T10:45:24+07:00,500,678.008,PDOException,SQLSTATE[HY000] [1040] Too many connections
stress,2026-09-10T10:45:24+07:00,500,668.805,PDOException,SQLSTATE[HY000] [1040] Too many connections
stress,2026-09-10T10:45:24+07:00,500,507.365,PDOException,SQLSTATE[HY000] [1040] Too many connections
stress,2026-09-10T10:45:24+07:00,500,448.88,PDOException,SQLSTATE[08004] [1040] Too many connections
stress,2026-09-10T10:45:24+07:00,500,464.502,PDOException,SQLSTATE[HY000] [1040] Too many connections
stress,2026-09-10T10:45:24+07:00,500,526.097,PDOException,SQLSTATE[HY000] [1040] Too many connections
stress,2026-09-10T10:45:24+07:00,500,577.983,PDOException,SQLSTATE[HY000] [1040] Too many connections
stress,2026-09-10T10:45:24+07:00,500,509.91,PDOException,SQLSTATE[HY000] [1040] Too many connections
stress,2026-09-10T10:45:25+07:00,500,744.035,PDOException,SQLSTATE[HY000] [1040] Too many connections
stress,2026-09-10T10:45:25+07:00,500,647.428,PDOException,SQLSTATE[HY000] [1040] Too many connections
stress,2026-09-10T10:45:25+07:00,500,562.641,PDOException,SQLSTATE[HY000] [1040] Too many connections
stress,2026-09-10T10:45:25+07:00,500,575.742,PDOException,SQLSTATE[HY000] [1040] Too many connections
stress,2026-09-10T10:45:25+07:00,500,547.864,PDOException,SQLSTATE[HY000] [1040] Too many connections
stress,2026-09-10T10:45:25+07:00,500,549.772,PDOException,SQLSTATE[HY000] [1040] Too many connections
stress,2026-09-10T10:45:25+07:00,500,564.545,PDOException,SQLSTATE[HY000] [1040] Too many connections
stress,2026-09-10T10:45:25+07:00,500,941.219,PDOException,SQLSTATE[HY000] [1040] Too many connections
stress,2026-09-10T10:45:25+07:00,500,853.693,PDOException,SQLSTATE[HY000] [1040] Too many connections
stress,2026-09-10T10:45:25+07:00,500,815.932,PDOException,SQLSTATE[HY000] [1040] Too many connections
stress,2026-09-10T10:45:25+07:00,500,727.285,PDOException,SQLSTATE[HY000] [1040] Too many connections
stress,2026-09-10T10:45:25+07:00,500,953.014,PDOException,SQLSTATE[HY000] [1040] Too many connections
stress,2026-09-10T10:45:25+07:00,500,766.554,PDOException,SQLSTATE[HY000] [1040] Too many connections
stress,2026-09-10T10:45:25+07:00,500,370.986,PDOException,SQLSTATE[08004] [1040] Too many connections
stress,2026-09-10T10:45:25+07:00,500,621.384,PDOException,SQLSTATE[HY000] [1040] Too many connections
stress,2026-09-10T10:45:25+07:00,500,642.442,PDOException,SQLSTATE[HY000] [1040] Too many connections
stress,2026-09-10T10:45:25+07:00,500,573.44,PDOException,SQLSTATE[HY000] [1040] Too many connections
stress,2026-09-10T10:45:25+07:00,500,542.097,PDOException,SQLSTATE[08004] [1040] Too many connections
stress,2026-09-10T10:45:25+07:00,500,947.002,PDOException,SQLSTATE[HY000] [1040] Too many connections
stress,2026-09-10T10:45:25+07:00,500,702.066,PDOException,SQLSTATE[HY000] [1040] Too many connections
stress,2026-09-10T10:45:25+07:00,500,914.646,PDOException,SQLSTATE[HY000] [1040] Too many connections
stress,2026-09-10T10:45:25+07:00,500,623.897,PDOException,SQLSTATE[HY000] [1040] Too many connections
stress,2026-09-10T10:45:25+07:00,500,478.081,PDOException,SQLSTATE[HY000] [1040] Too many connections
stress,2026-09-10T10:45:25+07:00,500,431.182,PDOException,SQLSTATE[HY000] [1040] Too many connections
stress,2026-09-10T10:45:25+07:00,500,322.402,PDOException,SQLSTATE[HY000] [1040] Too many connections
stress,2026-09-10T10:45:25+07:00,500,324.101,PDOException,SQLSTATE[HY000] [1040] Too many connections
stress,2026-09-10T10:45:25+07:00,500,341.23,PDOException,SQLSTATE[HY000] [1040] Too many connections
stress,2026-09-10T10:45:25+07:00,500,358.573,PDOException,SQLSTATE[HY000] [1040] Too many connections
stress,2026-09-10T10:45:25+07:00,500,383.064,PDOException,SQLSTATE[HY000] [1040] Too many connections
stress,2026-09-10T10:45:26+07:00,500,388.465,PDOException,SQLSTATE[HY000] [1040] Too many connections
stress,2026-09-10T10:45:26+07:00,500,454.888,PDOException,SQLSTATE[HY000] [1040] Too many connections
stress,2026-09-10T10:45:26+07:00,500,480.94,PDOException,SQLSTATE[HY000] [1040] Too many connections
stress,2026-09-10T10:45:26+07:00,500,713.35,PDOException,SQLSTATE[HY000] [1040] Too many connections
stress,2026-09-10T10:45:26+07:00,500,386.824,PDOException,SQLSTATE[HY000] [1040] Too many connections
stress,2026-09-10T10:45:26+07:00,500,656.699,PDOException,SQLSTATE[HY000] [1040] Too many connections
stress,2026-09-10T10:45:26+07:00,500,669.951,PDOException,SQLSTATE[HY000] [1040] Too many connections
stress,2026-09-10T10:45:26+07:00,500,415.616,PDOException,SQLSTATE[HY000] [1040] Too many connections
stress,2026-09-10T10:45:26+07:00,500,446.993,PDOException,SQLSTATE[HY000] [1040] Too many connections
stress,2026-09-10T10:45:26+07:00,500,441.236,PDOException,SQLSTATE[HY000] [1040] Too many connections
stress,2026-09-10T10:45:26+07:00,500,525.778,PDOException,SQLSTATE[HY000] [1040] Too many connections
stress,2026-09-10T10:45:26+07:00,500,564.538,PDOException,SQLSTATE[HY000] [1040] Too many connections
stress,2026-09-10T10:45:26+07:00,500,522.196,PDOException,SQLSTATE[HY000] [1040] Too many connections
stress,2026-09-10T10:45:26+07:00,500,639.437,PDOException,SQLSTATE[HY000] [1040] Too many connections
stress,2026-09-10T10:45:26+07:00,500,600.099,PDOException,SQLSTATE[HY000] [1040] Too many connections
stress,2026-09-10T10:45:26+07:00,500,639.369,PDOException,SQLSTATE[HY000] [1040] Too many connections
stress,2026-09-10T10:45:26+07:00,500,404.604,PDOException,SQLSTATE[HY000] [1040] Too many connections
stress,2026-09-10T10:45:26+07:00,500,576.144,PDOException,SQLSTATE[HY000] [1040] Too many connections
stress,2026-09-10T10:45:26+07:00,500,580.346,PDOException,SQLSTATE[HY000] [1040] Too many connections
stress,2026-09-10T10:45:26+07:00,500,632.386,PDOException,SQLSTATE[HY000] [1040] Too many connections
stress,2026-09-10T10:45:27+07:00,500,434.551,PDOException,SQLSTATE[HY000] [1040] Too many connections
stress,2026-09-10T10:45:27+07:00,500,666.157,PDOException,SQLSTATE[HY000] [1040] Too many connections
stress,2026-09-10T10:45:27+07:00,500,454.025,PDOException,SQLSTATE[08004] [1040] Too many connections
stress,2026-09-10T10:45:27+07:00,500,673.324,PDOException,SQLSTATE[HY000] [1040] Too many connections
stress,2026-09-10T10:45:27+07:00,500,689.907,PDOException,SQLSTATE[HY000] [1040] Too many connections
stress,2026-09-10T10:45:27+07:00,500,454.281,PDOException,SQLSTATE[08004] [1040] Too many connections
stress,2026-09-10T10:45:27+07:00,500,522.64,PDOException,SQLSTATE[HY000] [1040] Too many connections
stress,2026-09-10T10:45:27+07:00,500,530.688,PDOException,SQLSTATE[HY000] [1040] Too many connections
stress,2026-09-10T10:45:27+07:00,500,582.944,PDOException,SQLSTATE[HY000] [1040] Too many connections
stress,2026-09-10T10:45:27+07:00,500,635.218,PDOException,SQLSTATE[HY000] [1040] Too many connections
stress,2026-09-10T10:45:27+07:00,500,593.294,PDOException,SQLSTATE[HY000] [1040] Too many connections
stress,2026-09-10T10:45:27+07:00,500,635.111,PDOException,SQLSTATE[HY000] [1040] Too many connections
stress,2026-09-10T10:45:27+07:00,500,319.582,PDOException,SQLSTATE[HY000] [1040] Too many connections
stress,2026-09-10T10:45:27+07:00,500,386.569,PDOException,SQLSTATE[HY000] [1040] Too many connections
stress,2026-09-10T10:45:27+07:00,500,523.398,PDOException,SQLSTATE[HY000] [1040] Too many connections
stress,2026-09-10T10:45:27+07:00,500,498.215,PDOException,SQLSTATE[HY000] [1040] Too many connections
stress,2026-09-10T10:45:27+07:00,500,443.161,PDOException,SQLSTATE[08004] [1040] Too many connections
stress,2026-09-10T10:45:27+07:00,500,472.599,PDOException,SQLSTATE[HY000] [1040] Too many connections
stress,2026-09-10T10:45:27+07:00,500,626.512,PDOException,SQLSTATE[HY000] [1040] Too many connections
stress,2026-09-10T10:45:27+07:00,500,454.33,PDOException,SQLSTATE[HY000] [1040] Too many connections
stress,2026-09-10T10:45:27+07:00,500,426.069,PDOException,SQLSTATE[08004] [1040] Too many connections
stress,2026-09-10T10:45:27+07:00,500,574.743,PDOException,SQLSTATE[HY000] [1040] Too many connections
stress,2026-09-10T10:45:27+07:00,500,456.438,PDOException,SQLSTATE[08004] [1040] Too many connections
stress,2026-09-10T10:45:27+07:00,500,476.268,PDOException,SQLSTATE[08004] [1040] Too many connections
stress,2026-09-10T10:45:28+07:00,500,375.323,PDOException,SQLSTATE[HY000] [1040] Too many connections
stress,2026-09-10T10:45:28+07:00,500,461.824,PDOException,SQLSTATE[HY000] [1040] Too many connections
stress,2026-09-10T10:45:28+07:00,500,399.989,PDOException,SQLSTATE[HY000] [1040] Too many connections
stress,2026-09-10T10:45:28+07:00,500,488.697,PDOException,SQLSTATE[HY000] [1040] Too many connections
stress,2026-09-10T10:45:28+07:00,500,639.021,PDOException,SQLSTATE[HY000] [1040] Too many connections
stress,2026-09-10T10:45:28+07:00,500,490.501,PDOException,SQLSTATE[HY000] [1040] Too many connections
stress,2026-09-10T10:45:28+07:00,500,845.099,PDOException,SQLSTATE[HY000] [1040] Too many connections
stress,2026-09-10T10:45:28+07:00,500,521.136,PDOException,SQLSTATE[HY000] [1040] Too many connections
stress,2026-09-10T10:45:28+07:00,500,637.522,PDOException,SQLSTATE[08004] [1040] Too many connections
stress,2026-09-10T10:45:28+07:00,500,629.684,PDOException,SQLSTATE[HY000] [1040] Too many connections
stress,2026-09-10T10:45:28+07:00,500,850.538,PDOException,SQLSTATE[HY000] [1040] Too many connections
stress,2026-09-10T10:45:28+07:00,500,762.53,PDOException,SQLSTATE[HY000] [1040] Too many connections
stress,2026-09-10T10:45:28+07:00,500,606.314,PDOException,SQLSTATE[HY000] [1040] Too many connections
stress,2026-09-10T10:45:28+07:00,500,419.318,PDOException,SQLSTATE[HY000] [1040] Too many connections
stress,2026-09-10T10:45:28+07:00,500,632.827,PDOException,SQLSTATE[HY000] [1040] Too many connections
stress,2026-09-10T10:45:28+07:00,500,452.428,PDOException,SQLSTATE[HY000] [1040] Too many connections
stress,2026-09-10T10:45:28+07:00,500,509.222,PDOException,SQLSTATE[HY000] [1040] Too many connections
stress,2026-09-10T10:45:28+07:00,500,557.151,PDOException,SQLSTATE[08004] [1040] Too many connections
stress,2026-09-10T10:45:28+07:00,500,550.665,PDOException,SQLSTATE[HY000] [1040] Too many connections
stress,2026-09-10T10:45:28+07:00,500,611.327,PDOException,SQLSTATE[HY000] [1040] Too many connections
stress,2026-09-10T10:45:28+07:00,500,766.525,PDOException,SQLSTATE[HY000] [1040] Too many connections
stress,2026-09-10T10:45:29+07:00,500,464.939,PDOException,SQLSTATE[HY000] [1040] Too many connections
stress,2026-09-10T10:45:29+07:00,500,575.213,PDOException,SQLSTATE[HY000] [1040] Too many connections
stress,2026-09-10T10:45:29+07:00,500,532.706,PDOException,SQLSTATE[HY000] [1040] Too many connections
stress,2026-09-10T10:45:29+07:00,500,520.904,PDOException,SQLSTATE[HY000] [1040] Too many connections
stress,2026-09-10T10:45:29+07:00,500,666.878,PDOException,SQLSTATE[HY000] [1040] Too many connections
stress,2026-09-10T10:45:29+07:00,500,667.072,PDOException,SQLSTATE[HY000] [1040] Too many connections
stress,2026-09-10T10:45:29+07:00,500,469.694,PDOException,SQLSTATE[08004] [1040] Too many connections
stress,2026-09-10T10:45:29+07:00,500,568.369,PDOException,SQLSTATE[HY000] [1040] Too many connections
stress,2026-09-10T10:45:29+07:00,500,614.402,PDOException,SQLSTATE[HY000] [1040] Too many connections
stress,2026-09-10T10:45:29+07:00,500,602.138,PDOException,SQLSTATE[HY000] [1040] Too many connections
stress,2026-09-10T10:45:29+07:00,500,637.875,PDOException,SQLSTATE[HY000] [1040] Too many connections
stress,2026-09-10T10:45:29+07:00,500,506.995,PDOException,SQLSTATE[HY000] [1040] Too many connections
stress,2026-09-10T10:45:29+07:00,500,538.945,PDOException,SQLSTATE[HY000] [1040] Too many connections
stress,2026-09-10T10:45:29+07:00,500,565.908,PDOException,SQLSTATE[HY000] [1040] Too many connections
stress,2026-09-10T10:45:29+07:00,500,573.662,PDOException,SQLSTATE[HY000] [1040] Too many connections
stress,2026-09-10T10:45:29+07:00,500,546.388,PDOException,SQLSTATE[HY000] [1040] Too many connections
stress,2026-09-10T10:45:29+07:00,500,566.577,PDOException,SQLSTATE[HY000] [1040] Too many connections
stress,2026-09-10T10:45:30+07:00,500,405.323,PDOException,SQLSTATE[HY000] [1040] Too many connections
stress,2026-09-10T10:45:30+07:00,500,413.194,PDOException,SQLSTATE[HY000] [1040] Too many connections
stress,2026-09-10T10:45:30+07:00,500,655.631,PDOException,SQLSTATE[HY000] [1040] Too many connections
stress,2026-09-10T10:45:30+07:00,500,551.886,PDOException,SQLSTATE[HY000] [1040] Too many connections
stress,2026-09-10T10:45:30+07:00,500,593.505,PDOException,SQLSTATE[HY000] [1040] Too many connections
stress,2026-09-10T10:45:30+07:00,500,450.803,PDOException,SQLSTATE[HY000] [1040] Too many connections
stress,2026-09-10T10:45:30+07:00,500,429.507,PDOException,SQLSTATE[HY000] [1040] Too many connections
stress,2026-09-10T10:45:30+07:00,500,404.245,PDOException,SQLSTATE[HY000] [1040] Too many connections
stress,2026-09-10T10:45:30+07:00,500,556.5,PDOException,SQLSTATE[HY000] [1040] Too many connections
stress,2026-09-10T10:45:30+07:00,500,596.111,PDOException,SQLSTATE[HY000] [1040] Too many connections
stress,2026-09-10T10:45:30+07:00,500,532.253,PDOException,SQLSTATE[HY000] [1040] Too many connections
stress,2026-09-10T10:45:30+07:00,500,498.486,PDOException,SQLSTATE[HY000] [1040] Too many connections
stress,2026-09-10T10:45:30+07:00,500,454.466,PDOException,SQLSTATE[HY000] [1040] Too many connections
stress,2026-09-10T10:45:30+07:00,500,458.734,PDOException,SQLSTATE[HY000] [1040] Too many connections
stress,2026-09-10T10:45:30+07:00,500,672.436,PDOException,SQLSTATE[HY000] [1040] Too many connections
stress,2026-09-10T10:45:30+07:00,500,650.573,PDOException,SQLSTATE[HY000] [1040] Too many connections
stress,2026-09-10T10:45:30+07:00,500,729.704,PDOException,SQLSTATE[HY000] [1040] Too many connections
stress,2026-09-10T10:45:31+07:00,500,625.228,PDOException,SQLSTATE[HY000] [1040] Too many connections
stress,2026-09-10T10:45:31+07:00,500,637.72,PDOException,SQLSTATE[HY000] [1040] Too many connections
stress,2026-09-10T10:45:31+07:00,500,546.841,PDOException,SQLSTATE[08004] [1040] Too many connections
stress,2026-09-10T10:45:31+07:00,500,577.289,PDOException,SQLSTATE[HY000] [1040] Too many connections
stress,2026-09-10T10:45:31+07:00,500,703.696,PDOException,SQLSTATE[HY000] [1040] Too many connections
stress,2026-09-10T10:45:31+07:00,500,504.386,PDOException,SQLSTATE[08004] [1040] Too many connections
stress,2026-09-10T10:45:31+07:00,500,631.514,PDOException,SQLSTATE[08004] [1040] Too many connections
stress,2026-09-10T10:45:31+07:00,500,358.798,PDOException,SQLSTATE[HY000] [1040] Too many connections
stress,2026-09-10T10:45:31+07:00,500,516.709,PDOException,SQLSTATE[HY000] [1040] Too many connections
stress,2026-09-10T10:45:31+07:00,500,357.715,PDOException,SQLSTATE[HY000] [1040] Too many connections
stress,2026-09-10T10:45:31+07:00,500,480.112,PDOException,SQLSTATE[HY000] [1040] Too many connections
stress,2026-09-10T10:45:31+07:00,500,515.562,PDOException,SQLSTATE[HY000] [1040] Too many connections
stress,2026-09-10T10:45:31+07:00,500,479.088,PDOException,SQLSTATE[HY000] [1040] Too many connections
stress,2026-09-10T10:45:31+07:00,500,571.822,PDOException,SQLSTATE[HY000] [1040] Too many connections
stress,2026-09-10T10:45:31+07:00,500,441.961,PDOException,SQLSTATE[HY000] [1040] Too many connections
stress,2026-09-10T10:45:31+07:00,500,395.68,PDOException,SQLSTATE[HY000] [1040] Too many connections
stress,2026-09-10T10:45:31+07:00,500,397.627,PDOException,SQLSTATE[HY000] [1040] Too many connections
stress,2026-09-10T10:45:31+07:00,500,634.258,PDOException,SQLSTATE[HY000] [1040] Too many connections
stress,2026-09-10T10:45:31+07:00,500,526.684,PDOException,SQLSTATE[HY000] [1040] Too many connections
stress,2026-09-10T10:45:31+07:00,500,796.839,PDOException,SQLSTATE[HY000] [1040] Too many connections
stress,2026-09-10T10:45:31+07:00,500,529.939,PDOException,SQLSTATE[HY000] [1040] Too many connections
stress,2026-09-10T10:45:31+07:00,500,491.817,PDOException,SQLSTATE[HY000] [1040] Too many connections
stress,2026-09-10T10:45:31+07:00,500,607.108,PDOException,SQLSTATE[HY000] [1040] Too many connections
stress,2026-09-10T10:45:31+07:00,500,472.318,PDOException,SQLSTATE[HY000] [1040] Too many connections
stress,2026-09-10T10:45:31+07:00,500,499.646,PDOException,SQLSTATE[HY000] [1040] Too many connections
stress,2026-09-10T10:45:31+07:00,500,472.133,PDOException,SQLSTATE[HY000] [1040] Too many connections
stress,2026-09-10T10:45:31+07:00,500,548.601,PDOException,SQLSTATE[HY000] [1040] Too many connections
stress,2026-09-10T10:45:31+07:00,500,627.883,PDOException,SQLSTATE[HY000] [1040] Too many connections
stress,2026-09-10T10:45:32+07:00,500,601.835,PDOException,SQLSTATE[08004] [1040] Too many connections
stress,2026-09-10T10:45:32+07:00,500,526.785,PDOException,SQLSTATE[HY000] [1040] Too many connections
stress,2026-09-10T10:45:32+07:00,500,704.296,PDOException,SQLSTATE[HY000] [1040] Too many connections
stress,2026-09-10T10:45:32+07:00,500,449.277,PDOException,SQLSTATE[HY000] [1040] Too many connections
stress,2026-09-10T10:45:32+07:00,500,572.625,PDOException,SQLSTATE[HY000] [1040] Too many connections
stress,2026-09-10T10:45:32+07:00,500,799.743,PDOException,SQLSTATE[HY000] [1040] Too many connections
stress,2026-09-10T10:45:32+07:00,500,594.933,PDOException,SQLSTATE[HY000] [1040] Too many connections
stress,2026-09-10T10:45:32+07:00,500,594.801,PDOException,SQLSTATE[HY000] [1040] Too many connections
stress,2026-09-10T10:45:32+07:00,500,471.246,PDOException,SQLSTATE[HY000] [1040] Too many connections
stress,2026-09-10T10:45:32+07:00,500,492.894,PDOException,SQLSTATE[HY000] [1040] Too many connections
stress,2026-09-10T10:45:32+07:00,500,673.785,PDOException,SQLSTATE[HY000] [1040] Too many connections
stress,2026-09-10T10:45:32+07:00,500,913.67,PDOException,SQLSTATE[HY000] [1040] Too many connections
stress,2026-09-10T10:45:32+07:00,500,770.551,PDOException,SQLSTATE[HY000] [1040] Too many connections
stress,2026-09-10T10:45:32+07:00,500,761.047,PDOException,SQLSTATE[HY000] [1040] Too many connections
stress,2026-09-10T10:45:32+07:00,500,739.998,PDOException,SQLSTATE[HY000] [1040] Too many connections
stress,2026-09-10T10:45:32+07:00,500,506.782,PDOException,SQLSTATE[HY000] [1040] Too many connections
stress,2026-09-10T10:45:33+07:00,500,616.53,PDOException,SQLSTATE[HY000] [1040] Too many connections
stress,2026-09-10T10:45:33+07:00,500,576.109,PDOException,SQLSTATE[HY000] [1040] Too many connections
stress,2026-09-10T10:45:33+07:00,500,612.401,PDOException,SQLSTATE[HY000] [1040] Too many connections
stress,2026-09-10T10:45:33+07:00,500,562.026,PDOException,SQLSTATE[HY000] [1040] Too many connections
stress,2026-09-10T10:45:33+07:00,500,448.343,PDOException,SQLSTATE[HY000] [1040] Too many connections
stress,2026-09-10T10:45:33+07:00,500,417.936,PDOException,SQLSTATE[HY000] [1040] Too many connections
stress,2026-09-10T10:45:33+07:00,500,552.686,PDOException,SQLSTATE[HY000] [1040] Too many connections
stress,2026-09-10T10:45:33+07:00,500,663.673,PDOException,SQLSTATE[HY000] [1040] Too many connections
stress,2026-09-10T10:45:33+07:00,500,343.905,PDOException,SQLSTATE[HY000] [1040] Too many connections
stress,2026-09-10T10:45:33+07:00,500,519.992,PDOException,SQLSTATE[HY000] [1040] Too many connections
stress,2026-09-10T10:45:33+07:00,500,398.313,PDOException,SQLSTATE[HY000] [1040] Too many connections
stress,2026-09-10T10:45:33+07:00,500,518.838,PDOException,SQLSTATE[HY000] [1040] Too many connections
stress,2026-09-10T10:45:33+07:00,500,407.766,PDOException,SQLSTATE[HY000] [1040] Too many connections
stress,2026-09-10T10:45:33+07:00,500,466.835,PDOException,SQLSTATE[08004] [1040] Too many connections
stress,2026-09-10T10:45:33+07:00,500,518.31,PDOException,SQLSTATE[HY000] [1040] Too many connections
stress,2026-09-10T10:45:33+07:00,500,620.492,PDOException,SQLSTATE[HY000] [1040] Too many connections
stress,2026-09-10T10:45:33+07:00,500,465.615,PDOException,SQLSTATE[HY000] [1040] Too many connections
stress,2026-09-10T10:45:33+07:00,500,599.798,PDOException,SQLSTATE[HY000] [1040] Too many connections
stress,2026-09-10T10:45:33+07:00,500,585.439,PDOException,SQLSTATE[HY000] [1040] Too many connections
stress,2026-09-10T10:45:33+07:00,500,509.123,PDOException,SQLSTATE[HY000] [1040] Too many connections
stress,2026-09-10T10:45:33+07:00,500,488.689,PDOException,SQLSTATE[HY000] [1040] Too many connections
stress,2026-09-10T10:45:33+07:00,500,495.984,PDOException,SQLSTATE[HY000] [1040] Too many connections
stress,2026-09-10T10:45:33+07:00,500,732.016,PDOException,SQLSTATE[08004] [1040] Too many connections
stress,2026-09-10T10:45:33+07:00,500,457.97,PDOException,SQLSTATE[08004] [1040] Too many connections
stress,2026-09-10T10:45:33+07:00,500,521.992,PDOException,SQLSTATE[HY000] [1040] Too many connections
stress,2026-09-10T10:45:33+07:00,500,526.012,PDOException,SQLSTATE[HY000] [1040] Too many connections
stress,2026-09-10T10:45:33+07:00,500,528.278,PDOException,SQLSTATE[HY000] [1040] Too many connections
stress,2026-09-10T10:45:33+07:00,500,528.754,PDOException,SQLSTATE[HY000] [1040] Too many connections
stress,2026-09-10T10:45:33+07:00,500,670.341,PDOException,SQLSTATE[HY000] [1040] Too many connections
stress,2026-09-10T10:45:34+07:00,500,450.904,PDOException,SQLSTATE[HY000] [1040] Too many connections
stress,2026-09-10T10:45:34+07:00,500,523.239,PDOException,SQLSTATE[HY000] [1040] Too many connections
stress,2026-09-10T10:45:34+07:00,500,535.382,PDOException,SQLSTATE[HY000] [1040] Too many connections
stress,2026-09-10T10:45:34+07:00,500,579.782,PDOException,SQLSTATE[HY000] [1040] Too many connections
stress,2026-09-10T10:45:34+07:00,500,730.342,PDOException,SQLSTATE[HY000] [1040] Too many connections
stress,2026-09-10T10:45:34+07:00,500,605.96,PDOException,SQLSTATE[HY000] [1040] Too many connections
stress,2026-09-10T10:45:34+07:00,500,840.096,PDOException,SQLSTATE[HY000] [1040] Too many connections
stress,2026-09-10T10:45:34+07:00,500,574.903,PDOException,SQLSTATE[HY000] [1040] Too many connections
stress,2026-09-10T10:45:34+07:00,500,422.738,PDOException,SQLSTATE[HY000] [1040] Too many connections
stress,2026-09-10T10:45:34+07:00,500,508.47,PDOException,SQLSTATE[HY000] [1040] Too many connections
stress,2026-09-10T10:45:34+07:00,500,566.927,PDOException,SQLSTATE[HY000] [1040] Too many connections
stress,2026-09-10T10:45:34+07:00,500,567.681,PDOException,SQLSTATE[HY000] [1040] Too many connections
stress,2026-09-10T10:45:34+07:00,500,578.693,PDOException,SQLSTATE[HY000] [1040] Too many connections
stress,2026-09-10T10:45:34+07:00,500,582.144,PDOException,SQLSTATE[HY000] [1040] Too many connections
stress,2026-09-10T10:45:34+07:00,500,575.086,PDOException,SQLSTATE[HY000] [1040] Too many connections
stress,2026-09-10T10:45:34+07:00,500,608.998,PDOException,SQLSTATE[HY000] [1040] Too many connections
stress,2026-09-10T10:45:34+07:00,500,712.053,PDOException,SQLSTATE[HY000] [1040] Too many connections
stress,2026-09-10T10:45:34+07:00,500,712.814,PDOException,SQLSTATE[HY000] [1040] Too many connections
stress,2026-09-10T10:45:34+07:00,500,864.949,PDOException,SQLSTATE[HY000] [1040] Too many connections
stress,2026-09-10T10:45:34+07:00,500,936.619,PDOException,SQLSTATE[HY000] [1040] Too many connections
stress,2026-09-10T10:45:35+07:00,500,685.209,PDOException,SQLSTATE[HY000] [1040] Too many connections
stress,2026-09-10T10:45:35+07:00,500,526.203,PDOException,SQLSTATE[HY000] [1040] Too many connections
stress,2026-09-10T10:45:35+07:00,500,485.665,PDOException,SQLSTATE[HY000] [1040] Too many connections
stress,2026-09-10T10:45:35+07:00,500,543.465,PDOException,SQLSTATE[HY000] [1040] Too many connections
stress,2026-09-10T10:45:35+07:00,500,557.017,PDOException,SQLSTATE[HY000] [1040] Too many connections
stress,2026-09-10T10:45:35+07:00,500,530.924,PDOException,SQLSTATE[HY000] [1040] Too many connections
stress,2026-09-10T10:45:35+07:00,500,734.337,PDOException,SQLSTATE[HY000] [1040] Too many connections
stress,2026-09-10T10:45:35+07:00,500,637.908,PDOException,SQLSTATE[08004] [1040] Too many connections
stress,2026-09-10T10:45:35+07:00,500,720.045,PDOException,SQLSTATE[HY000] [1040] Too many connections
stress,2026-09-10T10:45:35+07:00,500,611.122,PDOException,SQLSTATE[08004] [1040] Too many connections
stress,2026-09-10T10:45:35+07:00,500,577.081,PDOException,SQLSTATE[HY000] [1040] Too many connections
stress,2026-09-10T10:45:35+07:00,500,649.667,PDOException,SQLSTATE[HY000] [1040] Too many connections
stress,2026-09-10T10:45:35+07:00,500,394.21,PDOException,SQLSTATE[HY000] [1040] Too many connections
stress,2026-09-10T10:45:35+07:00,500,575.713,PDOException,SQLSTATE[HY000] [1040] Too many connections
stress,2026-09-10T10:45:35+07:00,500,518.13,PDOException,SQLSTATE[HY000] [1040] Too many connections
stress,2026-09-10T10:45:35+07:00,500,734.618,PDOException,SQLSTATE[HY000] [1040] Too many connections
stress,2026-09-10T10:45:35+07:00,500,714.583,PDOException,SQLSTATE[HY000] [1040] Too many connections
stress,2026-09-10T10:45:35+07:00,500,493.85,PDOException,SQLSTATE[HY000] [1040] Too many connections
stress,2026-09-10T10:45:35+07:00,500,367.07,PDOException,SQLSTATE[HY000] [1040] Too many connections
stress,2026-09-10T10:45:35+07:00,500,526.177,PDOException,SQLSTATE[HY000] [1040] Too many connections
stress,2026-09-10T10:45:35+07:00,500,541.047,PDOException,SQLSTATE[HY000] [1040] Too many connections
stress,2026-09-10T10:45:35+07:00,500,502.322,PDOException,SQLSTATE[HY000] [1040] Too many connections
stress,2026-09-10T10:45:35+07:00,500,613.204,PDOException,SQLSTATE[HY000] [1040] Too many connections
stress,2026-09-10T10:45:35+07:00,500,464.923,PDOException,SQLSTATE[HY000] [1040] Too many connections
stress,2026-09-10T10:45:35+07:00,500,594.613,PDOException,SQLSTATE[HY000] [1040] Too many connections
stress,2026-09-10T10:45:35+07:00,500,517.26,PDOException,SQLSTATE[HY000] [1040] Too many connections
stress,2026-09-10T10:45:35+07:00,500,485.935,PDOException,SQLSTATE[HY000] [1040] Too many connections
stress,2026-09-10T10:45:36+07:00,500,667.394,PDOException,SQLSTATE[HY000] [1040] Too many connections
stress,2026-09-10T10:45:36+07:00,500,719.366,PDOException,SQLSTATE[HY000] [1040] Too many connections
stress,2026-09-10T10:45:36+07:00,500,524.45,PDOException,SQLSTATE[HY000] [1040] Too many connections
stress,2026-09-10T10:45:36+07:00,500,709.639,PDOException,SQLSTATE[HY000] [1040] Too many connections
stress,2026-09-10T10:45:36+07:00,500,545.718,PDOException,SQLSTATE[HY000] [1040] Too many connections
stress,2026-09-10T10:45:36+07:00,500,647.165,PDOException,SQLSTATE[HY000] [1040] Too many connections
stress,2026-09-10T10:45:36+07:00,500,522.45,PDOException,SQLSTATE[08004] [1040] Too many connections
stress,2026-09-10T10:45:36+07:00,500,468.962,PDOException,SQLSTATE[HY000] [1040] Too many connections
stress,2026-09-10T10:45:36+07:00,500,601.1,PDOException,SQLSTATE[HY000] [1040] Too many connections
stress,2026-09-10T10:45:36+07:00,500,622.163,PDOException,SQLSTATE[HY000] [1040] Too many connections
stress,2026-09-10T10:45:36+07:00,500,490.724,PDOException,SQLSTATE[HY000] [1040] Too many connections
stress,2026-09-10T10:45:36+07:00,500,540,PDOException,SQLSTATE[08004] [1040] Too many connections
stress,2026-09-10T10:45:36+07:00,500,515.183,PDOException,SQLSTATE[08004] [1040] Too many connections
stress,2026-09-10T10:45:37+07:00,500,1096.115,PDOException,SQLSTATE[HY000] [1040] Too many connections
stress,2026-09-10T10:45:37+07:00,500,1102.226,PDOException,SQLSTATE[HY000] [1040] Too many connections
stress,2026-09-10T10:45:37+07:00,500,1102.356,PDOException,SQLSTATE[HY000] [1040] Too many connections
stress,2026-09-10T10:45:37+07:00,500,1260.467,PDOException,SQLSTATE[HY000] [1040] Too many connections
stress,2026-09-10T10:45:37+07:00,500,1271.589,PDOException,SQLSTATE[HY000] [1040] Too many connections
stress,2026-09-10T10:45:37+07:00,500,906.347,PDOException,SQLSTATE[HY000] [1040] Too many connections
stress,2026-09-10T10:45:37+07:00,500,978.222,PDOException,SQLSTATE[08004] [1040] Too many connections
stress,2026-09-10T10:45:37+07:00,500,1008.643,PDOException,SQLSTATE[HY000] [1040] Too many connections
stress,2026-09-10T10:45:37+07:00,500,1279.755,PDOException,SQLSTATE[HY000] [1040] Too many connections
stress,2026-09-10T10:45:37+07:00,500,1267.951,PDOException,SQLSTATE[08004] [1040] Too many connections
stress,2026-09-10T10:45:37+07:00,500,1117.849,PDOException,SQLSTATE[HY000] [1040] Too many connections
stress,2026-09-10T10:45:37+07:00,500,519.929,PDOException,SQLSTATE[HY000] [1040] Too many connections
stress,2026-09-10T10:45:37+07:00,500,731.711,PDOException,SQLSTATE[HY000] [1040] Too many connections
stress,2026-09-10T10:45:37+07:00,500,529.884,PDOException,SQLSTATE[08004] [1040] Too many connections
stress,2026-09-10T10:45:37+07:00,500,457.044,PDOException,SQLSTATE[08004] [1040] Too many connections
stress,2026-09-10T10:45:37+07:00,500,442.803,PDOException,SQLSTATE[08004] [1040] Too many connections
stress,2026-09-10T10:45:38+07:00,500,520.449,PDOException,SQLSTATE[HY000] [1040] Too many connections
stress,2026-09-10T10:45:38+07:00,500,496.817,PDOException,SQLSTATE[HY000] [1040] Too many connections
stress,2026-09-10T10:45:38+07:00,500,367.169,PDOException,SQLSTATE[HY000] [1040] Too many connections
stress,2026-09-10T10:45:38+07:00,500,415.683,PDOException,SQLSTATE[HY000] [1040] Too many connections
stress,2026-09-10T10:45:38+07:00,500,533.92,PDOException,SQLSTATE[HY000] [1040] Too many connections
stress,2026-09-10T10:45:38+07:00,500,376.057,PDOException,SQLSTATE[HY000] [1040] Too many connections
stress,2026-09-10T10:45:38+07:00,500,875.081,PDOException,SQLSTATE[HY000] [1040] Too many connections
stress,2026-09-10T10:45:38+07:00,500,645.075,PDOException,SQLSTATE[HY000] [1040] Too many connections
stress,2026-09-10T10:45:38+07:00,500,987.64,PDOException,SQLSTATE[HY000] [1040] Too many connections
stress,2026-09-10T10:45:38+07:00,500,778.02,PDOException,SQLSTATE[HY000] [1040] Too many connections
stress,2026-09-10T10:45:38+07:00,500,953.151,PDOException,SQLSTATE[HY000] [1040] Too many connections
stress,2026-09-10T10:45:38+07:00,500,813.085,PDOException,SQLSTATE[08004] [1040] Too many connections
stress,2026-09-10T10:45:38+07:00,500,548.554,PDOException,SQLSTATE[08004] [1040] Too many connections
stress,2026-09-10T10:45:38+07:00,500,577.448,PDOException,SQLSTATE[08004] [1040] Too many connections
stress,2026-09-10T10:45:38+07:00,500,723.239,PDOException,SQLSTATE[HY000] [1040] Too many connections
stress,2026-09-10T10:45:38+07:00,500,576.174,PDOException,SQLSTATE[HY000] [1040] Too many connections
stress,2026-09-10T10:45:38+07:00,500,581.285,PDOException,SQLSTATE[HY000] [1040] Too many connections
stress,2026-09-10T10:45:38+07:00,500,566.249,PDOException,SQLSTATE[HY000] [1040] Too many connections
stress,2026-09-10T10:45:38+07:00,500,638.491,PDOException,SQLSTATE[HY000] [1040] Too many connections
stress,2026-09-10T10:45:38+07:00,500,795.617,PDOException,SQLSTATE[HY000] [1040] Too many connections
stress,2026-09-10T10:45:39+07:00,500,687.637,PDOException,SQLSTATE[HY000] [1040] Too many connections
stress,2026-09-10T10:45:39+07:00,500,552.778,PDOException,SQLSTATE[HY000] [1040] Too many connections
stress,2026-09-10T10:45:39+07:00,500,639.598,PDOException,SQLSTATE[HY000] [1040] Too many connections
stress,2026-09-10T10:45:39+07:00,500,519.652,PDOException,SQLSTATE[HY000] [1040] Too many connections
stress,2026-09-10T10:45:39+07:00,500,487.328,PDOException,SQLSTATE[HY000] [1040] Too many connections
stress,2026-09-10T10:45:39+07:00,500,521.296,PDOException,SQLSTATE[HY000] [1040] Too many connections
stress,2026-09-10T10:45:39+07:00,500,639.733,PDOException,SQLSTATE[HY000] [1040] Too many connections
stress,2026-09-10T10:45:39+07:00,500,520.971,PDOException,SQLSTATE[HY000] [1040] Too many connections
stress,2026-09-10T10:45:39+07:00,500,520.53,PDOException,SQLSTATE[HY000] [1040] Too many connections
stress,2026-09-10T10:45:39+07:00,500,667.016,PDOException,SQLSTATE[08004] [1040] Too many connections
stress,2026-09-10T10:45:39+07:00,500,683.695,PDOException,SQLSTATE[HY000] [1040] Too many connections
stress,2026-09-10T10:45:39+07:00,500,741.9,PDOException,SQLSTATE[HY000] [1040] Too many connections
stress,2026-09-10T10:45:39+07:00,500,812.634,PDOException,SQLSTATE[HY000] [1040] Too many connections
stress,2026-09-10T10:45:39+07:00,500,955.79,PDOException,SQLSTATE[08004] [1040] Too many connections
stress,2026-09-10T10:45:39+07:00,500,841.594,PDOException,SQLSTATE[HY000] [1040] Too many connections
stress,2026-09-10T10:45:39+07:00,500,799.862,PDOException,SQLSTATE[HY000] [1040] Too many connections
stress,2026-09-10T10:45:39+07:00,500,522.062,PDOException,SQLSTATE[08004] [1040] Too many connections
stress,2026-09-10T10:45:39+07:00,500,708.129,PDOException,SQLSTATE[08004] [1040] Too many connections
stress,2026-09-10T10:45:39+07:00,500,756.234,PDOException,SQLSTATE[08004] [1040] Too many connections
stress,2026-09-10T10:45:39+07:00,500,765.922,PDOException,SQLSTATE[08004] [1040] Too many connections
stress,2026-09-10T10:45:40+07:00,500,1056.251,PDOException,SQLSTATE[HY000] [1040] Too many connections
stress,2026-09-10T10:45:40+07:00,500,920.032,PDOException,SQLSTATE[HY000] [1040] Too many connections
stress,2026-09-10T10:45:40+07:00,500,913.706,PDOException,SQLSTATE[HY000] [1040] Too many connections
stress,2026-09-10T10:45:40+07:00,500,1067.754,PDOException,SQLSTATE[HY000] [1040] Too many connections
stress,2026-09-10T10:45:40+07:00,500,1070.246,PDOException,SQLSTATE[HY000] [1040] Too many connections
stress,2026-09-10T10:45:40+07:00,500,981.058,PDOException,SQLSTATE[HY000] [1040] Too many connections
stress,2026-09-10T10:45:40+07:00,500,1095.487,PDOException,SQLSTATE[HY000] [1040] Too many connections
stress,2026-09-10T10:45:40+07:00,500,980.116,PDOException,SQLSTATE[HY000] [1040] Too many connections
stress,2026-09-10T10:45:40+07:00,500,784.575,PDOException,SQLSTATE[HY000] [1040] Too many connections
stress,2026-09-10T10:45:40+07:00,500,992.151,PDOException,SQLSTATE[HY000] [1040] Too many connections
stress,2026-09-10T10:45:40+07:00,500,964.184,PDOException,SQLSTATE[HY000] [1040] Too many connections
stress,2026-09-10T10:45:40+07:00,500,1170.317,PDOException,SQLSTATE[HY000] [1040] Too many connections
stress,2026-09-10T10:45:41+07:00,500,545.176,PDOException,SQLSTATE[HY000] [1040] Too many connections
stress,2026-09-10T10:45:41+07:00,500,859.338,PDOException,SQLSTATE[HY000] [1040] Too many connections
stress,2026-09-10T10:45:41+07:00,500,788.251,PDOException,SQLSTATE[HY000] [1040] Too many connections
stress,2026-09-10T10:45:41+07:00,500,541.422,PDOException,SQLSTATE[HY000] [1040] Too many connections
stress,2026-09-10T10:45:41+07:00,500,790.027,PDOException,SQLSTATE[HY000] [1040] Too many connections
stress,2026-09-10T10:45:41+07:00,500,713.601,PDOException,SQLSTATE[HY000] [1040] Too many connections
stress,2026-09-10T10:45:41+07:00,500,502.022,PDOException,SQLSTATE[HY000] [1040] Too many connections
stress,2026-09-10T10:45:41+07:00,500,476.63,PDOException,SQLSTATE[HY000] [1040] Too many connections
stress,2026-09-10T10:45:41+07:00,500,556.678,PDOException,SQLSTATE[08004] [1040] Too many connections
stress,2026-09-10T10:45:41+07:00,500,522.571,PDOException,SQLSTATE[HY000] [1040] Too many connections
stress,2026-09-10T10:45:41+07:00,500,546.056,PDOException,SQLSTATE[HY000] [1040] Too many connections
stress,2026-09-10T10:45:41+07:00,500,758.013,PDOException,SQLSTATE[HY000] [1040] Too many connections
stress,2026-09-10T10:45:41+07:00,500,589.082,PDOException,SQLSTATE[HY000] [1040] Too many connections
stress,2026-09-10T10:45:41+07:00,500,560.205,PDOException,SQLSTATE[08004] [1040] Too many connections
stress,2026-09-10T10:45:41+07:00,500,912.191,PDOException,SQLSTATE[08004] [1040] Too many connections
stress,2026-09-10T10:45:41+07:00,500,689.732,PDOException,SQLSTATE[08004] [1040] Too many connections
stress,2026-09-10T10:45:41+07:00,500,804.433,PDOException,SQLSTATE[HY000] [1040] Too many connections
stress,2026-09-10T10:45:41+07:00,500,764.154,PDOException,SQLSTATE[HY000] [1040] Too many connections
stress,2026-09-10T10:45:41+07:00,500,588.886,PDOException,SQLSTATE[HY000] [1040] Too many connections
stress,2026-09-10T10:45:41+07:00,500,703.579,PDOException,SQLSTATE[08004] [1040] Too many connections
stress,2026-09-10T10:45:41+07:00,500,700.193,PDOException,SQLSTATE[HY000] [1040] Too many connections
stress,2026-09-10T10:45:41+07:00,500,837.972,PDOException,SQLSTATE[08004] [1040] Too many connections
stress,2026-09-10T10:45:41+07:00,500,548.502,PDOException,SQLSTATE[08004] [1040] Too many connections
stress,2026-09-10T10:45:41+07:00,500,585.319,PDOException,SQLSTATE[08004] [1040] Too many connections
stress,2026-09-10T10:45:42+07:00,500,684.28,PDOException,SQLSTATE[HY000] [1040] Too many connections
stress,2026-09-10T10:45:42+07:00,500,671.276,PDOException,SQLSTATE[HY000] [1040] Too many connections
stress,2026-09-10T10:45:42+07:00,500,793.842,PDOException,SQLSTATE[HY000] [1040] Too many connections
stress,2026-09-10T10:45:42+07:00,500,733.624,PDOException,SQLSTATE[HY000] [1040] Too many connections
stress,2026-09-10T10:45:42+07:00,500,484.85,PDOException,SQLSTATE[HY000] [1040] Too many connections
stress,2026-09-10T10:45:42+07:00,500,812.195,PDOException,SQLSTATE[HY000] [1040] Too many connections
stress,2026-09-10T10:45:42+07:00,500,689.557,PDOException,SQLSTATE[HY000] [1040] Too many connections
stress,2026-09-10T10:45:42+07:00,500,484.542,PDOException,SQLSTATE[HY000] [1040] Too many connections
stress,2026-09-10T10:45:42+07:00,500,865.744,PDOException,SQLSTATE[HY000] [1040] Too many connections
stress,2026-09-10T10:45:42+07:00,500,717.16,PDOException,SQLSTATE[HY000] [1040] Too many connections
stress,2026-09-10T10:45:42+07:00,500,840.955,PDOException,SQLSTATE[HY000] [1040] Too many connections
stress,2026-09-10T10:45:42+07:00,500,524.463,PDOException,SQLSTATE[HY000] [1040] Too many connections
stress,2026-09-10T10:45:42+07:00,500,828.155,PDOException,SQLSTATE[HY000] [1040] Too many connections
stress,2026-09-10T10:45:42+07:00,500,650.798,PDOException,SQLSTATE[HY000] [1040] Too many connections
stress,2026-09-10T10:45:42+07:00,500,769.322,PDOException,SQLSTATE[HY000] [1040] Too many connections
stress,2026-09-10T10:45:42+07:00,500,767.973,PDOException,SQLSTATE[08004] [1040] Too many connections
stress,2026-09-10T10:45:42+07:00,500,603.115,PDOException,SQLSTATE[HY000] [1040] Too many connections
stress,2026-09-10T10:45:42+07:00,500,772.376,PDOException,SQLSTATE[HY000] [1040] Too many connections
stress,2026-09-10T10:45:42+07:00,500,648.896,PDOException,SQLSTATE[HY000] [1040] Too many connections
stress,2026-09-10T10:45:43+07:00,500,638.677,PDOException,SQLSTATE[HY000] [1040] Too many connections
stress,2026-09-10T10:45:43+07:00,500,619.859,PDOException,SQLSTATE[HY000] [1040] Too many connections
stress,2026-09-10T10:45:43+07:00,500,650.992,PDOException,SQLSTATE[HY000] [1040] Too many connections
stress,2026-09-10T10:45:43+07:00,500,698.256,PDOException,SQLSTATE[HY000] [1040] Too many connections
stress,2026-09-10T10:45:43+07:00,500,610.185,PDOException,SQLSTATE[HY000] [1040] Too many connections
stress,2026-09-10T10:45:43+07:00,500,445.774,PDOException,SQLSTATE[08004] [1040] Too many connections
stress,2026-09-10T10:45:43+07:00,500,624.759,PDOException,SQLSTATE[HY000] [1040] Too many connections
stress,2026-09-10T10:45:43+07:00,500,756.603,PDOException,SQLSTATE[08004] [1040] Too many connections
stress,2026-09-10T10:45:43+07:00,500,647.097,PDOException,SQLSTATE[HY000] [1040] Too many connections
stress,2026-09-10T10:45:43+07:00,500,482.633,PDOException,SQLSTATE[08004] [1040] Too many connections
stress,2026-09-10T10:45:43+07:00,500,728.936,PDOException,SQLSTATE[HY000] [1040] Too many connections
stress,2026-09-10T10:45:43+07:00,500,685.41,PDOException,SQLSTATE[HY000] [1040] Too many connections
stress,2026-09-10T10:45:43+07:00,500,745.5,PDOException,SQLSTATE[HY000] [1040] Too many connections
stress,2026-09-10T10:45:43+07:00,500,633.361,PDOException,SQLSTATE[HY000] [1040] Too many connections
stress,2026-09-10T10:45:43+07:00,500,845.4,PDOException,SQLSTATE[HY000] [1040] Too many connections
stress,2026-09-10T10:45:43+07:00,500,741.272,PDOException,SQLSTATE[HY000] [1040] Too many connections
stress,2026-09-10T10:45:43+07:00,500,749.488,PDOException,SQLSTATE[HY000] [1040] Too many connections
stress,2026-09-10T10:45:44+07:00,500,892.782,PDOException,SQLSTATE[HY000] [1040] Too many connections
stress,2026-09-10T10:45:44+07:00,500,611.954,PDOException,SQLSTATE[HY000] [1040] Too many connections
stress,2026-09-10T10:45:44+07:00,500,919.034,PDOException,SQLSTATE[HY000] [1040] Too many connections
stress,2026-09-10T10:45:44+07:00,500,677.515,PDOException,SQLSTATE[HY000] [1040] Too many connections
stress,2026-09-10T10:45:44+07:00,500,731.008,PDOException,SQLSTATE[HY000] [1040] Too many connections
stress,2026-09-10T10:45:44+07:00,500,687.298,PDOException,SQLSTATE[HY000] [1040] Too many connections
stress,2026-09-10T10:45:44+07:00,500,698.944,PDOException,SQLSTATE[HY000] [1040] Too many connections
stress,2026-09-10T10:45:44+07:00,500,683.574,PDOException,SQLSTATE[HY000] [1040] Too many connections
stress,2026-09-10T10:45:44+07:00,500,690.111,PDOException,SQLSTATE[HY000] [1040] Too many connections
stress,2026-09-10T10:45:44+07:00,500,577.76,PDOException,SQLSTATE[HY000] [1040] Too many connections
stress,2026-09-10T10:45:44+07:00,500,572.014,PDOException,SQLSTATE[08004] [1040] Too many connections
stress,2026-09-10T10:45:44+07:00,500,571.923,PDOException,SQLSTATE[HY000] [1040] Too many connections
stress,2026-09-10T10:45:44+07:00,500,687.98,PDOException,SQLSTATE[HY000] [1040] Too many connections
stress,2026-09-10T10:45:44+07:00,500,603.391,PDOException,SQLSTATE[HY000] [1040] Too many connections
stress,2026-09-10T10:45:44+07:00,500,631.492,PDOException,SQLSTATE[HY000] [1040] Too many connections
stress,2026-09-10T10:45:44+07:00,500,477.202,PDOException,SQLSTATE[HY000] [1040] Too many connections
stress,2026-09-10T10:45:44+07:00,500,528.495,PDOException,SQLSTATE[HY000] [1040] Too many connections
stress,2026-09-10T10:45:44+07:00,500,876.162,PDOException,SQLSTATE[HY000] [1040] Too many connections
stress,2026-09-10T10:45:44+07:00,500,500.734,PDOException,SQLSTATE[HY000] [1040] Too many connections
stress,2026-09-10T10:45:44+07:00,500,535.328,PDOException,SQLSTATE[HY000] [1040] Too many connections
stress,2026-09-10T10:45:44+07:00,500,834.971,PDOException,SQLSTATE[HY000] [1040] Too many connections
stress,2026-09-10T10:45:44+07:00,500,566.631,PDOException,SQLSTATE[HY000] [1040] Too many connections
stress,2026-09-10T10:45:44+07:00,500,581.978,PDOException,SQLSTATE[HY000] [1040] Too many connections
stress,2026-09-10T10:45:44+07:00,500,550.715,PDOException,SQLSTATE[HY000] [1040] Too many connections
stress,2026-09-10T10:45:44+07:00,500,733.014,PDOException,SQLSTATE[HY000] [1040] Too many connections
stress,2026-09-10T10:45:45+07:00,500,584.516,PDOException,SQLSTATE[HY000] [1040] Too many connections
stress,2026-09-10T10:45:45+07:00,500,588.194,PDOException,SQLSTATE[HY000] [1040] Too many connections
stress,2026-09-10T10:45:45+07:00,500,545.389,PDOException,SQLSTATE[HY000] [1040] Too many connections
stress,2026-09-10T10:45:45+07:00,500,673.205,PDOException,SQLSTATE[HY000] [1040] Too many connections
stress,2026-09-10T10:45:45+07:00,500,837.842,PDOException,SQLSTATE[HY000] [1040] Too many connections
stress,2026-09-10T10:45:45+07:00,500,668.484,PDOException,SQLSTATE[HY000] [1040] Too many connections
stress,2026-09-10T10:45:45+07:00,500,756.608,PDOException,SQLSTATE[HY000] [1040] Too many connections
stress,2026-09-10T10:45:45+07:00,500,583.074,PDOException,SQLSTATE[HY000] [1040] Too many connections
stress,2026-09-10T10:45:45+07:00,500,725.102,PDOException,SQLSTATE[HY000] [1040] Too many connections
stress,2026-09-10T10:45:45+07:00,500,620.813,PDOException,SQLSTATE[HY000] [1040] Too many connections
stress,2026-09-10T10:45:45+07:00,500,716.392,PDOException,SQLSTATE[HY000] [1040] Too many connections
stress,2026-09-10T10:45:45+07:00,500,759.953,PDOException,SQLSTATE[HY000] [1040] Too many connections
stress,2026-09-10T10:45:45+07:00,500,797.604,PDOException,SQLSTATE[HY000] [1040] Too many connections
stress,2026-09-10T10:45:45+07:00,500,717.547,PDOException,SQLSTATE[HY000] [1040] Too many connections
stress,2026-09-10T10:45:45+07:00,500,858.333,PDOException,SQLSTATE[HY000] [1040] Too many connections
stress,2026-09-10T10:45:45+07:00,500,546.267,PDOException,SQLSTATE[HY000] [1040] Too many connections
stress,2026-09-10T10:45:45+07:00,500,517.743,PDOException,SQLSTATE[HY000] [1040] Too many connections
stress,2026-09-10T10:45:45+07:00,500,551.025,PDOException,SQLSTATE[HY000] [1040] Too many connections
stress,2026-09-10T10:45:45+07:00,500,717.007,PDOException,SQLSTATE[HY000] [1040] Too many connections
stress,2026-09-10T10:45:45+07:00,500,570.267,PDOException,SQLSTATE[HY000] [1040] Too many connections
stress,2026-09-10T10:45:45+07:00,500,610.167,PDOException,SQLSTATE[HY000] [1040] Too many connections
stress,2026-09-10T10:45:45+07:00,500,566.406,PDOException,SQLSTATE[HY000] [1040] Too many connections
stress,2026-09-10T10:45:45+07:00,500,570.662,PDOException,SQLSTATE[HY000] [1040] Too many connections
stress,2026-09-10T10:45:46+07:00,500,574.724,PDOException,SQLSTATE[HY000] [1040] Too many connections
stress,2026-09-10T10:45:46+07:00,500,686.018,PDOException,SQLSTATE[HY000] [1040] Too many connections
stress,2026-09-10T10:45:46+07:00,500,578.191,PDOException,SQLSTATE[HY000] [1040] Too many connections
stress,2026-09-10T10:45:46+07:00,500,747.392,PDOException,SQLSTATE[08004] [1040] Too many connections
stress,2026-09-10T10:45:46+07:00,500,618.274,PDOException,SQLSTATE[HY000] [1040] Too many connections
stress,2026-09-10T10:45:46+07:00,500,672.775,PDOException,SQLSTATE[HY000] [1040] Too many connections
stress,2026-09-10T10:45:46+07:00,500,592.458,PDOException,SQLSTATE[HY000] [1040] Too many connections
stress,2026-09-10T10:45:46+07:00,500,711.316,PDOException,SQLSTATE[HY000] [1040] Too many connections
stress,2026-09-10T10:45:46+07:00,500,614.108,PDOException,SQLSTATE[HY000] [1040] Too many connections
stress,2026-09-10T10:45:46+07:00,500,722.053,PDOException,SQLSTATE[HY000] [1040] Too many connections
stress,2026-09-10T10:45:46+07:00,500,661.492,PDOException,SQLSTATE[HY000] [1040] Too many connections
stress,2026-09-10T10:45:46+07:00,500,777.275,PDOException,SQLSTATE[HY000] [1040] Too many connections
stress,2026-09-10T10:45:46+07:00,500,757.843,PDOException,SQLSTATE[HY000] [1040] Too many connections
stress,2026-09-10T10:45:46+07:00,500,675.503,PDOException,SQLSTATE[HY000] [1040] Too many connections
stress,2026-09-10T10:45:46+07:00,500,822.209,PDOException,SQLSTATE[HY000] [1040] Too many connections
stress,2026-09-10T10:45:46+07:00,500,675.977,PDOException,SQLSTATE[HY000] [1040] Too many connections
stress,2026-09-10T10:45:46+07:00,500,539.491,PDOException,SQLSTATE[HY000] [1040] Too many connections
stress,2026-09-10T10:45:46+07:00,500,663.736,PDOException,SQLSTATE[HY000] [1040] Too many connections
stress,2026-09-10T10:45:46+07:00,500,570.961,PDOException,SQLSTATE[HY000] [1040] Too many connections
stress,2026-09-10T10:45:46+07:00,500,540.901,PDOException,SQLSTATE[HY000] [1040] Too many connections
stress,2026-09-10T10:45:46+07:00,500,699.972,PDOException,SQLSTATE[HY000] [1040] Too many connections
stress,2026-09-10T10:45:46+07:00,500,683.719,PDOException,SQLSTATE[HY000] [1040] Too many connections
stress,2026-09-10T10:45:47+07:00,500,739.439,PDOException,SQLSTATE[HY000] [1040] Too many connections
stress,2026-09-10T10:45:47+07:00,500,795.401,PDOException,SQLSTATE[HY000] [1040] Too many connections
stress,2026-09-10T10:45:47+07:00,500,523.522,PDOException,SQLSTATE[HY000] [1040] Too many connections
stress,2026-09-10T10:45:47+07:00,500,822.278,PDOException,SQLSTATE[HY000] [1040] Too many connections
stress,2026-09-10T10:45:47+07:00,500,783.891,PDOException,SQLSTATE[08004] [1040] Too many connections
stress,2026-09-10T10:45:47+07:00,500,787.043,PDOException,SQLSTATE[HY000] [1040] Too many connections
stress,2026-09-10T10:45:47+07:00,500,661.7,PDOException,SQLSTATE[08004] [1040] Too many connections
stress,2026-09-10T10:45:47+07:00,500,617.344,PDOException,SQLSTATE[HY000] [1040] Too many connections
stress,2026-09-10T10:45:47+07:00,500,498.852,PDOException,SQLSTATE[HY000] [1040] Too many connections
stress,2026-09-10T10:45:47+07:00,500,621.469,PDOException,SQLSTATE[HY000] [1040] Too many connections
stress,2026-09-10T10:45:47+07:00,500,665.802,PDOException,SQLSTATE[HY000] [1040] Too many connections
stress,2026-09-10T10:45:47+07:00,500,703.64,PDOException,SQLSTATE[HY000] [1040] Too many connections
stress,2026-09-10T10:45:47+07:00,500,660.863,PDOException,SQLSTATE[HY000] [1040] Too many connections
stress,2026-09-10T10:45:47+07:00,500,550.754,PDOException,SQLSTATE[HY000] [1040] Too many connections
stress,2026-09-10T10:45:47+07:00,500,896.689,PDOException,SQLSTATE[HY000] [1040] Too many connections
stress,2026-09-10T10:45:47+07:00,500,715.256,PDOException,SQLSTATE[HY000] [1040] Too many connections
stress,2026-09-10T10:45:47+07:00,500,762.32,PDOException,SQLSTATE[HY000] [1040] Too many connections
stress,2026-09-10T10:45:47+07:00,500,657.02,PDOException,SQLSTATE[HY000] [1040] Too many connections
stress,2026-09-10T10:45:47+07:00,500,658.062,PDOException,SQLSTATE[08004] [1040] Too many connections
stress,2026-09-10T10:45:47+07:00,500,806.568,PDOException,SQLSTATE[HY000] [1040] Too many connections
stress,2026-09-10T10:45:47+07:00,500,765.489,PDOException,SQLSTATE[HY000] [1040] Too many connections
stress,2026-09-10T10:45:47+07:00,500,711.26,PDOException,SQLSTATE[HY000] [1040] Too many connections
stress,2026-09-10T10:45:47+07:00,500,743.846,PDOException,SQLSTATE[HY000] [1040] Too many connections
stress,2026-09-10T10:45:47+07:00,500,759.74,PDOException,SQLSTATE[HY000] [1040] Too many connections
stress,2026-09-10T10:45:47+07:00,500,867.078,PDOException,SQLSTATE[HY000] [1040] Too many connections
stress,2026-09-10T10:45:47+07:00,500,621.494,PDOException,SQLSTATE[HY000] [1040] Too many connections
stress,2026-09-10T10:45:48+07:00,500,687.007,PDOException,SQLSTATE[HY000] [1040] Too many connections
stress,2026-09-10T10:45:48+07:00,500,778.741,PDOException,SQLSTATE[HY000] [1040] Too many connections
stress,2026-09-10T10:45:48+07:00,500,748.677,PDOException,SQLSTATE[HY000] [1040] Too many connections
stress,2026-09-10T10:45:48+07:00,500,1057.397,PDOException,SQLSTATE[HY000] [1040] Too many connections
stress,2026-09-10T10:45:48+07:00,500,707.815,PDOException,SQLSTATE[HY000] [1040] Too many connections
stress,2026-09-10T10:45:48+07:00,500,826.416,PDOException,SQLSTATE[HY000] [1040] Too many connections
stress,2026-09-10T10:45:48+07:00,500,982.468,PDOException,SQLSTATE[HY000] [1040] Too many connections
stress,2026-09-10T10:45:48+07:00,500,775.643,PDOException,SQLSTATE[HY000] [1040] Too many connections
stress,2026-09-10T10:45:48+07:00,500,953.949,PDOException,SQLSTATE[HY000] [1040] Too many connections
stress,2026-09-10T10:45:48+07:00,500,781.249,PDOException,SQLSTATE[08004] [1040] Too many connections
stress,2026-09-10T10:45:48+07:00,500,781.989,PDOException,SQLSTATE[08004] [1040] Too many connections
stress,2026-09-10T10:45:48+07:00,500,849.038,PDOException,SQLSTATE[HY000] [1040] Too many connections
stress,2026-09-10T10:45:48+07:00,500,807.475,PDOException,SQLSTATE[HY000] [1040] Too many connections
stress,2026-09-10T10:45:48+07:00,500,1021.181,PDOException,SQLSTATE[HY000] [1040] Too many connections
stress,2026-09-10T10:45:48+07:00,500,527.952,PDOException,SQLSTATE[HY000] [1040] Too many connections
stress,2026-09-10T10:45:48+07:00,500,888.474,PDOException,SQLSTATE[HY000] [1040] Too many connections
stress,2026-09-10T10:45:48+07:00,500,836.108,PDOException,SQLSTATE[HY000] [1040] Too many connections
stress,2026-09-10T10:45:49+07:00,500,870.85,PDOException,SQLSTATE[HY000] [1040] Too many connections
stress,2026-09-10T10:45:49+07:00,500,597.323,PDOException,SQLSTATE[HY000] [1040] Too many connections
stress,2026-09-10T10:45:49+07:00,500,664.278,PDOException,SQLSTATE[HY000] [1040] Too many connections
stress,2026-09-10T10:45:49+07:00,500,1011.671,PDOException,SQLSTATE[HY000] [1040] Too many connections
stress,2026-09-10T10:45:49+07:00,500,662.484,PDOException,SQLSTATE[HY000] [1040] Too many connections
stress,2026-09-10T10:45:49+07:00,500,678.894,PDOException,SQLSTATE[HY000] [1040] Too many connections
stress,2026-09-10T10:45:49+07:00,500,701.571,PDOException,SQLSTATE[HY000] [1040] Too many connections
stress,2026-09-10T10:45:49+07:00,500,704.237,PDOException,SQLSTATE[HY000] [1040] Too many connections
stress,2026-09-10T10:45:49+07:00,500,704.089,PDOException,SQLSTATE[HY000] [1040] Too many connections
stress,2026-09-10T10:45:49+07:00,500,827.968,PDOException,SQLSTATE[HY000] [1040] Too many connections
stress,2026-09-10T10:45:49+07:00,500,629.117,PDOException,SQLSTATE[HY000] [1040] Too many connections
stress,2026-09-10T10:45:49+07:00,500,827.285,PDOException,SQLSTATE[HY000] [1040] Too many connections
stress,2026-09-10T10:45:49+07:00,500,715.1,PDOException,SQLSTATE[HY000] [1040] Too many connections
stress,2026-09-10T10:45:49+07:00,500,732.389,PDOException,SQLSTATE[HY000] [1040] Too many connections
stress,2026-09-10T10:45:49+07:00,500,791.29,PDOException,SQLSTATE[HY000] [1040] Too many connections
stress,2026-09-10T10:45:49+07:00,500,664.751,PDOException,SQLSTATE[HY000] [1040] Too many connections
stress,2026-09-10T10:45:49+07:00,500,664.703,PDOException,SQLSTATE[HY000] [1040] Too many connections
stress,2026-09-10T10:45:49+07:00,500,555.908,PDOException,SQLSTATE[HY000] [1040] Too many connections
stress,2026-09-10T10:45:49+07:00,500,724.965,PDOException,SQLSTATE[HY000] [1040] Too many connections
stress,2026-09-10T10:45:49+07:00,500,569.886,PDOException,SQLSTATE[HY000] [1040] Too many connections
stress,2026-09-10T10:45:49+07:00,500,823.679,PDOException,SQLSTATE[HY000] [1040] Too many connections
stress,2026-09-10T10:45:50+07:00,500,696.913,PDOException,SQLSTATE[HY000] [1040] Too many connections
stress,2026-09-10T10:45:50+07:00,500,707.421,PDOException,SQLSTATE[HY000] [1040] Too many connections
stress,2026-09-10T10:45:50+07:00,500,703.086,PDOException,SQLSTATE[HY000] [1040] Too many connections
stress,2026-09-10T10:45:50+07:00,500,700.774,PDOException,SQLSTATE[HY000] [1040] Too many connections
stress,2026-09-10T10:45:50+07:00,500,557.89,PDOException,SQLSTATE[HY000] [1040] Too many connections
stress,2026-09-10T10:45:50+07:00,500,554.82,PDOException,SQLSTATE[HY000] [1040] Too many connections
stress,2026-09-10T10:45:50+07:00,500,620.973,PDOException,SQLSTATE[HY000] [1040] Too many connections
stress,2026-09-10T10:45:50+07:00,500,595.911,PDOException,SQLSTATE[HY000] [1040] Too many connections
stress,2026-09-10T10:45:50+07:00,500,736.194,PDOException,SQLSTATE[HY000] [1040] Too many connections
stress,2026-09-10T10:45:50+07:00,500,736.35,PDOException,SQLSTATE[HY000] [1040] Too many connections
stress,2026-09-10T10:45:50+07:00,500,496.007,PDOException,SQLSTATE[HY000] [1040] Too many connections
stress,2026-09-10T10:45:50+07:00,500,531.807,PDOException,SQLSTATE[HY000] [1040] Too many connections
stress,2026-09-10T10:45:50+07:00,500,599.097,PDOException,SQLSTATE[HY000] [1040] Too many connections
stress,2026-09-10T10:45:50+07:00,500,498.761,PDOException,SQLSTATE[08004] [1040] Too many connections
stress,2026-09-10T10:45:50+07:00,500,714.5,PDOException,SQLSTATE[HY000] [1040] Too many connections
stress,2026-09-10T10:45:50+07:00,500,793.248,PDOException,SQLSTATE[HY000] [1040] Too many connections
stress,2026-09-10T10:45:50+07:00,500,720.482,PDOException,SQLSTATE[HY000] [1040] Too many connections
stress,2026-09-10T10:45:50+07:00,500,731.117,PDOException,SQLSTATE[HY000] [1040] Too many connections
stress,2026-09-10T10:45:50+07:00,500,819.649,PDOException,SQLSTATE[HY000] [1040] Too many connections
stress,2026-09-10T10:45:50+07:00,500,743.4,PDOException,SQLSTATE[HY000] [1040] Too many connections
stress,2026-09-10T10:45:50+07:00,500,755.286,PDOException,SQLSTATE[HY000] [1040] Too many connections
stress,2026-09-10T10:45:50+07:00,500,616.166,PDOException,SQLSTATE[HY000] [1040] Too many connections
stress,2026-09-10T10:45:50+07:00,500,666.104,PDOException,SQLSTATE[HY000] [1040] Too many connections
stress,2026-09-10T10:45:50+07:00,500,607.296,PDOException,SQLSTATE[HY000] [1040] Too many connections
stress,2026-09-10T10:45:50+07:00,500,900.738,PDOException,SQLSTATE[HY000] [1040] Too many connections
stress,2026-09-10T10:45:50+07:00,500,703.066,PDOException,SQLSTATE[HY000] [1040] Too many connections
stress,2026-09-10T10:45:50+07:00,500,846.1,PDOException,SQLSTATE[HY000] [1040] Too many connections
stress,2026-09-10T10:45:51+07:00,500,789.365,PDOException,SQLSTATE[HY000] [1040] Too many connections
stress,2026-09-10T10:45:51+07:00,500,776.889,PDOException,SQLSTATE[HY000] [1040] Too many connections
stress,2026-09-10T10:45:51+07:00,500,893.117,PDOException,SQLSTATE[HY000] [1040] Too many connections
stress,2026-09-10T10:45:51+07:00,500,715.677,PDOException,SQLSTATE[HY000] [1040] Too many connections
stress,2026-09-10T10:45:51+07:00,500,756.909,PDOException,SQLSTATE[HY000] [1040] Too many connections
stress,2026-09-10T10:45:51+07:00,500,748.8,PDOException,SQLSTATE[HY000] [1040] Too many connections
stress,2026-09-10T10:45:51+07:00,500,742.832,PDOException,SQLSTATE[HY000] [1040] Too many connections
stress,2026-09-10T10:45:51+07:00,500,653.394,PDOException,SQLSTATE[HY000] [1040] Too many connections
stress,2026-09-10T10:45:51+07:00,500,762.145,PDOException,SQLSTATE[HY000] [1040] Too many connections
stress,2026-09-10T10:45:51+07:00,500,646.212,PDOException,SQLSTATE[HY000] [1040] Too many connections
stress,2026-09-10T10:45:51+07:00,500,776.225,PDOException,SQLSTATE[HY000] [1040] Too many connections
stress,2026-09-10T10:45:51+07:00,500,1062.815,PDOException,SQLSTATE[HY000] [1040] Too many connections
stress,2026-09-10T10:45:51+07:00,500,850.712,PDOException,SQLSTATE[HY000] [1040] Too many connections
stress,2026-09-10T10:45:51+07:00,500,820.921,PDOException,SQLSTATE[HY000] [1040] Too many connections
stress,2026-09-10T10:45:51+07:00,500,774.761,PDOException,SQLSTATE[HY000] [1040] Too many connections
stress,2026-09-10T10:45:51+07:00,500,735.313,PDOException,SQLSTATE[HY000] [1040] Too many connections
stress,2026-09-10T10:45:51+07:00,500,738.702,PDOException,SQLSTATE[HY000] [1040] Too many connections
stress,2026-09-10T10:45:51+07:00,500,713.695,PDOException,SQLSTATE[HY000] [1040] Too many connections
stress,2026-09-10T10:45:52+07:00,500,768.557,PDOException,SQLSTATE[HY000] [1040] Too many connections
stress,2026-09-10T10:45:52+07:00,500,676.083,PDOException,SQLSTATE[HY000] [1040] Too many connections
stress,2026-09-10T10:45:52+07:00,500,767.768,PDOException,SQLSTATE[HY000] [1040] Too many connections
stress,2026-09-10T10:45:52+07:00,500,779.45,PDOException,SQLSTATE[HY000] [1040] Too many connections
stress,2026-09-10T10:45:52+07:00,500,537.281,PDOException,SQLSTATE[HY000] [1040] Too many connections
stress,2026-09-10T10:45:52+07:00,500,721.453,PDOException,SQLSTATE[HY000] [1040] Too many connections
stress,2026-09-10T10:45:52+07:00,500,713.454,PDOException,SQLSTATE[HY000] [1040] Too many connections
stress,2026-09-10T10:45:52+07:00,500,667.456,PDOException,SQLSTATE[08004] [1040] Too many connections
stress,2026-09-10T10:45:52+07:00,500,736.297,PDOException,SQLSTATE[HY000] [1040] Too many connections
stress,2026-09-10T10:45:52+07:00,500,789.024,PDOException,SQLSTATE[HY000] [1040] Too many connections
stress,2026-09-10T10:45:52+07:00,500,621.849,PDOException,SQLSTATE[HY000] [1040] Too many connections
stress,2026-09-10T10:45:52+07:00,500,835.541,PDOException,SQLSTATE[HY000] [1040] Too many connections
stress,2026-09-10T10:45:52+07:00,500,811.749,PDOException,SQLSTATE[HY000] [1040] Too many connections
stress,2026-09-10T10:45:52+07:00,500,705.424,PDOException,SQLSTATE[HY000] [1040] Too many connections
stress,2026-09-10T10:45:52+07:00,500,839.977,PDOException,SQLSTATE[HY000] [1040] Too many connections
stress,2026-09-10T10:45:52+07:00,500,783.534,PDOException,SQLSTATE[HY000] [1040] Too many connections
stress,2026-09-10T10:45:52+07:00,500,643.003,PDOException,SQLSTATE[HY000] [1040] Too many connections
stress,2026-09-10T10:45:52+07:00,500,942.142,PDOException,SQLSTATE[HY000] [1040] Too many connections
stress,2026-09-10T10:45:52+07:00,500,624.504,PDOException,SQLSTATE[HY000] [1040] Too many connections
stress,2026-09-10T10:45:52+07:00,500,892.873,PDOException,SQLSTATE[HY000] [1040] Too many connections
stress,2026-09-10T10:45:52+07:00,500,832.003,PDOException,SQLSTATE[HY000] [1040] Too many connections
stress,2026-09-10T10:45:53+07:00,500,1035.755,PDOException,SQLSTATE[HY000] [1040] Too many connections
stress,2026-09-10T10:45:53+07:00,500,835.03,PDOException,SQLSTATE[HY000] [1040] Too many connections
stress,2026-09-10T10:45:53+07:00,500,1002.341,PDOException,SQLSTATE[HY000] [1040] Too many connections
stress,2026-09-10T10:45:53+07:00,500,859.296,PDOException,SQLSTATE[HY000] [1040] Too many connections
stress,2026-09-10T10:45:53+07:00,500,746.165,PDOException,SQLSTATE[HY000] [1040] Too many connections
stress,2026-09-10T10:45:53+07:00,500,864.857,PDOException,SQLSTATE[HY000] [1040] Too many connections
stress,2026-09-10T10:45:53+07:00,500,1064.989,PDOException,SQLSTATE[HY000] [1040] Too many connections
stress,2026-09-10T10:45:53+07:00,500,766.502,PDOException,SQLSTATE[HY000] [1040] Too many connections
stress,2026-09-10T10:45:53+07:00,500,689.376,PDOException,SQLSTATE[HY000] [1040] Too many connections
stress,2026-09-10T10:45:53+07:00,500,724.894,PDOException,SQLSTATE[HY000] [1040] Too many connections
stress,2026-09-10T10:45:53+07:00,500,818.926,PDOException,SQLSTATE[HY000] [1040] Too many connections
stress,2026-09-10T10:45:53+07:00,500,737.037,PDOException,SQLSTATE[HY000] [1040] Too many connections
stress,2026-09-10T10:45:53+07:00,500,814.635,PDOException,SQLSTATE[HY000] [1040] Too many connections
stress,2026-09-10T10:45:53+07:00,500,828.508,PDOException,SQLSTATE[HY000] [1040] Too many connections
stress,2026-09-10T10:45:53+07:00,500,848.172,PDOException,SQLSTATE[HY000] [1040] Too many connections
stress,2026-09-10T10:45:53+07:00,500,531.642,PDOException,SQLSTATE[08004] [1040] Too many connections
stress,2026-09-10T10:45:53+07:00,500,891.834,PDOException,SQLSTATE[HY000] [1040] Too many connections
stress,2026-09-10T10:45:53+07:00,500,551.399,PDOException,SQLSTATE[HY000] [1040] Too many connections
stress,2026-09-10T10:45:54+07:00,500,712.115,PDOException,SQLSTATE[HY000] [1040] Too many connections
stress,2026-09-10T10:45:54+07:00,500,590.381,PDOException,SQLSTATE[HY000] [1040] Too many connections
stress,2026-09-10T10:45:54+07:00,500,688.932,PDOException,SQLSTATE[HY000] [1040] Too many connections
stress,2026-09-10T10:45:54+07:00,500,850.028,PDOException,SQLSTATE[HY000] [1040] Too many connections
stress,2026-09-10T10:45:54+07:00,500,733.467,PDOException,SQLSTATE[HY000] [1040] Too many connections
stress,2026-09-10T10:45:54+07:00,500,743.709,PDOException,SQLSTATE[HY000] [1040] Too many connections
stress,2026-09-10T10:45:54+07:00,500,772.749,PDOException,SQLSTATE[HY000] [1040] Too many connections
stress,2026-09-10T10:45:54+07:00,500,725.83,PDOException,SQLSTATE[HY000] [1040] Too many connections
stress,2026-09-10T10:45:54+07:00,500,716.114,PDOException,SQLSTATE[HY000] [1040] Too many connections
stress,2026-09-10T10:45:54+07:00,500,607.299,PDOException,SQLSTATE[HY000] [1040] Too many connections
stress,2026-09-10T10:45:54+07:00,500,596.759,PDOException,SQLSTATE[HY000] [1040] Too many connections
stress,2026-09-10T10:45:54+07:00,500,616.916,PDOException,SQLSTATE[HY000] [1040] Too many connections
stress,2026-09-10T10:45:54+07:00,500,653.618,PDOException,SQLSTATE[HY000] [1040] Too many connections
stress,2026-09-10T10:45:54+07:00,500,854.129,PDOException,SQLSTATE[HY000] [1040] Too many connections
stress,2026-09-10T10:45:54+07:00,500,910.678,PDOException,SQLSTATE[HY000] [1040] Too many connections
stress,2026-09-10T10:45:54+07:00,500,690.013,PDOException,SQLSTATE[08004] [1040] Too many connections
stress,2026-09-10T10:45:54+07:00,500,751.427,PDOException,SQLSTATE[HY000] [1040] Too many connections
stress,2026-09-10T10:45:54+07:00,500,623.525,PDOException,SQLSTATE[HY000] [1040] Too many connections
stress,2026-09-10T10:45:54+07:00,500,835.335,PDOException,SQLSTATE[HY000] [1040] Too many connections
stress,2026-09-10T10:45:54+07:00,500,827.899,PDOException,SQLSTATE[HY000] [1040] Too many connections
stress,2026-09-10T10:45:54+07:00,500,808.883,PDOException,SQLSTATE[HY000] [1040] Too many connections
stress,2026-09-10T10:45:54+07:00,500,818.069,PDOException,SQLSTATE[HY000] [1040] Too many connections
stress,2026-09-10T10:45:54+07:00,500,903.105,PDOException,SQLSTATE[HY000] [1040] Too many connections
stress,2026-09-10T10:45:55+07:00,500,851.349,PDOException,SQLSTATE[HY000] [1040] Too many connections
stress,2026-09-10T10:45:55+07:00,500,814.655,PDOException,SQLSTATE[HY000] [1040] Too many connections
stress,2026-09-10T10:45:55+07:00,500,736.579,PDOException,SQLSTATE[HY000] [1040] Too many connections
stress,2026-09-10T10:45:55+07:00,500,736.579,PDOException,SQLSTATE[HY000] [1040] Too many connections
stress,2026-09-10T10:45:55+07:00,500,1149.144,PDOException,SQLSTATE[HY000] [1040] Too many connections
stress,2026-09-10T10:45:55+07:00,500,1151.144,PDOException,SQLSTATE[HY000] [1040] Too many connections
stress,2026-09-10T10:45:55+07:00,500,1161.066,PDOException,SQLSTATE[HY000] [1040] Too many connections
stress,2026-09-10T10:45:55+07:00,500,1060.499,PDOException,SQLSTATE[HY000] [1040] Too many connections
stress,2026-09-10T10:45:55+07:00,500,1071.374,PDOException,SQLSTATE[HY000] [1040] Too many connections
stress,2026-09-10T10:45:55+07:00,500,1198.164,PDOException,SQLSTATE[HY000] [1040] Too many connections
stress,2026-09-10T10:45:55+07:00,500,1223.649,PDOException,SQLSTATE[HY000] [1040] Too many connections
stress,2026-09-10T10:45:55+07:00,500,919.85,PDOException,SQLSTATE[HY000] [1040] Too many connections
stress,2026-09-10T10:45:55+07:00,500,989.456,PDOException,SQLSTATE[HY000] [1040] Too many connections
stress,2026-09-10T10:45:55+07:00,500,945.431,PDOException,SQLSTATE[HY000] [1040] Too many connections
stress,2026-09-10T10:45:56+07:00,500,1124.903,PDOException,SQLSTATE[08004] [1040] Too many connections
stress,2026-09-10T10:45:56+07:00,500,1024.248,PDOException,SQLSTATE[HY000] [1040] Too many connections
stress,2026-09-10T10:45:56+07:00,500,860.379,PDOException,SQLSTATE[HY000] [1040] Too many connections
stress,2026-09-10T10:45:56+07:00,500,934.275,PDOException,SQLSTATE[HY000] [1040] Too many connections
stress,2026-09-10T10:45:56+07:00,500,1021.235,PDOException,SQLSTATE[HY000] [1040] Too many connections
stress,2026-09-10T10:45:56+07:00,500,882.919,PDOException,SQLSTATE[HY000] [1040] Too many connections
stress,2026-09-10T10:45:56+07:00,500,844.831,PDOException,SQLSTATE[HY000] [1040] Too many connections
stress,2026-09-10T10:45:56+07:00,500,809.57,PDOException,SQLSTATE[HY000] [1040] Too many connections
stress,2026-09-10T10:45:56+07:00,500,923.112,PDOException,SQLSTATE[HY000] [1040] Too many connections
stress,2026-09-10T10:45:56+07:00,500,728.394,PDOException,SQLSTATE[HY000] [1040] Too many connections
stress,2026-09-10T10:45:56+07:00,500,1080.778,PDOException,SQLSTATE[HY000] [1040] Too many connections
stress,2026-09-10T10:45:56+07:00,500,571.683,PDOException,SQLSTATE[HY000] [1040] Too many connections
stress,2026-09-10T10:45:56+07:00,500,963.334,PDOException,SQLSTATE[HY000] [1040] Too many connections
stress,2026-09-10T10:45:56+07:00,500,873.617,PDOException,SQLSTATE[HY000] [1040] Too many connections
stress,2026-09-10T10:45:56+07:00,500,631.647,PDOException,SQLSTATE[HY000] [1040] Too many connections
stress,2026-09-10T10:45:56+07:00,500,893.716,PDOException,SQLSTATE[HY000] [1040] Too many connections
stress,2026-09-10T10:45:56+07:00,500,677.428,PDOException,SQLSTATE[HY000] [1040] Too many connections
stress,2026-09-10T10:45:56+07:00,500,665.629,PDOException,SQLSTATE[HY000] [1040] Too many connections
stress,2026-09-10T10:45:56+07:00,500,658.938,PDOException,SQLSTATE[HY000] [1040] Too many connections
stress,2026-09-10T10:45:56+07:00,500,704.262,PDOException,SQLSTATE[HY000] [1040] Too many connections
stress,2026-09-10T10:45:56+07:00,500,669.461,PDOException,SQLSTATE[HY000] [1040] Too many connections
stress,2026-09-10T10:45:56+07:00,500,1060.032,PDOException,SQLSTATE[HY000] [1040] Too many connections
stress,2026-09-10T10:45:56+07:00,500,767.147,PDOException,SQLSTATE[HY000] [1040] Too many connections
stress,2026-09-10T10:45:56+07:00,500,724.771,PDOException,SQLSTATE[HY000] [1040] Too many connections
stress,2026-09-10T10:45:56+07:00,500,800.203,PDOException,SQLSTATE[HY000] [1040] Too many connections
stress,2026-09-10T10:45:56+07:00,500,583.896,PDOException,SQLSTATE[HY000] [1040] Too many connections
stress,2026-09-10T10:45:56+07:00,500,760.058,PDOException,SQLSTATE[HY000] [1040] Too many connections
stress,2026-09-10T10:45:56+07:00,500,756.17,PDOException,SQLSTATE[HY000] [1040] Too many connections
stress,2026-09-10T10:45:57+07:00,500,700.01,PDOException,SQLSTATE[HY000] [1040] Too many connections
stress,2026-09-10T10:45:57+07:00,500,768.281,PDOException,SQLSTATE[HY000] [1040] Too many connections
stress,2026-09-10T10:45:57+07:00,500,774.654,PDOException,SQLSTATE[08004] [1040] Too many connections
stress,2026-09-10T10:45:57+07:00,500,811.339,PDOException,SQLSTATE[08004] [1040] Too many connections
stress,2026-09-10T10:45:57+07:00,500,693.097,PDOException,SQLSTATE[HY000] [1040] Too many connections
stress,2026-09-10T10:45:57+07:00,500,659.375,PDOException,SQLSTATE[HY000] [1040] Too many connections
stress,2026-09-10T10:45:57+07:00,500,811.509,PDOException,SQLSTATE[HY000] [1040] Too many connections
stress,2026-09-10T10:45:57+07:00,500,632.337,PDOException,SQLSTATE[08004] [1040] Too many connections
stress,2026-09-10T10:45:57+07:00,500,722.279,PDOException,SQLSTATE[HY000] [1040] Too many connections
stress,2026-09-10T10:45:57+07:00,500,663.514,PDOException,SQLSTATE[HY000] [1040] Too many connections
stress,2026-09-10T10:45:57+07:00,500,824.711,PDOException,SQLSTATE[HY000] [1040] Too many connections
stress,2026-09-10T10:45:57+07:00,500,722.68,PDOException,SQLSTATE[HY000] [1040] Too many connections
stress,2026-09-10T10:45:57+07:00,500,764.666,PDOException,SQLSTATE[HY000] [1040] Too many connections
stress,2026-09-10T10:45:57+07:00,500,784.971,PDOException,SQLSTATE[HY000] [1040] Too many connections
stress,2026-09-10T10:45:57+07:00,500,693.649,PDOException,SQLSTATE[HY000] [1040] Too many connections
stress,2026-09-10T10:45:57+07:00,500,729.741,PDOException,SQLSTATE[HY000] [1040] Too many connections
stress,2026-09-10T10:45:57+07:00,500,880.347,PDOException,SQLSTATE[HY000] [1040] Too many connections
stress,2026-09-10T10:45:57+07:00,500,774.389,PDOException,SQLSTATE[HY000] [1040] Too many connections
stress,2026-09-10T10:45:57+07:00,500,880.476,PDOException,SQLSTATE[HY000] [1040] Too many connections
stress,2026-09-10T10:45:57+07:00,500,888.055,PDOException,SQLSTATE[HY000] [1040] Too many connections
stress,2026-09-10T10:45:57+07:00,500,840.589,PDOException,SQLSTATE[HY000] [1040] Too many connections
stress,2026-09-10T10:45:57+07:00,500,860.942,PDOException,SQLSTATE[HY000] [1040] Too many connections
stress,2026-09-10T10:45:58+07:00,500,763.741,PDOException,SQLSTATE[08004] [1040] Too many connections
stress,2026-09-10T10:45:58+07:00,500,795.118,PDOException,SQLSTATE[HY000] [1040] Too many connections
stress,2026-09-10T10:45:58+07:00,500,804.512,PDOException,SQLSTATE[HY000] [1040] Too many connections
stress,2026-09-10T10:45:58+07:00,500,843.154,PDOException,SQLSTATE[08004] [1040] Too many connections
stress,2026-09-10T10:45:58+07:00,500,906.684,PDOException,SQLSTATE[HY000] [1040] Too many connections
stress,2026-09-10T10:45:58+07:00,500,682.254,PDOException,SQLSTATE[HY000] [1040] Too many connections
stress,2026-09-10T10:45:58+07:00,500,1013.542,PDOException,SQLSTATE[HY000] [1040] Too many connections
stress,2026-09-10T10:45:58+07:00,500,842.242,PDOException,SQLSTATE[HY000] [1040] Too many connections
stress,2026-09-10T10:45:58+07:00,500,1026.72,PDOException,SQLSTATE[HY000] [1040] Too many connections
stress,2026-09-10T10:45:58+07:00,500,978.506,PDOException,SQLSTATE[HY000] [1040] Too many connections
stress,2026-09-10T10:45:58+07:00,500,1000.277,PDOException,SQLSTATE[HY000] [1040] Too many connections
stress,2026-09-10T10:45:58+07:00,500,788.521,PDOException,SQLSTATE[HY000] [1040] Too many connections
stress,2026-09-10T10:45:58+07:00,500,842.667,PDOException,SQLSTATE[HY000] [1040] Too many connections
stress,2026-09-10T10:45:58+07:00,500,782.021,PDOException,SQLSTATE[HY000] [1040] Too many connections
stress,2026-09-10T10:45:58+07:00,500,1002.234,PDOException,SQLSTATE[HY000] [1040] Too many connections
stress,2026-09-10T10:45:58+07:00,500,1010.764,PDOException,SQLSTATE[HY000] [1040] Too many connections
stress,2026-09-10T10:45:59+07:00,500,848.958,PDOException,SQLSTATE[HY000] [1040] Too many connections
stress,2026-09-10T10:45:59+07:00,500,1011.544,PDOException,SQLSTATE[HY000] [1040] Too many connections
stress,2026-09-10T10:45:59+07:00,500,749.739,PDOException,SQLSTATE[HY000] [1040] Too many connections
stress,2026-09-10T10:45:59+07:00,500,938.498,PDOException,SQLSTATE[HY000] [1040] Too many connections
stress,2026-09-10T10:45:59+07:00,500,970.963,PDOException,SQLSTATE[HY000] [1040] Too many connections
stress,2026-09-10T10:45:59+07:00,500,1022.169,PDOException,SQLSTATE[HY000] [1040] Too many connections
stress,2026-09-10T10:45:59+07:00,500,754.201,PDOException,SQLSTATE[HY000] [1040] Too many connections
stress,2026-09-10T10:45:59+07:00,500,858.043,PDOException,SQLSTATE[HY000] [1040] Too many connections
stress,2026-09-10T10:45:59+07:00,500,893.685,PDOException,SQLSTATE[HY000] [1040] Too many connections
stress,2026-09-10T10:45:59+07:00,500,996.76,PDOException,SQLSTATE[08004] [1040] Too many connections
stress,2026-09-10T10:45:59+07:00,500,768.112,PDOException,SQLSTATE[HY000] [1040] Too many connections
stress,2026-09-10T10:45:59+07:00,500,901.096,PDOException,SQLSTATE[08004] [1040] Too many connections
stress,2026-09-10T10:45:59+07:00,500,908.423,PDOException,SQLSTATE[08004] [1040] Too many connections
stress,2026-09-10T10:45:59+07:00,500,900.267,PDOException,SQLSTATE[08004] [1040] Too many connections
stress,2026-09-10T10:45:59+07:00,500,963.24,PDOException,SQLSTATE[HY000] [1040] Too many connections
stress,2026-09-10T10:45:59+07:00,500,776.89,PDOException,SQLSTATE[HY000] [1040] Too many connections
stress,2026-09-10T10:45:59+07:00,500,1052.85,PDOException,SQLSTATE[HY000] [1040] Too many connections
stress,2026-09-10T10:46:00+07:00,500,1023.079,PDOException,SQLSTATE[HY000] [1040] Too many connections
stress,2026-09-10T10:46:00+07:00,500,1231.065,PDOException,SQLSTATE[HY000] [1040] Too many connections
stress,2026-09-10T10:46:00+07:00,500,965.731,PDOException,SQLSTATE[HY000] [1040] Too many connections
stress,2026-09-10T10:46:00+07:00,500,1084.916,PDOException,SQLSTATE[HY000] [1040] Too many connections
stress,2026-09-10T10:46:00+07:00,500,1010.228,PDOException,SQLSTATE[HY000] [1040] Too many connections
stress,2026-09-10T10:46:00+07:00,500,772.899,PDOException,SQLSTATE[HY000] [1040] Too many connections
stress,2026-09-10T10:46:00+07:00,500,970.261,PDOException,SQLSTATE[HY000] [1040] Too many connections
stress,2026-09-10T10:46:00+07:00,500,904.656,PDOException,SQLSTATE[HY000] [1040] Too many connections
stress,2026-09-10T10:46:00+07:00,500,817.965,PDOException,SQLSTATE[HY000] [1040] Too many connections
stress,2026-09-10T10:46:00+07:00,500,839.429,PDOException,SQLSTATE[HY000] [1040] Too many connections
stress,2026-09-10T10:46:00+07:00,500,929.262,PDOException,SQLSTATE[HY000] [1040] Too many connections
stress,2026-09-10T10:46:00+07:00,500,986.051,PDOException,SQLSTATE[HY000] [1040] Too many connections
stress,2026-09-10T10:46:00+07:00,500,991.876,PDOException,SQLSTATE[HY000] [1040] Too many connections
stress,2026-09-10T10:46:00+07:00,500,1049.502,PDOException,SQLSTATE[HY000] [1040] Too many connections
stress,2026-09-10T10:46:00+07:00,500,901.238,PDOException,SQLSTATE[HY000] [1040] Too many connections
stress,2026-09-10T10:46:00+07:00,500,1023.816,PDOException,SQLSTATE[HY000] [1040] Too many connections
stress,2026-09-10T10:46:00+07:00,500,912.156,PDOException,SQLSTATE[HY000] [1040] Too many connections
stress,2026-09-10T10:46:00+07:00,500,813.258,PDOException,SQLSTATE[HY000] [1040] Too many connections
stress,2026-09-10T10:46:00+07:00,500,966.521,PDOException,SQLSTATE[HY000] [1040] Too many connections
stress,2026-09-10T10:46:00+07:00,500,821.514,PDOException,SQLSTATE[HY000] [1040] Too many connections
stress,2026-09-10T10:46:00+07:00,500,882.104,PDOException,SQLSTATE[HY000] [1040] Too many connections
stress,2026-09-10T10:46:00+07:00,500,807.627,PDOException,SQLSTATE[HY000] [1040] Too many connections
stress,2026-09-10T10:46:00+07:00,500,1011.793,PDOException,SQLSTATE[HY000] [1040] Too many connections
stress,2026-09-10T10:46:00+07:00,500,898.124,PDOException,SQLSTATE[HY000] [1040] Too many connections
stress,2026-09-10T10:46:00+07:00,500,885.126,PDOException,SQLSTATE[HY000] [1040] Too many connections
stress,2026-09-10T10:46:00+07:00,500,921.026,PDOException,SQLSTATE[HY000] [1040] Too many connections
stress,2026-09-10T10:46:00+07:00,500,722.001,PDOException,SQLSTATE[HY000] [1040] Too many connections
stress,2026-09-10T10:46:01+07:00,500,815.498,PDOException,SQLSTATE[HY000] [1040] Too many connections
stress,2026-09-10T10:46:01+07:00,500,894.819,PDOException,SQLSTATE[HY000] [1040] Too many connections
stress,2026-09-10T10:46:01+07:00,500,740.963,PDOException,SQLSTATE[HY000] [1040] Too many connections
stress,2026-09-10T10:46:01+07:00,500,810.833,PDOException,SQLSTATE[HY000] [1040] Too many connections
stress,2026-09-10T10:46:01+07:00,500,877.121,PDOException,SQLSTATE[HY000] [1040] Too many connections
stress,2026-09-10T10:46:01+07:00,500,901.351,PDOException,SQLSTATE[HY000] [1040] Too many connections
stress,2026-09-10T10:46:01+07:00,500,760.67,PDOException,SQLSTATE[HY000] [1040] Too many connections
stress,2026-09-10T10:46:01+07:00,500,890.029,PDOException,SQLSTATE[HY000] [1040] Too many connections
stress,2026-09-10T10:46:01+07:00,500,824.837,PDOException,SQLSTATE[HY000] [1040] Too many connections
stress,2026-09-10T10:46:01+07:00,500,724.256,PDOException,SQLSTATE[HY000] [1040] Too many connections
stress,2026-09-10T10:46:01+07:00,500,767.748,PDOException,SQLSTATE[HY000] [1040] Too many connections
stress,2026-09-10T10:46:01+07:00,500,877.529,PDOException,SQLSTATE[HY000] [1040] Too many connections
stress,2026-09-10T10:46:01+07:00,500,877.133,PDOException,SQLSTATE[HY000] [1040] Too many connections
stress,2026-09-10T10:46:01+07:00,500,876.308,PDOException,SQLSTATE[HY000] [1040] Too many connections
stress,2026-09-10T10:46:01+07:00,500,775.977,PDOException,SQLSTATE[HY000] [1040] Too many connections
stress,2026-09-10T10:46:01+07:00,500,668.663,PDOException,SQLSTATE[HY000] [1040] Too many connections
stress,2026-09-10T10:46:01+07:00,500,781.819,PDOException,SQLSTATE[HY000] [1040] Too many connections
stress,2026-09-10T10:46:01+07:00,500,793.185,PDOException,SQLSTATE[HY000] [1040] Too many connections
stress,2026-09-10T10:46:01+07:00,500,661.806,PDOException,SQLSTATE[HY000] [1040] Too many connections
stress,2026-09-10T10:46:01+07:00,500,933.095,PDOException,SQLSTATE[08004] [1040] Too many connections
stress,2026-09-10T10:46:01+07:00,500,881.133,PDOException,SQLSTATE[HY000] [1040] Too many connections
stress,2026-09-10T10:46:01+07:00,500,852.565,PDOException,SQLSTATE[HY000] [1040] Too many connections
stress,2026-09-10T10:46:01+07:00,500,765.428,PDOException,SQLSTATE[HY000] [1040] Too many connections
stress,2026-09-10T10:46:01+07:00,500,782.204,PDOException,SQLSTATE[HY000] [1040] Too many connections
stress,2026-09-10T10:46:01+07:00,500,845.454,PDOException,SQLSTATE[HY000] [1040] Too many connections
stress,2026-09-10T10:46:02+07:00,500,793.952,PDOException,SQLSTATE[08004] [1040] Too many connections
stress,2026-09-10T10:46:02+07:00,500,1305.939,PDOException,SQLSTATE[HY000] [1040] Too many connections
stress,2026-09-10T10:46:02+07:00,500,1323.278,PDOException,SQLSTATE[HY000] [1040] Too many connections
stress,2026-09-10T10:46:02+07:00,500,1459.587,PDOException,SQLSTATE[HY000] [1040] Too many connections
stress,2026-09-10T10:46:02+07:00,500,1264.062,PDOException,SQLSTATE[HY000] [1040] Too many connections
stress,2026-09-10T10:46:02+07:00,500,1334.502,PDOException,SQLSTATE[HY000] [1040] Too many connections
stress,2026-09-10T10:46:02+07:00,500,1404.43,PDOException,SQLSTATE[HY000] [1040] Too many connections
stress,2026-09-10T10:46:02+07:00,500,1277.028,PDOException,SQLSTATE[HY000] [1040] Too many connections
stress,2026-09-10T10:46:02+07:00,500,1425.36,PDOException,SQLSTATE[HY000] [1040] Too many connections
stress,2026-09-10T10:46:02+07:00,500,1408.316,PDOException,SQLSTATE[HY000] [1040] Too many connections
stress,2026-09-10T10:46:03+07:00,500,1576.309,PDOException,SQLSTATE[HY000] [1040] Too many connections
stress,2026-09-10T10:46:03+07:00,500,1436.529,PDOException,SQLSTATE[HY000] [1040] Too many connections
stress,2026-09-10T10:46:03+07:00,500,1553.279,PDOException,SQLSTATE[HY000] [1040] Too many connections
stress,2026-09-10T10:46:03+07:00,500,1466.965,PDOException,SQLSTATE[HY000] [1040] Too many connections
stress,2026-09-10T10:46:03+07:00,500,1633.891,PDOException,SQLSTATE[HY000] [1040] Too many connections
stress,2026-09-10T10:46:03+07:00,500,1350.307,PDOException,SQLSTATE[HY000] [1040] Too many connections
stress,2026-09-10T10:46:03+07:00,500,1691.514,PDOException,SQLSTATE[HY000] [1040] Too many connections
stress,2026-09-10T10:46:03+07:00,500,1245.458,PDOException,SQLSTATE[HY000] [1040] Too many connections
stress,2026-09-10T10:46:03+07:00,500,1276.572,PDOException,SQLSTATE[HY000] [1040] Too many connections
stress,2026-09-10T10:46:03+07:00,500,1431.517,PDOException,SQLSTATE[HY000] [1040] Too many connections
stress,2026-09-10T10:46:03+07:00,500,1019.289,PDOException,SQLSTATE[HY000] [1040] Too many connections
stress,2026-09-10T10:46:03+07:00,500,1531.053,PDOException,SQLSTATE[HY000] [1040] Too many connections
stress,2026-09-10T10:46:03+07:00,500,1234.484,PDOException,SQLSTATE[HY000] [1040] Too many connections
stress,2026-09-10T10:46:03+07:00,500,1052.404,PDOException,SQLSTATE[HY000] [1040] Too many connections
stress,2026-09-10T10:46:03+07:00,500,1036.761,PDOException,SQLSTATE[HY000] [1040] Too many connections
stress,2026-09-10T10:46:03+07:00,500,1033.901,PDOException,SQLSTATE[HY000] [1040] Too many connections
stress,2026-09-10T10:46:03+07:00,500,1032.897,PDOException,SQLSTATE[HY000] [1040] Too many connections
stress,2026-09-10T10:46:03+07:00,500,999.446,PDOException,SQLSTATE[HY000] [1040] Too many connections
stress,2026-09-10T10:46:03+07:00,500,866.134,PDOException,SQLSTATE[HY000] [1040] Too many connections
stress,2026-09-10T10:46:03+07:00,500,1057.736,PDOException,SQLSTATE[HY000] [1040] Too many connections
stress,2026-09-10T10:46:04+07:00,500,1209.562,PDOException,SQLSTATE[HY000] [1040] Too many connections
stress,2026-09-10T10:46:04+07:00,500,1000.521,PDOException,SQLSTATE[HY000] [1040] Too many connections
stress,2026-09-10T10:46:04+07:00,500,934.194,PDOException,SQLSTATE[HY000] [1040] Too many connections
stress,2026-09-10T10:46:04+07:00,500,636.248,PDOException,SQLSTATE[HY000] [1040] Too many connections
stress,2026-09-10T10:46:04+07:00,500,1058.517,PDOException,SQLSTATE[HY000] [1040] Too many connections
stress,2026-09-10T10:46:04+07:00,500,792.206,PDOException,SQLSTATE[HY000] [1040] Too many connections
stress,2026-09-10T10:46:04+07:00,500,689.105,PDOException,SQLSTATE[HY000] [1040] Too many connections
stress,2026-09-10T10:46:04+07:00,500,629.846,PDOException,SQLSTATE[HY000] [1040] Too many connections
stress,2026-09-10T10:46:04+07:00,500,684.978,PDOException,SQLSTATE[HY000] [1040] Too many connections
stress,2026-09-10T10:46:04+07:00,500,849.447,PDOException,SQLSTATE[HY000] [1040] Too many connections
stress,2026-09-10T10:46:04+07:00,500,813.694,PDOException,SQLSTATE[HY000] [1040] Too many connections
stress,2026-09-10T10:46:04+07:00,500,638.289,PDOException,SQLSTATE[HY000] [1040] Too many connections
stress,2026-09-10T10:46:04+07:00,500,755.782,PDOException,SQLSTATE[HY000] [1040] Too many connections
stress,2026-09-10T10:46:04+07:00,500,761.377,PDOException,SQLSTATE[HY000] [1040] Too many connections
stress,2026-09-10T10:46:04+07:00,500,728.074,PDOException,SQLSTATE[HY000] [1040] Too many connections
stress,2026-09-10T10:46:04+07:00,500,820.547,PDOException,SQLSTATE[HY000] [1040] Too many connections
stress,2026-09-10T10:46:04+07:00,500,703.504,PDOException,SQLSTATE[HY000] [1040] Too many connections
stress,2026-09-10T10:46:04+07:00,500,669.886,PDOException,SQLSTATE[HY000] [1040] Too many connections
stress,2026-09-10T10:46:04+07:00,500,847.04,PDOException,SQLSTATE[HY000] [1040] Too many connections
stress,2026-09-10T10:46:04+07:00,500,673.989,PDOException,SQLSTATE[HY000] [1040] Too many connections
stress,2026-09-10T10:46:04+07:00,500,998.518,PDOException,SQLSTATE[08004] [1040] Too many connections
stress,2026-09-10T10:46:04+07:00,500,935.49,PDOException,SQLSTATE[HY000] [1040] Too many connections
stress,2026-09-10T10:46:04+07:00,500,803.866,PDOException,SQLSTATE[HY000] [1040] Too many connections
stress,2026-09-10T10:46:04+07:00,500,825.167,PDOException,SQLSTATE[08004] [1040] Too many connections
stress,2026-09-10T10:46:04+07:00,500,881.335,PDOException,SQLSTATE[HY000] [1040] Too many connections
stress,2026-09-10T10:46:04+07:00,500,841.107,PDOException,SQLSTATE[HY000] [1040] Too many connections
stress,2026-09-10T10:46:04+07:00,500,882.321,PDOException,SQLSTATE[HY000] [1040] Too many connections
stress,2026-09-10T10:46:04+07:00,500,857.345,PDOException,SQLSTATE[HY000] [1040] Too many connections
stress,2026-09-10T10:46:04+07:00,500,859.459,PDOException,SQLSTATE[HY000] [1040] Too many connections
stress,2026-09-10T10:46:04+07:00,500,929.491,PDOException,SQLSTATE[HY000] [1040] Too many connections
stress,2026-09-10T10:46:05+07:00,500,660.22,PDOException,SQLSTATE[HY000] [1040] Too many connections
stress,2026-09-10T10:46:05+07:00,500,788.301,PDOException,SQLSTATE[HY000] [1040] Too many connections
stress,2026-09-10T10:46:05+07:00,500,820.993,PDOException,SQLSTATE[HY000] [1040] Too many connections
stress,2026-09-10T10:46:05+07:00,500,663.274,PDOException,SQLSTATE[08004] [1040] Too many connections
stress,2026-09-10T10:46:05+07:00,500,573.679,PDOException,SQLSTATE[HY000] [1040] Too many connections
stress,2026-09-10T10:46:05+07:00,500,782.115,PDOException,SQLSTATE[HY000] [1040] Too many connections
stress,2026-09-10T10:46:05+07:00,500,691.376,PDOException,SQLSTATE[HY000] [1040] Too many connections
stress,2026-09-10T10:46:05+07:00,500,755.036,PDOException,SQLSTATE[HY000] [1040] Too many connections
stress,2026-09-10T10:46:05+07:00,500,816.564,PDOException,SQLSTATE[HY000] [1040] Too many connections
stress,2026-09-10T10:46:05+07:00,500,846.484,PDOException,SQLSTATE[HY000] [1040] Too many connections
stress,2026-09-10T10:46:05+07:00,500,757.323,PDOException,SQLSTATE[HY000] [1040] Too many connections
stress,2026-09-10T10:46:05+07:00,500,652.252,PDOException,SQLSTATE[HY000] [1040] Too many connections
stress,2026-09-10T10:46:05+07:00,500,828.826,PDOException,SQLSTATE[HY000] [1040] Too many connections
stress,2026-09-10T10:46:05+07:00,500,969.695,PDOException,SQLSTATE[HY000] [1040] Too many connections
stress,2026-09-10T10:46:05+07:00,500,943.748,PDOException,SQLSTATE[08004] [1040] Too many connections
stress,2026-09-10T10:46:05+07:00,500,954.841,PDOException,SQLSTATE[HY000] [1040] Too many connections
stress,2026-09-10T10:46:05+07:00,500,903.848,PDOException,SQLSTATE[08004] [1040] Too many connections
stress,2026-09-10T10:46:05+07:00,500,1044.994,PDOException,SQLSTATE[HY000] [1040] Too many connections
stress,2026-09-10T10:46:05+07:00,500,906.651,PDOException,SQLSTATE[HY000] [1040] Too many connections
stress,2026-09-10T10:46:06+07:00,500,914.643,PDOException,SQLSTATE[HY000] [1040] Too many connections
stress,2026-09-10T10:46:06+07:00,500,868.049,PDOException,SQLSTATE[HY000] [1040] Too many connections
stress,2026-09-10T10:46:06+07:00,500,827.581,PDOException,SQLSTATE[HY000] [1040] Too many connections
stress,2026-09-10T10:46:06+07:00,500,882.14,PDOException,SQLSTATE[HY000] [1040] Too many connections
stress,2026-09-10T10:46:06+07:00,500,748.363,PDOException,SQLSTATE[HY000] [1040] Too many connections
stress,2026-09-10T10:46:06+07:00,500,888.183,PDOException,SQLSTATE[08004] [1040] Too many connections
stress,2026-09-10T10:46:06+07:00,500,1006.542,PDOException,SQLSTATE[08004] [1040] Too many connections
stress,2026-09-10T10:46:06+07:00,500,762.773,PDOException,SQLSTATE[HY000] [1040] Too many connections
stress,2026-09-10T10:46:06+07:00,500,1047.705,PDOException,SQLSTATE[HY000] [1040] Too many connections
stress,2026-09-10T10:46:06+07:00,500,1024.102,PDOException,SQLSTATE[HY000] [1040] Too many connections
stress,2026-09-10T10:46:06+07:00,500,777.619,PDOException,SQLSTATE[08004] [1040] Too many connections
stress,2026-09-10T10:46:06+07:00,500,1110.258,PDOException,SQLSTATE[HY000] [1040] Too many connections
stress,2026-09-10T10:46:06+07:00,500,755.129,PDOException,SQLSTATE[HY000] [1040] Too many connections
stress,2026-09-10T10:46:06+07:00,500,1049.86,PDOException,SQLSTATE[HY000] [1040] Too many connections
stress,2026-09-10T10:46:06+07:00,500,1080.112,PDOException,SQLSTATE[HY000] [1040] Too many connections
stress,2026-09-10T10:46:06+07:00,500,625.035,PDOException,SQLSTATE[HY000] [1040] Too many connections
stress,2026-09-10T10:46:06+07:00,500,1113.747,PDOException,SQLSTATE[HY000] [1040] Too many connections
stress,2026-09-10T10:46:06+07:00,500,832.452,PDOException,SQLSTATE[HY000] [1040] Too many connections
stress,2026-09-10T10:46:06+07:00,500,850.905,PDOException,SQLSTATE[HY000] [1040] Too many connections
stress,2026-09-10T10:46:06+07:00,500,824.191,PDOException,SQLSTATE[HY000] [1040] Too many connections
stress,2026-09-10T10:46:06+07:00,500,1013.215,PDOException,SQLSTATE[HY000] [1040] Too many connections
stress,2026-09-10T10:46:06+07:00,500,868.806,PDOException,SQLSTATE[08004] [1040] Too many connections
stress,2026-09-10T10:46:06+07:00,500,870.31,PDOException,SQLSTATE[HY000] [1040] Too many connections
stress,2026-09-10T10:46:06+07:00,500,1004.841,PDOException,SQLSTATE[HY000] [1040] Too many connections
stress,2026-09-10T10:46:06+07:00,500,1004.948,PDOException,SQLSTATE[HY000] [1040] Too many connections
stress,2026-09-10T10:46:06+07:00,500,849.333,PDOException,SQLSTATE[HY000] [1040] Too many connections
stress,2026-09-10T10:46:07+07:00,500,1005.424,PDOException,SQLSTATE[HY000] [1040] Too many connections
stress,2026-09-10T10:46:07+07:00,500,907.983,PDOException,SQLSTATE[HY000] [1040] Too many connections
stress,2026-09-10T10:46:07+07:00,500,903.016,PDOException,SQLSTATE[HY000] [1040] Too many connections
stress,2026-09-10T10:46:07+07:00,500,1111.314,PDOException,SQLSTATE[HY000] [1040] Too many connections
stress,2026-09-10T10:46:07+07:00,500,973.215,PDOException,SQLSTATE[HY000] [1040] Too many connections
stress,2026-09-10T10:46:07+07:00,500,979.098,PDOException,SQLSTATE[HY000] [1040] Too many connections
stress,2026-09-10T10:46:07+07:00,500,991.498,PDOException,SQLSTATE[HY000] [1040] Too many connections
stress,2026-09-10T10:46:08+07:00,500,1548.485,PDOException,SQLSTATE[HY000] [1040] Too many connections
stress,2026-09-10T10:46:08+07:00,500,1322.896,PDOException,SQLSTATE[08004] [1040] Too many connections
stress,2026-09-10T10:46:08+07:00,500,1328.389,PDOException,SQLSTATE[HY000] [1040] Too many connections
stress,2026-09-10T10:46:08+07:00,500,1336.168,PDOException,SQLSTATE[HY000] [1040] Too many connections
stress,2026-09-10T10:46:08+07:00,500,1355.589,PDOException,SQLSTATE[08004] [1040] Too many connections
stress,2026-09-10T10:46:08+07:00,500,1494.157,PDOException,SQLSTATE[HY000] [1040] Too many connections
stress,2026-09-10T10:46:08+07:00,500,1501.705,PDOException,SQLSTATE[HY000] [1040] Too many connections
stress,2026-09-10T10:46:08+07:00,500,1527.163,PDOException,SQLSTATE[HY000] [1040] Too many connections
stress,2026-09-10T10:46:08+07:00,500,1534.066,PDOException,SQLSTATE[HY000] [1040] Too many connections
stress,2026-09-10T10:46:08+07:00,500,1429.592,PDOException,SQLSTATE[HY000] [1040] Too many connections
stress,2026-09-10T10:46:08+07:00,500,1538.556,PDOException,SQLSTATE[HY000] [1040] Too many connections
stress,2026-09-10T10:46:08+07:00,500,1432.533,PDOException,SQLSTATE[HY000] [1040] Too many connections
stress,2026-09-10T10:46:08+07:00,500,1380.241,PDOException,SQLSTATE[HY000] [1040] Too many connections
stress,2026-09-10T10:46:08+07:00,500,1558.664,PDOException,SQLSTATE[HY000] [1040] Too many connections
stress,2026-09-10T10:46:08+07:00,500,1261.765,PDOException,SQLSTATE[HY000] [1040] Too many connections
stress,2026-09-10T10:46:08+07:00,500,1594.205,PDOException,SQLSTATE[HY000] [1040] Too many connections
stress,2026-09-10T10:46:08+07:00,500,1461.098,PDOException,SQLSTATE[HY000] [1040] Too many connections
stress,2026-09-10T10:46:08+07:00,500,1214.372,PDOException,SQLSTATE[HY000] [1040] Too many connections
stress,2026-09-10T10:46:08+07:00,500,1218.817,PDOException,SQLSTATE[HY000] [1040] Too many connections
stress,2026-09-10T10:46:08+07:00,500,1267.597,PDOException,SQLSTATE[HY000] [1040] Too many connections
stress,2026-09-10T10:46:08+07:00,500,1543.003,PDOException,SQLSTATE[HY000] [1040] Too many connections
stress,2026-09-10T10:46:09+07:00,500,867.522,PDOException,SQLSTATE[HY000] [1040] Too many connections
stress,2026-09-10T10:46:09+07:00,500,823.106,PDOException,SQLSTATE[HY000] [1040] Too many connections
stress,2026-09-10T10:46:09+07:00,500,1016.467,PDOException,SQLSTATE[08004] [1040] Too many connections
stress,2026-09-10T10:46:09+07:00,500,1603.709,PDOException,SQLSTATE[HY000] [1040] Too many connections
stress,2026-09-10T10:46:09+07:00,500,941.519,PDOException,SQLSTATE[08004] [1040] Too many connections
stress,2026-09-10T10:46:09+07:00,500,951.862,PDOException,SQLSTATE[HY000] [1040] Too many connections
stress,2026-09-10T10:46:09+07:00,500,953.509,PDOException,SQLSTATE[HY000] [1040] Too many connections
stress,2026-09-10T10:46:09+07:00,500,1532.749,PDOException,SQLSTATE[HY000] [1040] Too many connections
stress,2026-09-10T10:46:09+07:00,500,1391.355,PDOException,SQLSTATE[08004] [1040] Too many connections
stress,2026-09-10T10:46:09+07:00,500,822.677,PDOException,SQLSTATE[HY000] [1040] Too many connections
stress,2026-09-10T10:46:09+07:00,500,824.311,PDOException,SQLSTATE[HY000] [1040] Too many connections
stress,2026-09-10T10:46:09+07:00,500,989.72,PDOException,SQLSTATE[HY000] [1040] Too many connections
stress,2026-09-10T10:46:09+07:00,500,811.66,PDOException,SQLSTATE[HY000] [1040] Too many connections
stress,2026-09-10T10:46:09+07:00,500,899.112,PDOException,SQLSTATE[HY000] [1040] Too many connections
stress,2026-09-10T10:46:09+07:00,500,1136.263,PDOException,SQLSTATE[HY000] [1040] Too many connections
stress,2026-09-10T10:46:09+07:00,500,910.423,PDOException,SQLSTATE[HY000] [1040] Too many connections
stress,2026-09-10T10:46:09+07:00,500,919.131,PDOException,SQLSTATE[HY000] [1040] Too many connections
stress,2026-09-10T10:46:09+07:00,500,876.946,PDOException,SQLSTATE[HY000] [1040] Too many connections
stress,2026-09-10T10:46:09+07:00,500,896.878,PDOException,SQLSTATE[HY000] [1040] Too many connections
stress,2026-09-10T10:46:09+07:00,500,959.207,PDOException,SQLSTATE[HY000] [1040] Too many connections
stress,2026-09-10T10:46:09+07:00,500,1052.739,PDOException,SQLSTATE[HY000] [1040] Too many connections
stress,2026-09-10T10:46:10+07:00,500,1387.255,PDOException,SQLSTATE[HY000] [1040] Too many connections
stress,2026-09-10T10:46:10+07:00,500,1258.025,PDOException,SQLSTATE[HY000] [1040] Too many connections
stress,2026-09-10T10:46:10+07:00,500,1054.817,PDOException,SQLSTATE[HY000] [1040] Too many connections
stress,2026-09-10T10:46:10+07:00,500,1391.284,PDOException,SQLSTATE[HY000] [1040] Too many connections
stress,2026-09-10T10:46:10+07:00,500,1410.565,PDOException,SQLSTATE[HY000] [1040] Too many connections
stress,2026-09-10T10:46:10+07:00,500,1204.164,PDOException,SQLSTATE[HY000] [1040] Too many connections
stress,2026-09-10T10:46:10+07:00,500,1229.548,PDOException,SQLSTATE[HY000] [1040] Too many connections
stress,2026-09-10T10:46:10+07:00,500,1438.007,PDOException,SQLSTATE[HY000] [1040] Too many connections
stress,2026-09-10T10:46:10+07:00,500,1241.175,PDOException,SQLSTATE[HY000] [1040] Too many connections
stress,2026-09-10T10:46:10+07:00,500,1328.527,PDOException,SQLSTATE[HY000] [1040] Too many connections
stress,2026-09-10T10:46:10+07:00,500,1145.03,PDOException,SQLSTATE[HY000] [1040] Too many connections
stress,2026-09-10T10:46:10+07:00,500,1130.341,PDOException,SQLSTATE[HY000] [1040] Too many connections
stress,2026-09-10T10:46:10+07:00,500,1218.223,PDOException,SQLSTATE[HY000] [1040] Too many connections
stress,2026-09-10T10:46:10+07:00,500,1249.618,PDOException,SQLSTATE[HY000] [1040] Too many connections
stress,2026-09-10T10:46:11+07:00,500,1161.462,PDOException,SQLSTATE[HY000] [1040] Too many connections
stress,2026-09-10T10:46:11+07:00,500,1036.144,PDOException,SQLSTATE[HY000] [1040] Too many connections
stress,2026-09-10T10:46:11+07:00,500,1264.218,PDOException,SQLSTATE[HY000] [1040] Too many connections
stress,2026-09-10T10:46:11+07:00,500,1024.172,PDOException,SQLSTATE[HY000] [1040] Too many connections
stress,2026-09-10T10:46:11+07:00,500,1075.617,PDOException,SQLSTATE[HY000] [1040] Too many connections
stress,2026-09-10T10:46:11+07:00,500,1070.304,PDOException,SQLSTATE[HY000] [1040] Too many connections
stress,2026-09-10T10:46:11+07:00,500,1172.997,PDOException,SQLSTATE[HY000] [1040] Too many connections
stress,2026-09-10T10:46:11+07:00,500,1005.238,PDOException,SQLSTATE[HY000] [1040] Too many connections
stress,2026-09-10T10:46:11+07:00,500,912.278,PDOException,SQLSTATE[HY000] [1040] Too many connections
stress,2026-09-10T10:46:11+07:00,500,856.402,PDOException,SQLSTATE[HY000] [1040] Too many connections
stress,2026-09-10T10:46:11+07:00,500,917.548,PDOException,SQLSTATE[HY000] [1040] Too many connections
stress,2026-09-10T10:46:11+07:00,500,939.615,PDOException,SQLSTATE[HY000] [1040] Too many connections
stress,2026-09-10T10:46:11+07:00,500,901.832,PDOException,SQLSTATE[HY000] [1040] Too many connections
stress,2026-09-10T10:46:11+07:00,500,1026.832,PDOException,SQLSTATE[HY000] [1040] Too many connections
stress,2026-09-10T10:46:11+07:00,500,999.915,PDOException,SQLSTATE[HY000] [1040] Too many connections
stress,2026-09-10T10:46:11+07:00,500,942.261,PDOException,SQLSTATE[HY000] [1040] Too many connections
stress,2026-09-10T10:46:11+07:00,500,916.613,PDOException,SQLSTATE[HY000] [1040] Too many connections
stress,2026-09-10T10:46:11+07:00,500,988.761,PDOException,SQLSTATE[HY000] [1040] Too many connections
stress,2026-09-10T10:46:12+07:00,500,823.835,PDOException,SQLSTATE[HY000] [1040] Too many connections
stress,2026-09-10T10:46:12+07:00,500,1022.334,PDOException,SQLSTATE[08004] [1040] Too many connections
stress,2026-09-10T10:46:12+07:00,500,1008.511,PDOException,SQLSTATE[HY000] [1040] Too many connections
stress,2026-09-10T10:46:12+07:00,500,1071.644,PDOException,SQLSTATE[HY000] [1040] Too many connections
stress,2026-09-10T10:46:12+07:00,500,893.477,PDOException,SQLSTATE[HY000] [1040] Too many connections
stress,2026-09-10T10:46:12+07:00,500,902.431,PDOException,SQLSTATE[HY000] [1040] Too many connections
stress,2026-09-10T10:46:12+07:00,500,914.528,PDOException,SQLSTATE[HY000] [1040] Too many connections
stress,2026-09-10T10:46:12+07:00,500,1049.486,PDOException,SQLSTATE[HY000] [1040] Too many connections
stress,2026-09-10T10:46:12+07:00,500,818.561,PDOException,SQLSTATE[HY000] [1040] Too many connections
stress,2026-09-10T10:46:12+07:00,500,993.503,PDOException,SQLSTATE[HY000] [1040] Too many connections
stress,2026-09-10T10:46:12+07:00,500,1148.62,PDOException,SQLSTATE[HY000] [1040] Too many connections
stress,2026-09-10T10:46:12+07:00,500,1062.857,PDOException,SQLSTATE[HY000] [1040] Too many connections
stress,2026-09-10T10:46:12+07:00,500,866.329,PDOException,SQLSTATE[HY000] [1040] Too many connections
stress,2026-09-10T10:46:12+07:00,500,867.254,PDOException,SQLSTATE[HY000] [1040] Too many connections
stress,2026-09-10T10:46:12+07:00,500,816.404,PDOException,SQLSTATE[HY000] [1040] Too many connections
stress,2026-09-10T10:46:12+07:00,500,1130.652,PDOException,SQLSTATE[HY000] [1040] Too many connections
stress,2026-09-10T10:46:12+07:00,500,1107.289,PDOException,SQLSTATE[HY000] [1040] Too many connections
stress,2026-09-10T10:46:12+07:00,500,1153.324,PDOException,SQLSTATE[HY000] [1040] Too many connections
stress,2026-09-10T10:46:12+07:00,500,1116.594,PDOException,SQLSTATE[HY000] [1040] Too many connections
stress,2026-09-10T10:46:12+07:00,500,1131.903,PDOException,SQLSTATE[HY000] [1040] Too many connections
stress,2026-09-10T10:46:12+07:00,500,910.804,PDOException,SQLSTATE[08004] [1040] Too many connections
stress,2026-09-10T10:46:12+07:00,500,952.584,PDOException,SQLSTATE[HY000] [1040] Too many connections
stress,2026-09-10T10:46:12+07:00,500,1047.618,PDOException,SQLSTATE[HY000] [1040] Too many connections
stress,2026-09-10T10:46:12+07:00,500,1168.837,PDOException,SQLSTATE[HY000] [1040] Too many connections
stress,2026-09-10T10:46:13+07:00,500,880.465,PDOException,SQLSTATE[HY000] [1040] Too many connections
stress,2026-09-10T10:46:13+07:00,500,1053.269,PDOException,SQLSTATE[HY000] [1040] Too many connections
stress,2026-09-10T10:46:13+07:00,500,1076.512,PDOException,SQLSTATE[HY000] [1040] Too many connections
stress,2026-09-10T10:46:13+07:00,500,1075.933,PDOException,SQLSTATE[HY000] [1040] Too many connections
stress,2026-09-10T10:46:13+07:00,500,1012.107,PDOException,SQLSTATE[HY000] [1040] Too many connections
stress,2026-09-10T10:46:13+07:00,500,1130.3,PDOException,SQLSTATE[HY000] [1040] Too many connections
stress,2026-09-10T10:46:13+07:00,500,1079.328,PDOException,SQLSTATE[HY000] [1040] Too many connections
stress,2026-09-10T10:46:13+07:00,500,1139.865,PDOException,SQLSTATE[HY000] [1040] Too many connections
stress,2026-09-10T10:46:13+07:00,500,1036.619,PDOException,SQLSTATE[HY000] [1040] Too many connections
stress,2026-09-10T10:46:13+07:00,500,1049.661,PDOException,SQLSTATE[HY000] [1040] Too many connections
stress,2026-09-10T10:46:13+07:00,500,1174.233,PDOException,SQLSTATE[HY000] [1040] Too many connections
stress,2026-09-10T10:46:13+07:00,500,1044.94,PDOException,SQLSTATE[HY000] [1040] Too many connections
stress,2026-09-10T10:46:13+07:00,500,1045.704,PDOException,SQLSTATE[HY000] [1040] Too many connections
stress,2026-09-10T10:46:13+07:00,500,1186.425,PDOException,SQLSTATE[HY000] [1040] Too many connections
stress,2026-09-10T10:46:14+07:00,500,1038.759,PDOException,SQLSTATE[HY000] [1040] Too many connections
stress,2026-09-10T10:46:14+07:00,500,1137.19,PDOException,SQLSTATE[HY000] [1040] Too many connections
stress,2026-09-10T10:46:14+07:00,500,1166.385,PDOException,SQLSTATE[HY000] [1040] Too many connections
stress,2026-09-10T10:46:14+07:00,500,1053.565,PDOException,SQLSTATE[HY000] [1040] Too many connections
stress,2026-09-10T10:46:14+07:00,500,1149.194,PDOException,SQLSTATE[HY000] [1040] Too many connections
stress,2026-09-10T10:46:14+07:00,500,1116.462,PDOException,SQLSTATE[HY000] [1040] Too many connections
stress,2026-09-10T10:46:14+07:00,500,1010.856,PDOException,SQLSTATE[HY000] [1040] Too many connections
stress,2026-09-10T10:46:14+07:00,500,1234.598,PDOException,SQLSTATE[HY000] [1040] Too many connections
stress,2026-09-10T10:46:14+07:00,500,1216.761,PDOException,SQLSTATE[HY000] [1040] Too many connections
stress,2026-09-10T10:46:14+07:00,500,1033.809,PDOException,SQLSTATE[HY000] [1040] Too many connections
stress,2026-09-10T10:46:14+07:00,500,934.883,PDOException,SQLSTATE[HY000] [1040] Too many connections
stress,2026-09-10T10:46:14+07:00,500,994.444,PDOException,SQLSTATE[HY000] [1040] Too many connections
stress,2026-09-10T10:46:14+07:00,500,941.413,PDOException,SQLSTATE[HY000] [1040] Too many connections
stress,2026-09-10T10:46:14+07:00,500,1169.316,PDOException,SQLSTATE[HY000] [1040] Too many connections
stress,2026-09-10T10:46:14+07:00,500,990.471,PDOException,SQLSTATE[HY000] [1040] Too many connections
stress,2026-09-10T10:46:14+07:00,500,757.159,PDOException,SQLSTATE[08004] [1040] Too many connections
stress,2026-09-10T10:46:14+07:00,500,1020.236,PDOException,SQLSTATE[HY000] [1040] Too many connections
stress,2026-09-10T10:46:14+07:00,500,1079.309,PDOException,SQLSTATE[HY000] [1040] Too many connections
stress,2026-09-10T10:46:14+07:00,500,836.217,PDOException,SQLSTATE[HY000] [1040] Too many connections
stress,2026-09-10T10:46:14+07:00,500,993.158,PDOException,SQLSTATE[HY000] [1040] Too many connections
stress,2026-09-10T10:46:14+07:00,500,811.648,PDOException,SQLSTATE[HY000] [1040] Too many connections
stress,2026-09-10T10:46:14+07:00,500,817.431,PDOException,SQLSTATE[08004] [1040] Too many connections
stress,2026-09-10T10:46:15+07:00,500,910.238,PDOException,SQLSTATE[HY000] [1040] Too many connections
stress,2026-09-10T10:46:15+07:00,500,1037.284,PDOException,SQLSTATE[HY000] [1040] Too many connections
stress,2026-09-10T10:46:15+07:00,500,1190.258,PDOException,SQLSTATE[HY000] [1040] Too many connections
stress,2026-09-10T10:46:15+07:00,500,987.926,PDOException,SQLSTATE[HY000] [1040] Too many connections
stress,2026-09-10T10:46:15+07:00,500,1071.718,PDOException,SQLSTATE[08004] [1040] Too many connections
stress,2026-09-10T10:46:15+07:00,500,1210.743,PDOException,SQLSTATE[HY000] [1040] Too many connections
stress,2026-09-10T10:46:15+07:00,500,965.427,PDOException,SQLSTATE[HY000] [1040] Too many connections
stress,2026-09-10T10:46:15+07:00,500,868.163,PDOException,SQLSTATE[HY000] [1040] Too many connections
stress,2026-09-10T10:46:15+07:00,500,1059,PDOException,SQLSTATE[HY000] [1040] Too many connections
stress,2026-09-10T10:46:15+07:00,500,1241.239,PDOException,SQLSTATE[HY000] [1040] Too many connections
stress,2026-09-10T10:46:15+07:00,500,903.76,PDOException,SQLSTATE[HY000] [1040] Too many connections
stress,2026-09-10T10:46:15+07:00,500,1049.492,PDOException,SQLSTATE[HY000] [1040] Too many connections
stress,2026-09-10T10:46:15+07:00,500,1175.548,PDOException,SQLSTATE[HY000] [1040] Too many connections
stress,2026-09-10T10:46:15+07:00,500,999.951,PDOException,SQLSTATE[08004] [1040] Too many connections
stress,2026-09-10T10:46:15+07:00,500,1022.271,PDOException,SQLSTATE[HY000] [1040] Too many connections
stress,2026-09-10T10:46:15+07:00,500,1035.201,PDOException,SQLSTATE[HY000] [1040] Too many connections
stress,2026-09-10T10:46:15+07:00,500,1171.07,PDOException,SQLSTATE[HY000] [1040] Too many connections
stress,2026-09-10T10:46:15+07:00,500,1190.502,PDOException,SQLSTATE[HY000] [1040] Too many connections
stress,2026-09-10T10:46:15+07:00,500,921.135,PDOException,SQLSTATE[HY000] [1040] Too many connections
stress,2026-09-10T10:46:15+07:00,500,1015.719,PDOException,SQLSTATE[HY000] [1040] Too many connections
stress,2026-09-10T10:46:15+07:00,500,931.696,PDOException,SQLSTATE[HY000] [1040] Too many connections
stress,2026-09-10T10:46:15+07:00,500,1116.387,PDOException,SQLSTATE[HY000] [1040] Too many connections
stress,2026-09-10T10:46:15+07:00,500,878.937,PDOException,SQLSTATE[HY000] [1040] Too many connections
stress,2026-09-10T10:46:15+07:00,500,973.399,PDOException,SQLSTATE[HY000] [1040] Too many connections
stress,2026-09-10T10:46:15+07:00,500,925.354,PDOException,SQLSTATE[HY000] [1040] Too many connections
stress,2026-09-10T10:46:15+07:00,500,1016.518,PDOException,SQLSTATE[HY000] [1040] Too many connections
stress,2026-09-10T10:46:16+07:00,500,980.475,PDOException,SQLSTATE[HY000] [1040] Too many connections
stress,2026-09-10T10:46:16+07:00,500,1027.663,PDOException,SQLSTATE[HY000] [1040] Too many connections
stress,2026-09-10T10:46:16+07:00,500,901.976,PDOException,SQLSTATE[HY000] [1040] Too many connections
stress,2026-09-10T10:46:16+07:00,500,1022.365,PDOException,SQLSTATE[HY000] [1040] Too many connections
stress,2026-09-10T10:46:16+07:00,500,1041.879,PDOException,SQLSTATE[HY000] [1040] Too many connections
stress,2026-09-10T10:46:16+07:00,500,1013.592,PDOException,SQLSTATE[HY000] [1040] Too many connections
stress,2026-09-10T10:46:16+07:00,500,1123.816,PDOException,SQLSTATE[HY000] [1040] Too many connections
stress,2026-09-10T10:46:16+07:00,500,887.042,PDOException,SQLSTATE[HY000] [1040] Too many connections
stress,2026-09-10T10:46:16+07:00,500,1021.665,PDOException,SQLSTATE[HY000] [1040] Too many connections
stress,2026-09-10T10:46:16+07:00,500,1115.576,PDOException,SQLSTATE[HY000] [1040] Too many connections
stress,2026-09-10T10:46:16+07:00,500,1000.256,PDOException,SQLSTATE[HY000] [1040] Too many connections
stress,2026-09-10T10:46:16+07:00,500,932.382,PDOException,SQLSTATE[HY000] [1040] Too many connections
stress,2026-09-10T10:46:16+07:00,500,948.926,PDOException,SQLSTATE[HY000] [1040] Too many connections
stress,2026-09-10T10:46:16+07:00,500,981.775,PDOException,SQLSTATE[HY000] [1040] Too many connections
stress,2026-09-10T10:46:16+07:00,500,1033.555,PDOException,SQLSTATE[HY000] [1040] Too many connections
stress,2026-09-10T10:46:16+07:00,500,1084.471,PDOException,SQLSTATE[HY000] [1040] Too many connections
stress,2026-09-10T10:46:16+07:00,500,1026.852,PDOException,SQLSTATE[HY000] [1040] Too many connections
stress,2026-09-10T10:46:16+07:00,500,1013.177,PDOException,SQLSTATE[HY000] [1040] Too many connections
stress,2026-09-10T10:46:16+07:00,500,933.914,PDOException,SQLSTATE[HY000] [1040] Too many connections
stress,2026-09-10T10:46:16+07:00,500,849.984,PDOException,SQLSTATE[HY000] [1040] Too many connections
stress,2026-09-10T10:46:16+07:00,500,823.088,PDOException,SQLSTATE[08004] [1040] Too many connections
stress,2026-09-10T10:46:16+07:00,500,1114.981,PDOException,SQLSTATE[HY000] [1040] Too many connections
stress,2026-09-10T10:46:17+07:00,500,1000.203,PDOException,SQLSTATE[HY000] [1040] Too many connections
stress,2026-09-10T10:46:17+07:00,500,1010.273,PDOException,SQLSTATE[HY000] [1040] Too many connections
stress,2026-09-10T10:46:17+07:00,500,894.085,PDOException,SQLSTATE[HY000] [1040] Too many connections
stress,2026-09-10T10:46:17+07:00,500,1042.315,PDOException,SQLSTATE[HY000] [1040] Too many connections
stress,2026-09-10T10:46:17+07:00,500,1028.124,PDOException,SQLSTATE[HY000] [1040] Too many connections
stress,2026-09-10T10:46:17+07:00,500,1005.981,PDOException,SQLSTATE[HY000] [1040] Too many connections
stress,2026-09-10T10:46:17+07:00,500,948.776,PDOException,SQLSTATE[HY000] [1040] Too many connections
stress,2026-09-10T10:46:17+07:00,500,957.534,PDOException,SQLSTATE[HY000] [1040] Too many connections
stress,2026-09-10T10:46:17+07:00,500,945.486,PDOException,SQLSTATE[HY000] [1040] Too many connections
stress,2026-09-10T10:46:17+07:00,500,1004.012,PDOException,SQLSTATE[HY000] [1040] Too many connections
stress,2026-09-10T10:46:17+07:00,500,1161.266,PDOException,SQLSTATE[HY000] [1040] Too many connections
stress,2026-09-10T10:46:17+07:00,500,1012.335,PDOException,SQLSTATE[HY000] [1040] Too many connections
stress,2026-09-10T10:46:17+07:00,500,946.935,PDOException,SQLSTATE[HY000] [1040] Too many connections
stress,2026-09-10T10:46:17+07:00,500,1047.921,PDOException,SQLSTATE[HY000] [1040] Too many connections
stress,2026-09-10T10:46:17+07:00,500,941.506,PDOException,SQLSTATE[HY000] [1040] Too many connections
stress,2026-09-10T10:46:17+07:00,500,1163.665,PDOException,SQLSTATE[HY000] [1040] Too many connections
stress,2026-09-10T10:46:17+07:00,500,960.291,PDOException,SQLSTATE[HY000] [1040] Too many connections
stress,2026-09-10T10:46:17+07:00,500,1137.719,PDOException,SQLSTATE[HY000] [1040] Too many connections
stress,2026-09-10T10:46:17+07:00,500,912.213,PDOException,SQLSTATE[HY000] [1040] Too many connections
stress,2026-09-10T10:46:17+07:00,500,1023.306,PDOException,SQLSTATE[HY000] [1040] Too many connections
stress,2026-09-10T10:46:17+07:00,500,1018.091,PDOException,SQLSTATE[HY000] [1040] Too many connections
stress,2026-09-10T10:46:17+07:00,500,948.649,PDOException,SQLSTATE[HY000] [1040] Too many connections
stress,2026-09-10T10:46:17+07:00,500,1028.177,PDOException,SQLSTATE[HY000] [1040] Too many connections
stress,2026-09-10T10:46:17+07:00,500,944.197,PDOException,SQLSTATE[HY000] [1040] Too many connections
stress,2026-09-10T10:46:17+07:00,500,1055.996,PDOException,SQLSTATE[HY000] [1040] Too many connections
stress,2026-09-10T10:46:17+07:00,500,879.272,PDOException,SQLSTATE[HY000] [1040] Too many connections
stress,2026-09-10T10:46:17+07:00,500,1020.412,PDOException,SQLSTATE[HY000] [1040] Too many connections
stress,2026-09-10T10:46:18+07:00,500,1070.557,PDOException,SQLSTATE[HY000] [1040] Too many connections
stress,2026-09-10T10:46:18+07:00,500,988.834,PDOException,SQLSTATE[HY000] [1040] Too many connections
stress,2026-09-10T10:46:18+07:00,500,1000.006,PDOException,SQLSTATE[HY000] [1040] Too many connections
stress,2026-09-10T10:46:18+07:00,500,1102.046,PDOException,SQLSTATE[HY000] [1040] Too many connections
stress,2026-09-10T10:46:18+07:00,500,1106.337,PDOException,SQLSTATE[HY000] [1040] Too many connections
stress,2026-09-10T10:46:18+07:00,500,1068.068,PDOException,SQLSTATE[HY000] [1040] Too many connections
stress,2026-09-10T10:46:18+07:00,500,1115.029,PDOException,SQLSTATE[HY000] [1040] Too many connections
stress,2026-09-10T10:46:18+07:00,500,1152.728,PDOException,SQLSTATE[HY000] [1040] Too many connections
stress,2026-09-10T10:46:18+07:00,500,1061.037,PDOException,SQLSTATE[HY000] [1040] Too many connections
stress,2026-09-10T10:46:18+07:00,500,1183.177,PDOException,SQLSTATE[HY000] [1040] Too many connections
stress,2026-09-10T10:46:18+07:00,500,1060.976,PDOException,SQLSTATE[HY000] [1040] Too many connections
stress,2026-09-10T10:46:18+07:00,500,1326.384,PDOException,SQLSTATE[HY000] [1040] Too many connections
stress,2026-09-10T10:46:18+07:00,500,1289.908,PDOException,SQLSTATE[HY000] [1040] Too many connections
stress,2026-09-10T10:46:18+07:00,500,1193.136,PDOException,SQLSTATE[HY000] [1040] Too many connections
stress,2026-09-10T10:46:19+07:00,500,1028.723,PDOException,SQLSTATE[HY000] [1040] Too many connections
stress,2026-09-10T10:46:19+07:00,500,1201.981,PDOException,SQLSTATE[HY000] [1040] Too many connections
stress,2026-09-10T10:46:19+07:00,500,1251.069,PDOException,SQLSTATE[HY000] [1040] Too many connections
stress,2026-09-10T10:46:19+07:00,500,1275.465,PDOException,SQLSTATE[HY000] [1040] Too many connections
stress,2026-09-10T10:46:19+07:00,500,1171.688,PDOException,SQLSTATE[HY000] [1040] Too many connections
stress,2026-09-10T10:46:19+07:00,500,1056.053,PDOException,SQLSTATE[HY000] [1040] Too many connections
stress,2026-09-10T10:46:19+07:00,500,1035.697,PDOException,SQLSTATE[HY000] [1040] Too many connections
stress,2026-09-10T10:46:19+07:00,500,1138.57,PDOException,SQLSTATE[HY000] [1040] Too many connections
stress,2026-09-10T10:46:19+07:00,500,1173.399,PDOException,SQLSTATE[HY000] [1040] Too many connections
stress,2026-09-10T10:46:19+07:00,500,1218.507,PDOException,SQLSTATE[HY000] [1040] Too many connections
stress,2026-09-10T10:46:19+07:00,500,1188.236,PDOException,SQLSTATE[HY000] [1040] Too many connections
stress,2026-09-10T10:46:19+07:00,500,1145.614,PDOException,SQLSTATE[08004] [1040] Too many connections
stress,2026-09-10T10:46:19+07:00,500,1181.758,PDOException,SQLSTATE[HY000] [1040] Too many connections
stress,2026-09-10T10:46:19+07:00,500,1120.917,PDOException,SQLSTATE[HY000] [1040] Too many connections
stress,2026-09-10T10:46:19+07:00,500,1130.483,PDOException,SQLSTATE[HY000] [1040] Too many connections
stress,2026-09-10T10:46:19+07:00,500,902.704,PDOException,SQLSTATE[HY000] [1040] Too many connections
stress,2026-09-10T10:46:19+07:00,500,1085.035,PDOException,SQLSTATE[HY000] [1040] Too many connections
stress,2026-09-10T10:46:19+07:00,500,925.027,PDOException,SQLSTATE[HY000] [1040] Too many connections
stress,2026-09-10T10:46:19+07:00,500,1080.253,PDOException,SQLSTATE[HY000] [1040] Too many connections
stress,2026-09-10T10:46:19+07:00,500,966.166,PDOException,SQLSTATE[HY000] [1040] Too many connections
stress,2026-09-10T10:46:19+07:00,500,910.077,PDOException,SQLSTATE[HY000] [1040] Too many connections
stress,2026-09-10T10:46:19+07:00,500,988.009,PDOException,SQLSTATE[HY000] [1040] Too many connections
stress,2026-09-10T10:46:19+07:00,500,1003.852,PDOException,SQLSTATE[HY000] [1040] Too many connections
stress,2026-09-10T10:46:19+07:00,500,1171.583,PDOException,SQLSTATE[HY000] [1040] Too many connections
stress,2026-09-10T10:46:19+07:00,500,1145.641,PDOException,SQLSTATE[HY000] [1040] Too many connections
stress,2026-09-10T10:46:19+07:00,500,934.899,PDOException,SQLSTATE[HY000] [1040] Too many connections
stress,2026-09-10T10:46:19+07:00,500,844.24,PDOException,SQLSTATE[HY000] [1040] Too many connections
stress,2026-09-10T10:46:19+07:00,500,1146.992,PDOException,SQLSTATE[HY000] [1040] Too many connections
stress,2026-09-10T10:46:19+07:00,500,928.959,PDOException,SQLSTATE[HY000] [1040] Too many connections
stress,2026-09-10T10:46:20+07:00,500,1016.352,PDOException,SQLSTATE[HY000] [1040] Too many connections
stress,2026-09-10T10:46:20+07:00,500,1045.695,PDOException,SQLSTATE[HY000] [1040] Too many connections
stress,2026-09-10T10:46:20+07:00,500,911.293,PDOException,SQLSTATE[HY000] [1040] Too many connections
stress,2026-09-10T10:46:20+07:00,500,1114.23,PDOException,SQLSTATE[HY000] [1040] Too many connections
stress,2026-09-10T10:46:20+07:00,500,930.093,PDOException,SQLSTATE[HY000] [1040] Too many connections
stress,2026-09-10T10:46:20+07:00,500,1000.882,PDOException,SQLSTATE[08004] [1040] Too many connections
stress,2026-09-10T10:46:20+07:00,500,969.649,PDOException,SQLSTATE[HY000] [1040] Too many connections
stress,2026-09-10T10:46:20+07:00,500,1041.309,PDOException,SQLSTATE[HY000] [1040] Too many connections
stress,2026-09-10T10:46:20+07:00,500,1086.658,PDOException,SQLSTATE[HY000] [1040] Too many connections
stress,2026-09-10T10:46:20+07:00,500,1168.42,PDOException,SQLSTATE[HY000] [1040] Too many connections
stress,2026-09-10T10:46:20+07:00,500,1014.626,PDOException,SQLSTATE[HY000] [1040] Too many connections
stress,2026-09-10T10:46:20+07:00,500,964.484,PDOException,SQLSTATE[HY000] [1040] Too many connections
stress,2026-09-10T10:46:20+07:00,500,1175.715,PDOException,SQLSTATE[HY000] [1040] Too many connections
stress,2026-09-10T10:46:20+07:00,500,1044.402,PDOException,SQLSTATE[HY000] [1040] Too many connections
stress,2026-09-10T10:46:20+07:00,500,1168.771,PDOException,SQLSTATE[HY000] [1040] Too many connections
stress,2026-09-10T10:46:20+07:00,500,1050.115,PDOException,SQLSTATE[HY000] [1040] Too many connections
stress,2026-09-10T10:46:20+07:00,500,1081.945,PDOException,SQLSTATE[HY000] [1040] Too many connections
stress,2026-09-10T10:46:20+07:00,500,1038.565,PDOException,SQLSTATE[HY000] [1040] Too many connections
stress,2026-09-10T10:46:20+07:00,500,1056.277,PDOException,SQLSTATE[HY000] [1040] Too many connections
stress,2026-09-10T10:46:20+07:00,500,996.119,PDOException,SQLSTATE[HY000] [1040] Too many connections
stress,2026-09-10T10:46:20+07:00,500,904.503,PDOException,SQLSTATE[HY000] [1040] Too many connections
stress,2026-09-10T10:46:21+07:00,500,1053.279,PDOException,SQLSTATE[HY000] [1040] Too many connections
stress,2026-09-10T10:46:21+07:00,500,1091.756,PDOException,SQLSTATE[HY000] [1040] Too many connections
stress,2026-09-10T10:46:21+07:00,500,1188.749,PDOException,SQLSTATE[HY000] [1040] Too many connections
stress,2026-09-10T10:46:21+07:00,500,1051.59,PDOException,SQLSTATE[HY000] [1040] Too many connections
stress,2026-09-10T10:46:21+07:00,500,1188.686,PDOException,SQLSTATE[HY000] [1040] Too many connections
stress,2026-09-10T10:46:21+07:00,500,1010.126,PDOException,SQLSTATE[HY000] [1040] Too many connections
stress,2026-09-10T10:46:21+07:00,500,1050.148,PDOException,SQLSTATE[HY000] [1040] Too many connections
stress,2026-09-10T10:46:21+07:00,500,1029.542,PDOException,SQLSTATE[HY000] [1040] Too many connections
stress,2026-09-10T10:46:21+07:00,500,1053.76,PDOException,SQLSTATE[HY000] [1040] Too many connections
stress,2026-09-10T10:46:21+07:00,500,1068.194,PDOException,SQLSTATE[HY000] [1040] Too many connections
stress,2026-09-10T10:46:21+07:00,500,1048.074,PDOException,SQLSTATE[HY000] [1040] Too many connections
stress,2026-09-10T10:46:21+07:00,500,1221.721,PDOException,SQLSTATE[HY000] [1040] Too many connections
stress,2026-09-10T10:46:21+07:00,500,1112.34,PDOException,SQLSTATE[HY000] [1040] Too many connections
stress,2026-09-10T10:46:21+07:00,500,1142.735,PDOException,SQLSTATE[HY000] [1040] Too many connections
stress,2026-09-10T10:46:21+07:00,500,1024.184,PDOException,SQLSTATE[HY000] [1040] Too many connections
stress,2026-09-10T10:46:21+07:00,500,1048.105,PDOException,SQLSTATE[HY000] [1040] Too many connections
stress,2026-09-10T10:46:21+07:00,500,1047.499,PDOException,SQLSTATE[HY000] [1040] Too many connections
stress,2026-09-10T10:46:21+07:00,500,964.778,PDOException,SQLSTATE[HY000] [1040] Too many connections
stress,2026-09-10T10:46:21+07:00,500,1003.434,PDOException,SQLSTATE[HY000] [1040] Too many connections
stress,2026-09-10T10:46:21+07:00,500,1028.389,PDOException,SQLSTATE[HY000] [1040] Too many connections
stress,2026-09-10T10:46:21+07:00,500,1083.522,PDOException,SQLSTATE[HY000] [1040] Too many connections
stress,2026-09-10T10:46:21+07:00,500,1029.415,PDOException,SQLSTATE[HY000] [1040] Too many connections
stress,2026-09-10T10:46:21+07:00,500,1164.583,PDOException,SQLSTATE[HY000] [1040] Too many connections
stress,2026-09-10T10:46:21+07:00,500,1000.041,PDOException,SQLSTATE[HY000] [1040] Too many connections
stress,2026-09-10T10:46:22+07:00,500,1269.922,PDOException,SQLSTATE[HY000] [1040] Too many connections
stress,2026-09-10T10:46:22+07:00,500,999.529,PDOException,SQLSTATE[HY000] [1040] Too many connections
stress,2026-09-10T10:46:22+07:00,500,1054.736,PDOException,SQLSTATE[HY000] [1040] Too many connections
stress,2026-09-10T10:46:22+07:00,500,952.645,PDOException,SQLSTATE[08004] [1040] Too many connections
stress,2026-09-10T10:46:22+07:00,500,1216.923,PDOException,SQLSTATE[08004] [1040] Too many connections
stress,2026-09-10T10:46:22+07:00,500,1234.688,PDOException,SQLSTATE[HY000] [1040] Too many connections
stress,2026-09-10T10:46:22+07:00,500,1264.558,PDOException,SQLSTATE[HY000] [1040] Too many connections
stress,2026-09-10T10:46:22+07:00,500,1097.416,PDOException,SQLSTATE[HY000] [1040] Too many connections
stress,2026-09-10T10:46:22+07:00,500,1143.656,PDOException,SQLSTATE[HY000] [1040] Too many connections
stress,2026-09-10T10:46:22+07:00,500,988.368,PDOException,SQLSTATE[HY000] [1040] Too many connections
stress,2026-09-10T10:46:22+07:00,500,1103.555,PDOException,SQLSTATE[HY000] [1040] Too many connections
stress,2026-09-10T10:46:22+07:00,500,1229.226,PDOException,SQLSTATE[HY000] [1040] Too many connections
stress,2026-09-10T10:46:22+07:00,500,1191.708,PDOException,SQLSTATE[HY000] [1040] Too many connections
stress,2026-09-10T10:46:22+07:00,500,1206.996,PDOException,SQLSTATE[HY000] [1040] Too many connections
stress,2026-09-10T10:46:22+07:00,500,1046.184,PDOException,SQLSTATE[HY000] [1040] Too many connections
stress,2026-09-10T10:46:22+07:00,500,1336.933,PDOException,SQLSTATE[HY000] [1040] Too many connections
stress,2026-09-10T10:46:22+07:00,500,1032.713,PDOException,SQLSTATE[HY000] [1040] Too many connections
stress,2026-09-10T10:46:22+07:00,500,1077.108,PDOException,SQLSTATE[HY000] [1040] Too many connections
stress,2026-09-10T10:46:22+07:00,500,1017.741,PDOException,SQLSTATE[HY000] [1040] Too many connections
stress,2026-09-10T10:46:22+07:00,500,977.13,PDOException,SQLSTATE[HY000] [1040] Too many connections
stress,2026-09-10T10:46:22+07:00,500,1125.346,PDOException,SQLSTATE[HY000] [1040] Too many connections
stress,2026-09-10T10:46:22+07:00,500,961.676,PDOException,SQLSTATE[HY000] [1040] Too many connections
stress,2026-09-10T10:46:22+07:00,500,1056.463,PDOException,SQLSTATE[HY000] [1040] Too many connections
stress,2026-09-10T10:46:23+07:00,500,1301.909,PDOException,SQLSTATE[HY000] [1040] Too many connections
stress,2026-09-10T10:46:23+07:00,500,1236.112,PDOException,SQLSTATE[HY000] [1040] Too many connections
stress,2026-09-10T10:46:23+07:00,500,1237.761,PDOException,SQLSTATE[HY000] [1040] Too many connections
stress,2026-09-10T10:46:23+07:00,500,1068.404,PDOException,SQLSTATE[08004] [1040] Too many connections
stress,2026-09-10T10:46:23+07:00,500,1212.296,PDOException,SQLSTATE[HY000] [1040] Too many connections
stress,2026-09-10T10:46:23+07:00,500,1176.832,PDOException,SQLSTATE[HY000] [1040] Too many connections
stress,2026-09-10T10:46:23+07:00,500,1181.928,PDOException,SQLSTATE[08004] [1040] Too many connections
stress,2026-09-10T10:46:23+07:00,500,1109.632,PDOException,SQLSTATE[HY000] [1040] Too many connections
stress,2026-09-10T10:46:23+07:00,500,1171.469,PDOException,SQLSTATE[HY000] [1040] Too many connections
stress,2026-09-10T10:46:23+07:00,500,1192.029,PDOException,SQLSTATE[HY000] [1040] Too many connections
stress,2026-09-10T10:46:23+07:00,500,1110.099,PDOException,SQLSTATE[HY000] [1040] Too many connections
stress,2026-09-10T10:46:23+07:00,500,1180.917,PDOException,SQLSTATE[HY000] [1040] Too many connections
stress,2026-09-10T10:46:23+07:00,500,1389.865,PDOException,SQLSTATE[HY000] [1040] Too many connections
stress,2026-09-10T10:46:23+07:00,500,1197.067,PDOException,SQLSTATE[HY000] [1040] Too many connections
stress,2026-09-10T10:46:23+07:00,500,1228.688,PDOException,SQLSTATE[HY000] [1040] Too many connections
stress,2026-09-10T10:46:23+07:00,500,1270.926,PDOException,SQLSTATE[HY000] [1040] Too many connections
stress,2026-09-10T10:46:23+07:00,500,1242.04,PDOException,SQLSTATE[08004] [1040] Too many connections
stress,2026-09-10T10:46:23+07:00,500,1144.451,PDOException,SQLSTATE[08004] [1040] Too many connections
stress,2026-09-10T10:46:24+07:00,500,1173.61,PDOException,SQLSTATE[HY000] [1040] Too many connections
stress,2026-09-10T10:46:24+07:00,500,1163.888,PDOException,SQLSTATE[HY000] [1040] Too many connections
stress,2026-09-10T10:46:24+07:00,500,1198.237,PDOException,SQLSTATE[HY000] [1040] Too many connections
stress,2026-09-10T10:46:24+07:00,500,1338.426,PDOException,SQLSTATE[HY000] [1040] Too many connections
stress,2026-09-10T10:46:24+07:00,500,1191.213,PDOException,SQLSTATE[HY000] [1040] Too many connections
stress,2026-09-10T10:46:24+07:00,500,1329.445,PDOException,SQLSTATE[HY000] [1040] Too many connections
stress,2026-09-10T10:46:24+07:00,500,1208.642,PDOException,SQLSTATE[HY000] [1040] Too many connections
stress,2026-09-10T10:46:24+07:00,500,1154.189,PDOException,SQLSTATE[08004] [1040] Too many connections
stress,2026-09-10T10:46:24+07:00,500,1154.957,PDOException,SQLSTATE[HY000] [1040] Too many connections
stress,2026-09-10T10:46:24+07:00,500,1294.52,PDOException,SQLSTATE[HY000] [1040] Too many connections
stress,2026-09-10T10:46:24+07:00,500,1150.284,PDOException,SQLSTATE[HY000] [1040] Too many connections
stress,2026-09-10T10:46:24+07:00,500,1197.265,PDOException,SQLSTATE[HY000] [1040] Too many connections
stress,2026-09-10T10:46:24+07:00,500,1149.677,PDOException,SQLSTATE[HY000] [1040] Too many connections
stress,2026-09-10T10:46:24+07:00,500,1003.438,PDOException,SQLSTATE[HY000] [1040] Too many connections
stress,2026-09-10T10:46:24+07:00,500,1181.617,PDOException,SQLSTATE[HY000] [1040] Too many connections
stress,2026-09-10T10:46:24+07:00,500,960.246,PDOException,SQLSTATE[HY000] [1040] Too many connections
stress,2026-09-10T10:46:24+07:00,500,1085.922,PDOException,SQLSTATE[HY000] [1040] Too many connections
stress,2026-09-10T10:46:24+07:00,500,1030.38,PDOException,SQLSTATE[08004] [1040] Too many connections
stress,2026-09-10T10:46:24+07:00,500,1318.099,PDOException,SQLSTATE[HY000] [1040] Too many connections
stress,2026-09-10T10:46:24+07:00,500,1158.26,PDOException,SQLSTATE[HY000] [1040] Too many connections
stress,2026-09-10T10:46:25+07:00,500,1388.815,PDOException,SQLSTATE[HY000] [1040] Too many connections
stress,2026-09-10T10:46:25+07:00,500,1405.254,PDOException,SQLSTATE[HY000] [1040] Too many connections
stress,2026-09-10T10:46:25+07:00,500,1340.247,PDOException,SQLSTATE[HY000] [1040] Too many connections
stress,2026-09-10T10:46:25+07:00,500,1406.833,PDOException,SQLSTATE[HY000] [1040] Too many connections
stress,2026-09-10T10:46:25+07:00,500,1411.534,PDOException,SQLSTATE[HY000] [1040] Too many connections
stress,2026-09-10T10:46:25+07:00,500,1428.768,PDOException,SQLSTATE[HY000] [1040] Too many connections
stress,2026-09-10T10:46:25+07:00,500,1343.876,PDOException,SQLSTATE[HY000] [1040] Too many connections
stress,2026-09-10T10:46:25+07:00,500,1366.423,PDOException,SQLSTATE[HY000] [1040] Too many connections
stress,2026-09-10T10:46:25+07:00,500,1370.469,PDOException,SQLSTATE[HY000] [1040] Too many connections
stress,2026-09-10T10:46:25+07:00,500,1369.047,PDOException,SQLSTATE[HY000] [1040] Too many connections
stress,2026-09-10T10:46:25+07:00,500,1399.102,PDOException,SQLSTATE[HY000] [1040] Too many connections
stress,2026-09-10T10:46:25+07:00,500,1431.923,PDOException,SQLSTATE[HY000] [1040] Too many connections
stress,2026-09-10T10:46:25+07:00,500,1429.753,PDOException,SQLSTATE[HY000] [1040] Too many connections
stress,2026-09-10T10:46:26+07:00,500,1371.581,PDOException,SQLSTATE[HY000] [1040] Too many connections
stress,2026-09-10T10:46:26+07:00,500,1435.111,PDOException,SQLSTATE[HY000] [1040] Too many connections
stress,2026-09-10T10:46:26+07:00,500,1509.389,PDOException,SQLSTATE[HY000] [1040] Too many connections
stress,2026-09-10T10:46:26+07:00,500,1467.672,PDOException,SQLSTATE[HY000] [1040] Too many connections
stress,2026-09-10T10:46:26+07:00,500,1549.042,PDOException,SQLSTATE[HY000] [1040] Too many connections
stress,2026-09-10T10:46:26+07:00,500,1454.83,PDOException,SQLSTATE[HY000] [1040] Too many connections
stress,2026-09-10T10:46:26+07:00,500,1306.44,PDOException,SQLSTATE[HY000] [1040] Too many connections
stress,2026-09-10T10:46:26+07:00,500,1350.466,PDOException,SQLSTATE[08004] [1040] Too many connections
stress,2026-09-10T10:46:26+07:00,500,1360.413,PDOException,SQLSTATE[HY000] [1040] Too many connections
stress,2026-09-10T10:46:26+07:00,500,1566.449,PDOException,SQLSTATE[HY000] [1040] Too many connections
stress,2026-09-10T10:46:26+07:00,500,1330.608,PDOException,SQLSTATE[HY000] [1040] Too many connections
stress,2026-09-10T10:46:26+07:00,500,1501.998,PDOException,SQLSTATE[HY000] [1040] Too many connections
stress,2026-09-10T10:46:26+07:00,500,1163.078,PDOException,SQLSTATE[HY000] [1040] Too many connections
stress,2026-09-10T10:46:26+07:00,500,1132.696,PDOException,SQLSTATE[08004] [1040] Too many connections
stress,2026-09-10T10:46:26+07:00,500,1084.04,PDOException,SQLSTATE[HY000] [1040] Too many connections
stress,2026-09-10T10:46:26+07:00,500,1662.642,PDOException,SQLSTATE[HY000] [1040] Too many connections
stress,2026-09-10T10:46:26+07:00,500,971.392,PDOException,SQLSTATE[08004] [1040] Too many connections
stress,2026-09-10T10:46:26+07:00,500,999.375,PDOException,SQLSTATE[HY000] [1040] Too many connections
stress,2026-09-10T10:46:26+07:00,500,1074.706,PDOException,SQLSTATE[HY000] [1040] Too many connections
stress,2026-09-10T10:46:26+07:00,500,1050.936,PDOException,SQLSTATE[HY000] [1040] Too many connections
stress,2026-09-10T10:46:26+07:00,500,1685.93,PDOException,SQLSTATE[HY000] [1040] Too many connections
stress,2026-09-10T10:46:26+07:00,500,1173.906,PDOException,SQLSTATE[HY000] [1040] Too many connections
stress,2026-09-10T10:46:26+07:00,500,1028.891,PDOException,SQLSTATE[HY000] [1040] Too many connections
stress,2026-09-10T10:46:26+07:00,500,1207.125,PDOException,SQLSTATE[HY000] [1040] Too many connections
stress,2026-09-10T10:46:26+07:00,500,1178.724,PDOException,SQLSTATE[08004] [1040] Too many connections
stress,2026-09-10T10:46:26+07:00,500,1049.039,PDOException,SQLSTATE[HY000] [1040] Too many connections
stress,2026-09-10T10:46:26+07:00,500,1195.365,PDOException,SQLSTATE[HY000] [1040] Too many connections
stress,2026-09-10T10:46:26+07:00,500,1268.905,PDOException,SQLSTATE[HY000] [1040] Too many connections
stress,2026-09-10T10:46:27+07:00,500,1128.776,PDOException,SQLSTATE[08004] [1040] Too many connections
stress,2026-09-10T10:46:27+07:00,500,1350.892,PDOException,SQLSTATE[HY000] [1040] Too many connections
stress,2026-09-10T10:46:27+07:00,500,1136.725,PDOException,SQLSTATE[HY000] [1040] Too many connections
stress,2026-09-10T10:46:27+07:00,500,1335.018,PDOException,SQLSTATE[HY000] [1040] Too many connections
stress,2026-09-10T10:46:27+07:00,500,1148.48,PDOException,SQLSTATE[HY000] [1040] Too many connections
stress,2026-09-10T10:46:27+07:00,500,1262.524,PDOException,SQLSTATE[HY000] [1040] Too many connections
stress,2026-09-10T10:46:27+07:00,500,1261.91,PDOException,SQLSTATE[HY000] [1040] Too many connections
stress,2026-09-10T10:46:27+07:00,500,1355.612,PDOException,SQLSTATE[HY000] [1040] Too many connections
stress,2026-09-10T10:46:27+07:00,500,1164.157,PDOException,SQLSTATE[HY000] [1040] Too many connections
stress,2026-09-10T10:46:27+07:00,500,1188.01,PDOException,SQLSTATE[HY000] [1040] Too many connections
stress,2026-09-10T10:46:27+07:00,500,1199.239,PDOException,SQLSTATE[HY000] [1040] Too many connections
stress,2026-09-10T10:46:27+07:00,500,1201.11,PDOException,SQLSTATE[HY000] [1040] Too many connections
stress,2026-09-10T10:46:27+07:00,500,1381.153,PDOException,SQLSTATE[08004] [1040] Too many connections
stress,2026-09-10T10:46:27+07:00,500,1120.902,PDOException,SQLSTATE[HY000] [1040] Too many connections
stress,2026-09-10T10:46:27+07:00,500,1151.833,PDOException,SQLSTATE[HY000] [1040] Too many connections
stress,2026-09-10T10:46:27+07:00,500,1151.854,PDOException,SQLSTATE[HY000] [1040] Too many connections
stress,2026-09-10T10:46:27+07:00,500,1101.159,PDOException,SQLSTATE[HY000] [1040] Too many connections
stress,2026-09-10T10:46:27+07:00,500,1262.045,PDOException,SQLSTATE[HY000] [1040] Too many connections
stress,2026-09-10T10:46:27+07:00,500,1264.283,PDOException,SQLSTATE[HY000] [1040] Too many connections
stress,2026-09-10T10:46:27+07:00,500,1095.079,PDOException,SQLSTATE[HY000] [1040] Too many connections
stress,2026-09-10T10:46:27+07:00,500,1062.023,PDOException,SQLSTATE[HY000] [1040] Too many connections
stress,2026-09-10T10:46:28+07:00,500,1347.442,PDOException,SQLSTATE[HY000] [1040] Too many connections
stress,2026-09-10T10:46:28+07:00,500,1203.992,PDOException,SQLSTATE[HY000] [1040] Too many connections
stress,2026-09-10T10:46:28+07:00,500,1551.616,PDOException,SQLSTATE[HY000] [1040] Too many connections
stress,2026-09-10T10:46:28+07:00,500,1710.273,PDOException,SQLSTATE[HY000] [1040] Too many connections
stress,2026-09-10T10:46:28+07:00,500,1601.756,PDOException,SQLSTATE[HY000] [1040] Too many connections
stress,2026-09-10T10:46:28+07:00,500,1532.708,PDOException,SQLSTATE[HY000] [1040] Too many connections
stress,2026-09-10T10:46:28+07:00,500,1537.56,PDOException,SQLSTATE[HY000] [1040] Too many connections
stress,2026-09-10T10:46:28+07:00,500,1380.67,PDOException,SQLSTATE[HY000] [1040] Too many connections
stress,2026-09-10T10:46:28+07:00,500,1371.077,PDOException,SQLSTATE[HY000] [1040] Too many connections
stress,2026-09-10T10:46:28+07:00,500,1533.996,PDOException,SQLSTATE[HY000] [1040] Too many connections
stress,2026-09-10T10:46:28+07:00,500,1474.225,PDOException,SQLSTATE[HY000] [1040] Too many connections
stress,2026-09-10T10:46:28+07:00,500,1483.12,PDOException,SQLSTATE[HY000] [1040] Too many connections
stress,2026-09-10T10:46:28+07:00,500,1475.17,PDOException,SQLSTATE[HY000] [1040] Too many connections
stress,2026-09-10T10:46:29+07:00,500,1563.504,PDOException,SQLSTATE[HY000] [1040] Too many connections
stress,2026-09-10T10:46:29+07:00,500,1550.353,PDOException,SQLSTATE[HY000] [1040] Too many connections
stress,2026-09-10T10:46:29+07:00,500,1550.01,PDOException,SQLSTATE[HY000] [1040] Too many connections
stress,2026-09-10T10:46:29+07:00,500,1399.452,PDOException,SQLSTATE[HY000] [1040] Too many connections
stress,2026-09-10T10:46:29+07:00,500,1586.218,PDOException,SQLSTATE[HY000] [1040] Too many connections
stress,2026-09-10T10:46:29+07:00,500,1736.236,PDOException,SQLSTATE[HY000] [1040] Too many connections
stress,2026-09-10T10:46:29+07:00,500,1538.663,PDOException,SQLSTATE[08004] [1040] Too many connections
stress,2026-09-10T10:46:29+07:00,500,1754.747,PDOException,SQLSTATE[HY000] [1040] Too many connections
stress,2026-09-10T10:46:29+07:00,500,1754.408,PDOException,SQLSTATE[HY000] [1040] Too many connections
stress,2026-09-10T10:46:29+07:00,500,1689.133,PDOException,SQLSTATE[HY000] [1040] Too many connections
stress,2026-09-10T10:46:29+07:00,500,1632.635,PDOException,SQLSTATE[HY000] [1040] Too many connections
stress,2026-09-10T10:46:29+07:00,500,1741.726,PDOException,SQLSTATE[HY000] [1040] Too many connections
stress,2026-09-10T10:46:29+07:00,500,1220.342,PDOException,SQLSTATE[HY000] [1040] Too many connections
stress,2026-09-10T10:46:29+07:00,500,1189.873,PDOException,SQLSTATE[HY000] [1040] Too many connections
stress,2026-09-10T10:46:29+07:00,500,1783.25,PDOException,SQLSTATE[HY000] [1040] Too many connections
stress,2026-09-10T10:46:29+07:00,500,1267.331,PDOException,SQLSTATE[HY000] [1040] Too many connections
stress,2026-09-10T10:46:29+07:00,500,1730.398,PDOException,SQLSTATE[HY000] [1040] Too many connections
stress,2026-09-10T10:46:29+07:00,500,1412.974,PDOException,SQLSTATE[08004] [1040] Too many connections
stress,2026-09-10T10:46:29+07:00,500,1409.309,PDOException,SQLSTATE[HY000] [1040] Too many connections
stress,2026-09-10T10:46:29+07:00,500,1331.39,PDOException,SQLSTATE[HY000] [1040] Too many connections
stress,2026-09-10T10:46:29+07:00,500,1584.099,PDOException,SQLSTATE[HY000] [1040] Too many connections
stress,2026-09-10T10:46:30+07:00,500,1284.624,PDOException,SQLSTATE[HY000] [1040] Too many connections
stress,2026-09-10T10:46:30+07:00,500,1097.478,PDOException,SQLSTATE[HY000] [1040] Too many connections
stress,2026-09-10T10:46:30+07:00,500,1161.001,PDOException,SQLSTATE[HY000] [1040] Too many connections
stress,2026-09-10T10:46:30+07:00,500,1363.357,PDOException,SQLSTATE[HY000] [1040] Too many connections
stress,2026-09-10T10:46:30+07:00,500,1365.025,PDOException,SQLSTATE[HY000] [1040] Too many connections
stress,2026-09-10T10:46:30+07:00,500,1305.3,PDOException,SQLSTATE[HY000] [1040] Too many connections
stress,2026-09-10T10:46:30+07:00,500,1428.397,PDOException,SQLSTATE[HY000] [1040] Too many connections
stress,2026-09-10T10:46:30+07:00,500,1442.05,PDOException,SQLSTATE[HY000] [1040] Too many connections
stress,2026-09-10T10:46:30+07:00,500,1555.768,PDOException,SQLSTATE[08004] [1040] Too many connections
stress,2026-09-10T10:46:30+07:00,500,1288.4,PDOException,SQLSTATE[HY000] [1040] Too many connections
stress,2026-09-10T10:46:30+07:00,500,1322.887,PDOException,SQLSTATE[HY000] [1040] Too many connections
stress,2026-09-10T10:46:30+07:00,500,1294.051,PDOException,SQLSTATE[08004] [1040] Too many connections
stress,2026-09-10T10:46:30+07:00,500,1299.88,PDOException,SQLSTATE[HY000] [1040] Too many connections
stress,2026-09-10T10:46:30+07:00,500,1294.164,PDOException,SQLSTATE[08004] [1040] Too many connections
stress,2026-09-10T10:46:30+07:00,500,1146.684,PDOException,SQLSTATE[HY000] [1040] Too many connections
stress,2026-09-10T10:46:30+07:00,500,1380.836,PDOException,SQLSTATE[HY000] [1040] Too many connections
stress,2026-09-10T10:46:30+07:00,500,1393.217,PDOException,SQLSTATE[HY000] [1040] Too many connections
stress,2026-09-10T10:46:30+07:00,500,1121.23,PDOException,SQLSTATE[HY000] [1040] Too many connections
stress,2026-09-10T10:46:30+07:00,500,1193.077,PDOException,SQLSTATE[HY000] [1040] Too many connections
stress,2026-09-10T10:46:30+07:00,500,1320.433,PDOException,SQLSTATE[HY000] [1040] Too many connections
stress,2026-09-10T10:46:30+07:00,500,1248.722,PDOException,SQLSTATE[HY000] [1040] Too many connections
stress,2026-09-10T10:46:30+07:00,500,1239.925,PDOException,SQLSTATE[HY000] [1040] Too many connections
stress,2026-09-10T10:46:31+07:00,500,1248.346,PDOException,SQLSTATE[HY000] [1040] Too many connections
stress,2026-09-10T10:46:31+07:00,500,1369.778,PDOException,SQLSTATE[HY000] [1040] Too many connections
stress,2026-09-10T10:46:31+07:00,500,1248.56,PDOException,SQLSTATE[HY000] [1040] Too many connections
stress,2026-09-10T10:46:31+07:00,500,1112,PDOException,SQLSTATE[08004] [1040] Too many connections
stress,2026-09-10T10:46:31+07:00,500,1184.183,PDOException,SQLSTATE[HY000] [1040] Too many connections
stress,2026-09-10T10:46:31+07:00,500,1347.471,PDOException,SQLSTATE[HY000] [1040] Too many connections
stress,2026-09-10T10:46:31+07:00,500,1198.186,PDOException,SQLSTATE[HY000] [1040] Too many connections
stress,2026-09-10T10:46:31+07:00,500,1362.167,PDOException,SQLSTATE[HY000] [1040] Too many connections
stress,2026-09-10T10:46:31+07:00,500,1203.783,PDOException,SQLSTATE[HY000] [1040] Too many connections
stress,2026-09-10T10:46:31+07:00,500,1100.217,PDOException,SQLSTATE[HY000] [1040] Too many connections
stress,2026-09-10T10:46:31+07:00,500,1447.176,PDOException,SQLSTATE[HY000] [1040] Too many connections
stress,2026-09-10T10:46:31+07:00,500,1186.371,PDOException,SQLSTATE[HY000] [1040] Too many connections
stress,2026-09-10T10:46:31+07:00,500,1446.016,PDOException,SQLSTATE[HY000] [1040] Too many connections
stress,2026-09-10T10:46:31+07:00,500,1186.586,PDOException,SQLSTATE[HY000] [1040] Too many connections
stress,2026-09-10T10:46:31+07:00,500,1385.642,PDOException,SQLSTATE[HY000] [1040] Too many connections
stress,2026-09-10T10:46:31+07:00,500,1192.205,PDOException,SQLSTATE[HY000] [1040] Too many connections
stress,2026-09-10T10:46:31+07:00,500,1157.597,PDOException,SQLSTATE[HY000] [1040] Too many connections
stress,2026-09-10T10:46:31+07:00,500,1122.339,PDOException,SQLSTATE[HY000] [1040] Too many connections
stress,2026-09-10T10:46:31+07:00,500,1157.57,PDOException,SQLSTATE[HY000] [1040] Too many connections
stress,2026-09-10T10:46:31+07:00,500,1223.282,PDOException,SQLSTATE[HY000] [1040] Too many connections
stress,2026-09-10T10:46:31+07:00,500,1150.032,PDOException,SQLSTATE[HY000] [1040] Too many connections
stress,2026-09-10T10:46:31+07:00,500,1188.74,PDOException,SQLSTATE[HY000] [1040] Too many connections
stress,2026-09-10T10:46:31+07:00,500,1360.455,PDOException,SQLSTATE[HY000] [1040] Too many connections
stress,2026-09-10T10:46:31+07:00,500,1199.918,PDOException,SQLSTATE[HY000] [1040] Too many connections
stress,2026-09-10T10:46:32+07:00,500,1103.867,PDOException,SQLSTATE[HY000] [1040] Too many connections
stress,2026-09-10T10:46:32+07:00,500,1189.241,PDOException,SQLSTATE[HY000] [1040] Too many connections
stress,2026-09-10T10:46:32+07:00,500,1317.167,PDOException,SQLSTATE[HY000] [1040] Too many connections
stress,2026-09-10T10:46:32+07:00,500,1327.521,PDOException,SQLSTATE[HY000] [1040] Too many connections
stress,2026-09-10T10:46:32+07:00,500,1262.378,PDOException,SQLSTATE[HY000] [1040] Too many connections
stress,2026-09-10T10:46:32+07:00,500,1240.392,PDOException,SQLSTATE[HY000] [1040] Too many connections
stress,2026-09-10T10:46:32+07:00,500,1137.473,PDOException,SQLSTATE[HY000] [1040] Too many connections
stress,2026-09-10T10:46:32+07:00,500,1116.899,PDOException,SQLSTATE[HY000] [1040] Too many connections
stress,2026-09-10T10:46:32+07:00,500,1123.777,PDOException,SQLSTATE[HY000] [1040] Too many connections
stress,2026-09-10T10:46:32+07:00,500,1068.717,PDOException,SQLSTATE[HY000] [1040] Too many connections
stress,2026-09-10T10:46:32+07:00,500,1194.221,PDOException,SQLSTATE[HY000] [1040] Too many connections
stress,2026-09-10T10:46:32+07:00,500,1082.997,PDOException,SQLSTATE[08004] [1040] Too many connections
stress,2026-09-10T10:46:32+07:00,500,1094.871,PDOException,SQLSTATE[08004] [1040] Too many connections
stress,2026-09-10T10:46:32+07:00,500,1306.428,PDOException,SQLSTATE[08004] [1040] Too many connections
stress,2026-09-10T10:46:32+07:00,500,1314.663,PDOException,SQLSTATE[HY000] [1040] Too many connections
stress,2026-09-10T10:46:32+07:00,500,1289.049,PDOException,SQLSTATE[HY000] [1040] Too many connections
stress,2026-09-10T10:46:32+07:00,500,1142.098,PDOException,SQLSTATE[HY000] [1040] Too many connections
stress,2026-09-10T10:46:32+07:00,500,1386.129,PDOException,SQLSTATE[HY000] [1040] Too many connections
stress,2026-09-10T10:46:32+07:00,500,1232.831,PDOException,SQLSTATE[HY000] [1040] Too many connections
stress,2026-09-10T10:46:32+07:00,500,1063.875,PDOException,SQLSTATE[HY000] [1040] Too many connections
stress,2026-09-10T10:46:32+07:00,500,1105.447,PDOException,SQLSTATE[HY000] [1040] Too many connections
stress,2026-09-10T10:46:32+07:00,500,1236.143,PDOException,SQLSTATE[08004] [1040] Too many connections
stress,2026-09-10T10:46:32+07:00,500,1114.555,PDOException,SQLSTATE[HY000] [1040] Too many connections
stress,2026-09-10T10:46:32+07:00,500,1454.701,PDOException,SQLSTATE[HY000] [1040] Too many connections
stress,2026-09-10T10:46:32+07:00,500,1139.652,PDOException,SQLSTATE[08004] [1040] Too many connections
stress,2026-09-10T10:46:32+07:00,500,1244.992,PDOException,SQLSTATE[HY000] [1040] Too many connections
stress,2026-09-10T10:46:32+07:00,500,1255.217,PDOException,SQLSTATE[HY000] [1040] Too many connections
stress,2026-09-10T10:46:32+07:00,500,1096.365,PDOException,SQLSTATE[HY000] [1040] Too many connections
stress,2026-09-10T10:46:32+07:00,500,1136.028,PDOException,SQLSTATE[HY000] [1040] Too many connections
stress,2026-09-10T10:46:33+07:00,500,1240.626,PDOException,SQLSTATE[HY000] [1040] Too many connections
stress,2026-09-10T10:46:33+07:00,500,1157.591,PDOException,SQLSTATE[HY000] [1040] Too many connections
stress,2026-09-10T10:46:33+07:00,500,1362.783,PDOException,SQLSTATE[HY000] [1040] Too many connections
stress,2026-09-10T10:46:33+07:00,500,1260.569,PDOException,SQLSTATE[HY000] [1040] Too many connections
stress,2026-09-10T10:46:33+07:00,500,1192.644,PDOException,SQLSTATE[HY000] [1040] Too many connections
stress,2026-09-10T10:46:33+07:00,500,1352.661,PDOException,SQLSTATE[HY000] [1040] Too many connections
stress,2026-09-10T10:46:33+07:00,500,1157.773,PDOException,SQLSTATE[HY000] [1040] Too many connections
stress,2026-09-10T10:46:33+07:00,500,1330.137,PDOException,SQLSTATE[HY000] [1040] Too many connections
stress,2026-09-10T10:46:33+07:00,500,1141.159,PDOException,SQLSTATE[HY000] [1040] Too many connections
stress,2026-09-10T10:46:33+07:00,500,1145.882,PDOException,SQLSTATE[HY000] [1040] Too many connections
stress,2026-09-10T10:46:33+07:00,500,1232.708,PDOException,SQLSTATE[HY000] [1040] Too many connections
stress,2026-09-10T10:46:33+07:00,500,1249.366,PDOException,SQLSTATE[HY000] [1040] Too many connections
stress,2026-09-10T10:46:33+07:00,500,1317.435,PDOException,SQLSTATE[HY000] [1040] Too many connections
stress,2026-09-10T10:46:33+07:00,500,1253.091,PDOException,SQLSTATE[HY000] [1040] Too many connections
stress,2026-09-10T10:46:33+07:00,500,1192.202,PDOException,SQLSTATE[HY000] [1040] Too many connections
stress,2026-09-10T10:46:33+07:00,500,1456.053,PDOException,SQLSTATE[HY000] [1040] Too many connections
stress,2026-09-10T10:46:33+07:00,500,1187.52,PDOException,SQLSTATE[HY000] [1040] Too many connections
stress,2026-09-10T10:46:33+07:00,500,1200.363,PDOException,SQLSTATE[HY000] [1040] Too many connections
stress,2026-09-10T10:46:33+07:00,500,1372.997,PDOException,SQLSTATE[HY000] [1040] Too many connections
stress,2026-09-10T10:46:33+07:00,500,1486.807,PDOException,SQLSTATE[HY000] [1040] Too many connections
stress,2026-09-10T10:46:34+07:00,500,1281.035,PDOException,SQLSTATE[HY000] [1040] Too many connections
stress,2026-09-10T10:46:34+07:00,500,1280.981,PDOException,SQLSTATE[HY000] [1040] Too many connections
stress,2026-09-10T10:46:34+07:00,500,1308.646,PDOException,SQLSTATE[HY000] [1040] Too many connections
stress,2026-09-10T10:46:34+07:00,500,1341.966,PDOException,SQLSTATE[HY000] [1040] Too many connections
stress,2026-09-10T10:46:34+07:00,500,1374.901,PDOException,SQLSTATE[HY000] [1040] Too many connections
stress,2026-09-10T10:46:34+07:00,500,1506.947,PDOException,SQLSTATE[HY000] [1040] Too many connections
stress,2026-09-10T10:46:34+07:00,500,1439.167,PDOException,SQLSTATE[HY000] [1040] Too many connections
stress,2026-09-10T10:46:34+07:00,500,1243.656,PDOException,SQLSTATE[HY000] [1040] Too many connections
stress,2026-09-10T10:46:34+07:00,500,1359.053,PDOException,SQLSTATE[HY000] [1040] Too many connections
stress,2026-09-10T10:46:34+07:00,500,1230.011,PDOException,SQLSTATE[HY000] [1040] Too many connections
stress,2026-09-10T10:46:34+07:00,500,1229.615,PDOException,SQLSTATE[HY000] [1040] Too many connections
stress,2026-09-10T10:46:34+07:00,500,1391.498,PDOException,SQLSTATE[HY000] [1040] Too many connections
stress,2026-09-10T10:46:34+07:00,500,1242.095,PDOException,SQLSTATE[HY000] [1040] Too many connections
stress,2026-09-10T10:46:34+07:00,500,1226.478,PDOException,SQLSTATE[HY000] [1040] Too many connections
stress,2026-09-10T10:46:34+07:00,500,1486.682,PDOException,SQLSTATE[HY000] [1040] Too many connections
stress,2026-09-10T10:46:34+07:00,500,1241.025,PDOException,SQLSTATE[HY000] [1040] Too many connections
stress,2026-09-10T10:46:34+07:00,500,1458.437,PDOException,SQLSTATE[HY000] [1040] Too many connections
stress,2026-09-10T10:46:34+07:00,500,1379.218,PDOException,SQLSTATE[HY000] [1040] Too many connections
stress,2026-09-10T10:46:34+07:00,500,1261.687,PDOException,SQLSTATE[HY000] [1040] Too many connections
stress,2026-09-10T10:46:34+07:00,500,1282.62,PDOException,SQLSTATE[HY000] [1040] Too many connections
stress,2026-09-10T10:46:34+07:00,500,1395.653,PDOException,SQLSTATE[HY000] [1040] Too many connections
stress,2026-09-10T10:46:34+07:00,500,1507.837,PDOException,SQLSTATE[HY000] [1040] Too many connections
stress,2026-09-10T10:46:34+07:00,500,1233.053,PDOException,SQLSTATE[HY000] [1040] Too many connections
stress,2026-09-10T10:46:34+07:00,500,1247.529,PDOException,SQLSTATE[HY000] [1040] Too many connections
stress,2026-09-10T10:46:34+07:00,500,1287.762,PDOException,SQLSTATE[HY000] [1040] Too many connections
stress,2026-09-10T10:46:34+07:00,500,1249.117,PDOException,SQLSTATE[HY000] [1040] Too many connections
stress,2026-09-10T10:46:35+07:00,500,1442.114,PDOException,SQLSTATE[HY000] [1040] Too many connections
stress,2026-09-10T10:46:35+07:00,500,1520.587,PDOException,SQLSTATE[HY000] [1040] Too many connections
stress,2026-09-10T10:46:35+07:00,500,1267.018,PDOException,SQLSTATE[HY000] [1040] Too many connections
stress,2026-09-10T10:46:35+07:00,500,1306.545,PDOException,SQLSTATE[HY000] [1040] Too many connections
stress,2026-09-10T10:46:35+07:00,500,1333.951,PDOException,SQLSTATE[HY000] [1040] Too many connections
stress,2026-09-10T10:46:35+07:00,500,1232.461,PDOException,SQLSTATE[HY000] [1040] Too many connections
stress,2026-09-10T10:46:35+07:00,500,1419.333,PDOException,SQLSTATE[HY000] [1040] Too many connections
stress,2026-09-10T10:46:35+07:00,500,1349.034,PDOException,SQLSTATE[HY000] [1040] Too many connections
stress,2026-09-10T10:46:35+07:00,500,1216.518,PDOException,SQLSTATE[HY000] [1040] Too many connections
stress,2026-09-10T10:46:35+07:00,500,1383.389,PDOException,SQLSTATE[HY000] [1040] Too many connections
stress,2026-09-10T10:46:35+07:00,500,1386.249,PDOException,SQLSTATE[HY000] [1040] Too many connections
stress,2026-09-10T10:46:35+07:00,500,1463.392,PDOException,SQLSTATE[HY000] [1040] Too many connections
stress,2026-09-10T10:46:35+07:00,500,1204.23,PDOException,SQLSTATE[HY000] [1040] Too many connections
stress,2026-09-10T10:46:35+07:00,500,1243.437,PDOException,SQLSTATE[08004] [1040] Too many connections
stress,2026-09-10T10:46:35+07:00,500,1463.74,PDOException,SQLSTATE[HY000] [1040] Too many connections
stress,2026-09-10T10:46:35+07:00,500,1284.562,PDOException,SQLSTATE[HY000] [1040] Too many connections
stress,2026-09-10T10:46:35+07:00,500,1282.138,PDOException,SQLSTATE[HY000] [1040] Too many connections
stress,2026-09-10T10:46:35+07:00,500,1310.022,PDOException,SQLSTATE[HY000] [1040] Too many connections
stress,2026-09-10T10:46:35+07:00,500,1296.545,PDOException,SQLSTATE[HY000] [1040] Too many connections
stress,2026-09-10T10:46:35+07:00,500,1303.126,PDOException,SQLSTATE[08004] [1040] Too many connections
stress,2026-09-10T10:46:35+07:00,500,1380.77,PDOException,SQLSTATE[HY000] [1040] Too many connections
stress,2026-09-10T10:46:35+07:00,500,1425.055,PDOException,SQLSTATE[HY000] [1040] Too many connections
stress,2026-09-10T10:46:35+07:00,500,1351.821,PDOException,SQLSTATE[08004] [1040] Too many connections
stress,2026-09-10T10:46:35+07:00,500,1420.839,PDOException,SQLSTATE[08004] [1040] Too many connections
stress,2026-09-10T10:46:36+07:00,500,1596.664,PDOException,SQLSTATE[HY000] [1040] Too many connections
stress,2026-09-10T10:46:36+07:00,500,1446.416,PDOException,SQLSTATE[HY000] [1040] Too many connections
stress,2026-09-10T10:46:36+07:00,500,1252.929,PDOException,SQLSTATE[08004] [1040] Too many connections
stress,2026-09-10T10:46:36+07:00,500,1299.204,PDOException,SQLSTATE[HY000] [1040] Too many connections
stress,2026-09-10T10:46:36+07:00,500,1216.255,PDOException,SQLSTATE[HY000] [1040] Too many connections
stress,2026-09-10T10:46:36+07:00,500,1336.372,PDOException,SQLSTATE[HY000] [1040] Too many connections
stress,2026-09-10T10:46:36+07:00,500,1341.557,PDOException,SQLSTATE[HY000] [1040] Too many connections
stress,2026-09-10T10:46:36+07:00,500,1434.093,PDOException,SQLSTATE[HY000] [1040] Too many connections
stress,2026-09-10T10:46:36+07:00,500,1414.651,PDOException,SQLSTATE[HY000] [1040] Too many connections
stress,2026-09-10T10:46:36+07:00,500,1389.744,PDOException,SQLSTATE[HY000] [1040] Too many connections
stress,2026-09-10T10:46:36+07:00,500,1331.706,PDOException,SQLSTATE[HY000] [1040] Too many connections
stress,2026-09-10T10:46:36+07:00,500,1333.467,PDOException,SQLSTATE[HY000] [1040] Too many connections
stress,2026-09-10T10:46:36+07:00,500,1412.383,PDOException,SQLSTATE[HY000] [1040] Too many connections
stress,2026-09-10T10:46:36+07:00,500,1209.629,PDOException,SQLSTATE[HY000] [1040] Too many connections
stress,2026-09-10T10:46:36+07:00,500,1205.373,PDOException,SQLSTATE[HY000] [1040] Too many connections
stress,2026-09-10T10:46:36+07:00,500,1287.177,PDOException,SQLSTATE[HY000] [1040] Too many connections
stress,2026-09-10T10:46:36+07:00,500,1323.277,PDOException,SQLSTATE[HY000] [1040] Too many connections
stress,2026-09-10T10:46:36+07:00,500,1574.369,PDOException,SQLSTATE[HY000] [1040] Too many connections
stress,2026-09-10T10:46:36+07:00,500,1574.287,PDOException,SQLSTATE[HY000] [1040] Too many connections
stress,2026-09-10T10:46:36+07:00,500,1391.553,PDOException,SQLSTATE[HY000] [1040] Too many connections
stress,2026-09-10T10:46:36+07:00,500,1411.646,PDOException,SQLSTATE[HY000] [1040] Too many connections
stress,2026-09-10T10:46:36+07:00,500,1527.729,PDOException,SQLSTATE[HY000] [1040] Too many connections
stress,2026-09-10T10:46:37+07:00,500,1214.467,PDOException,SQLSTATE[HY000] [1040] Too many connections
stress,2026-09-10T10:46:37+07:00,500,1261.136,PDOException,SQLSTATE[HY000] [1040] Too many connections
stress,2026-09-10T10:46:37+07:00,500,1229.854,PDOException,SQLSTATE[HY000] [1040] Too many connections
stress,2026-09-10T10:46:37+07:00,500,1541.072,PDOException,SQLSTATE[HY000] [1040] Too many connections
stress,2026-09-10T10:46:37+07:00,500,1542.742,PDOException,SQLSTATE[HY000] [1040] Too many connections
stress,2026-09-10T10:46:37+07:00,500,1251.939,PDOException,SQLSTATE[HY000] [1040] Too many connections
stress,2026-09-10T10:46:37+07:00,500,1560.341,PDOException,SQLSTATE[HY000] [1040] Too many connections
stress,2026-09-10T10:46:37+07:00,500,1463.422,PDOException,SQLSTATE[HY000] [1040] Too many connections
stress,2026-09-10T10:46:37+07:00,500,1282.147,PDOException,SQLSTATE[08004] [1040] Too many connections
stress,2026-09-10T10:46:37+07:00,500,1372.808,PDOException,SQLSTATE[HY000] [1040] Too many connections
stress,2026-09-10T10:46:37+07:00,500,1523.197,PDOException,SQLSTATE[HY000] [1040] Too many connections
stress,2026-09-10T10:46:37+07:00,500,1529.644,PDOException,SQLSTATE[HY000] [1040] Too many connections
stress,2026-09-10T10:46:37+07:00,500,1210.051,PDOException,SQLSTATE[HY000] [1040] Too many connections
stress,2026-09-10T10:46:37+07:00,500,1549.466,PDOException,SQLSTATE[HY000] [1040] Too many connections
stress,2026-09-10T10:46:37+07:00,500,1491.944,PDOException,SQLSTATE[08004] [1040] Too many connections
stress,2026-09-10T10:46:37+07:00,500,1177.34,PDOException,SQLSTATE[HY000] [1040] Too many connections
stress,2026-09-10T10:46:37+07:00,500,1295.506,PDOException,SQLSTATE[HY000] [1040] Too many connections
stress,2026-09-10T10:46:37+07:00,500,1299.406,PDOException,SQLSTATE[HY000] [1040] Too many connections
stress,2026-09-10T10:46:37+07:00,500,1378.63,PDOException,SQLSTATE[HY000] [1040] Too many connections
stress,2026-09-10T10:46:37+07:00,500,1426.214,PDOException,SQLSTATE[HY000] [1040] Too many connections
stress,2026-09-10T10:46:37+07:00,500,1263.163,PDOException,SQLSTATE[HY000] [1040] Too many connections
stress,2026-09-10T10:46:37+07:00,500,1439.278,PDOException,SQLSTATE[HY000] [1040] Too many connections
stress,2026-09-10T10:46:38+07:00,500,1685.024,PDOException,SQLSTATE[HY000] [1040] Too many connections
stress,2026-09-10T10:46:38+07:00,500,1549.877,PDOException,SQLSTATE[HY000] [1040] Too many connections
stress,2026-09-10T10:46:38+07:00,500,1457.405,PDOException,SQLSTATE[HY000] [1040] Too many connections
stress,2026-09-10T10:46:38+07:00,500,1753.818,PDOException,SQLSTATE[HY000] [1040] Too many connections
stress,2026-09-10T10:46:39+07:00,500,1988.533,PDOException,SQLSTATE[HY000] [1040] Too many connections
stress,2026-09-10T10:46:39+07:00,500,2037.491,PDOException,SQLSTATE[HY000] [1040] Too many connections
stress,2026-09-10T10:46:39+07:00,500,2037.112,PDOException,SQLSTATE[HY000] [1040] Too many connections
stress,2026-09-10T10:46:39+07:00,500,2085.459,PDOException,SQLSTATE[HY000] [1040] Too many connections
stress,2026-09-10T10:46:39+07:00,500,1948.891,PDOException,SQLSTATE[HY000] [1040] Too many connections
stress,2026-09-10T10:46:39+07:00,500,2047.593,PDOException,SQLSTATE[HY000] [1040] Too many connections
stress,2026-09-10T10:46:39+07:00,500,1998.589,PDOException,SQLSTATE[08004] [1040] Too many connections
stress,2026-09-10T10:46:39+07:00,500,2030.925,PDOException,SQLSTATE[HY000] [1040] Too many connections
stress,2026-09-10T10:46:39+07:00,500,1784.519,PDOException,SQLSTATE[HY000] [1040] Too many connections
stress,2026-09-10T10:46:39+07:00,500,2086.483,PDOException,SQLSTATE[HY000] [1040] Too many connections
stress,2026-09-10T10:46:39+07:00,500,1988.871,PDOException,SQLSTATE[HY000] [1040] Too many connections
stress,2026-09-10T10:46:39+07:00,500,2015.918,PDOException,SQLSTATE[HY000] [1040] Too many connections
stress,2026-09-10T10:46:39+07:00,500,2028.891,PDOException,SQLSTATE[HY000] [1040] Too many connections
stress,2026-09-10T10:46:39+07:00,500,1839.044,PDOException,SQLSTATE[HY000] [1040] Too many connections
stress,2026-09-10T10:46:39+07:00,500,1900.552,PDOException,SQLSTATE[HY000] [1040] Too many connections
stress,2026-09-10T10:46:39+07:00,500,1877.735,PDOException,SQLSTATE[HY000] [1040] Too many connections
stress,2026-09-10T10:46:39+07:00,500,1877.677,PDOException,SQLSTATE[HY000] [1040] Too many connections
stress,2026-09-10T10:46:39+07:00,500,2005.628,PDOException,SQLSTATE[HY000] [1040] Too many connections
stress,2026-09-10T10:46:39+07:00,500,2113.221,PDOException,SQLSTATE[HY000] [1040] Too many connections
stress,2026-09-10T10:46:39+07:00,500,1877.103,PDOException,SQLSTATE[HY000] [1040] Too many connections
stress,2026-09-10T10:46:39+07:00,500,1870.244,PDOException,SQLSTATE[HY000] [1040] Too many connections
stress,2026-09-10T10:46:39+07:00,500,1882.546,PDOException,SQLSTATE[08004] [1040] Too many connections
stress,2026-09-10T10:46:39+07:00,500,1880.345,PDOException,SQLSTATE[HY000] [1040] Too many connections
stress,2026-09-10T10:46:39+07:00,500,2050.757,PDOException,SQLSTATE[HY000] [1040] Too many connections
stress,2026-09-10T10:46:40+07:00,500,1874.469,PDOException,SQLSTATE[HY000] [1040] Too many connections
stress,2026-09-10T10:46:40+07:00,500,1888.202,PDOException,SQLSTATE[HY000] [1040] Too many connections
stress,2026-09-10T10:46:40+07:00,500,2260.997,PDOException,SQLSTATE[HY000] [1040] Too many connections
stress,2026-09-10T10:46:40+07:00,500,1893.649,PDOException,SQLSTATE[HY000] [1040] Too many connections
stress,2026-09-10T10:46:40+07:00,500,1875.984,PDOException,SQLSTATE[HY000] [1040] Too many connections
stress,2026-09-10T10:46:40+07:00,500,1556.435,PDOException,SQLSTATE[HY000] [1040] Too many connections
stress,2026-09-10T10:46:40+07:00,500,1535.624,PDOException,SQLSTATE[HY000] [1040] Too many connections
stress,2026-09-10T10:46:40+07:00,500,1920.428,PDOException,SQLSTATE[HY000] [1040] Too many connections
stress,2026-09-10T10:46:40+07:00,500,1557.203,PDOException,SQLSTATE[HY000] [1040] Too many connections
stress,2026-09-10T10:46:40+07:00,500,1691.111,PDOException,SQLSTATE[08004] [1040] Too many connections
stress,2026-09-10T10:46:40+07:00,500,1733.313,PDOException,SQLSTATE[HY000] [1040] Too many connections
stress,2026-09-10T10:46:40+07:00,500,1722.366,PDOException,SQLSTATE[HY000] [1040] Too many connections
stress,2026-09-10T10:46:40+07:00,500,1551.381,PDOException,SQLSTATE[HY000] [1040] Too many connections
stress,2026-09-10T10:46:40+07:00,500,1840.738,PDOException,SQLSTATE[HY000] [1040] Too many connections
stress,2026-09-10T10:46:40+07:00,500,1519.539,PDOException,SQLSTATE[HY000] [1040] Too many connections
stress,2026-09-10T10:46:41+07:00,500,1759.35,PDOException,SQLSTATE[HY000] [1040] Too many connections
stress,2026-09-10T10:46:41+07:00,500,1552.204,PDOException,SQLSTATE[HY000] [1040] Too many connections
stress,2026-09-10T10:46:41+07:00,500,1576.37,PDOException,SQLSTATE[HY000] [1040] Too many connections
stress,2026-09-10T10:46:41+07:00,500,1587.74,PDOException,SQLSTATE[HY000] [1040] Too many connections
stress,2026-09-10T10:46:41+07:00,500,1612.18,PDOException,SQLSTATE[HY000] [1040] Too many connections
stress,2026-09-10T10:46:41+07:00,500,1608.426,PDOException,SQLSTATE[HY000] [1040] Too many connections
stress,2026-09-10T10:46:41+07:00,500,1682.468,PDOException,SQLSTATE[HY000] [1040] Too many connections
stress,2026-09-10T10:46:41+07:00,500,1685.42,PDOException,SQLSTATE[HY000] [1040] Too many connections
stress,2026-09-10T10:46:41+07:00,500,1610.336,PDOException,SQLSTATE[HY000] [1040] Too many connections
stress,2026-09-10T10:46:41+07:00,500,1622.105,PDOException,SQLSTATE[HY000] [1040] Too many connections
stress,2026-09-10T10:46:41+07:00,500,1702.594,PDOException,SQLSTATE[HY000] [1040] Too many connections
stress,2026-09-10T10:46:41+07:00,500,1735.317,PDOException,SQLSTATE[HY000] [1040] Too many connections
stress,2026-09-10T10:46:41+07:00,500,1738.932,PDOException,SQLSTATE[HY000] [1040] Too many connections
stress,2026-09-10T10:46:41+07:00,500,1729.067,PDOException,SQLSTATE[HY000] [1040] Too many connections
stress,2026-09-10T10:46:41+07:00,500,1689.936,PDOException,SQLSTATE[HY000] [1040] Too many connections
stress,2026-09-10T10:46:41+07:00,500,1695.13,PDOException,SQLSTATE[HY000] [1040] Too many connections
stress,2026-09-10T10:46:41+07:00,500,1512.543,PDOException,SQLSTATE[08004] [1040] Too many connections
stress,2026-09-10T10:46:41+07:00,500,1920.021,PDOException,SQLSTATE[HY000] [1040] Too many connections
stress,2026-09-10T10:46:41+07:00,500,1745.613,PDOException,SQLSTATE[08004] [1040] Too many connections
stress,2026-09-10T10:46:41+07:00,500,1707.228,PDOException,SQLSTATE[HY000] [1040] Too many connections
stress,2026-09-10T10:46:41+07:00,500,1516.109,PDOException,SQLSTATE[HY000] [1040] Too many connections
stress,2026-09-10T10:46:41+07:00,500,1341.881,PDOException,SQLSTATE[HY000] [1040] Too many connections
stress,2026-09-10T10:46:41+07:00,500,1416.691,PDOException,SQLSTATE[HY000] [1040] Too many connections
stress,2026-09-10T10:46:42+07:00,500,1459.379,PDOException,SQLSTATE[HY000] [1040] Too many connections
stress,2026-09-10T10:46:42+07:00,500,1548.382,PDOException,SQLSTATE[HY000] [1040] Too many connections
stress,2026-09-10T10:46:42+07:00,500,1576.486,PDOException,SQLSTATE[HY000] [1040] Too many connections
stress,2026-09-10T10:46:42+07:00,500,1466.467,PDOException,SQLSTATE[HY000] [1040] Too many connections
stress,2026-09-10T10:46:42+07:00,500,1467.817,PDOException,SQLSTATE[HY000] [1040] Too many connections
stress,2026-09-10T10:46:42+07:00,500,1390.088,PDOException,SQLSTATE[HY000] [1040] Too many connections
stress,2026-09-10T10:46:42+07:00,500,1426.293,PDOException,SQLSTATE[HY000] [1040] Too many connections
stress,2026-09-10T10:46:42+07:00,500,1441.926,PDOException,SQLSTATE[HY000] [1040] Too many connections
stress,2026-09-10T10:46:42+07:00,500,1380.021,PDOException,SQLSTATE[HY000] [1040] Too many connections
stress,2026-09-10T10:46:42+07:00,500,1352.59,PDOException,SQLSTATE[HY000] [1040] Too many connections
stress,2026-09-10T10:46:42+07:00,500,1400.658,PDOException,SQLSTATE[HY000] [1040] Too many connections
stress,2026-09-10T10:46:42+07:00,500,1528.776,PDOException,SQLSTATE[HY000] [1040] Too many connections
stress,2026-09-10T10:46:42+07:00,500,1534.735,PDOException,SQLSTATE[HY000] [1040] Too many connections
stress,2026-09-10T10:46:42+07:00,500,1516.756,PDOException,SQLSTATE[HY000] [1040] Too many connections
stress,2026-09-10T10:46:42+07:00,500,1546.49,PDOException,SQLSTATE[HY000] [1040] Too many connections
stress,2026-09-10T10:46:42+07:00,500,1495.004,PDOException,SQLSTATE[HY000] [1040] Too many connections
stress,2026-09-10T10:46:42+07:00,500,1347.921,PDOException,SQLSTATE[HY000] [1040] Too many connections
stress,2026-09-10T10:46:42+07:00,500,1489.146,PDOException,SQLSTATE[HY000] [1040] Too many connections
stress,2026-09-10T10:46:42+07:00,500,1493.891,PDOException,SQLSTATE[HY000] [1040] Too many connections
stress,2026-09-10T10:46:42+07:00,500,1405.249,PDOException,SQLSTATE[HY000] [1040] Too many connections
stress,2026-09-10T10:46:42+07:00,500,1536.37,PDOException,SQLSTATE[HY000] [1040] Too many connections
stress,2026-09-10T10:46:42+07:00,500,1550.552,PDOException,SQLSTATE[HY000] [1040] Too many connections
stress,2026-09-10T10:46:43+07:00,500,1285.447,PDOException,SQLSTATE[HY000] [1040] Too many connections
stress,2026-09-10T10:46:43+07:00,500,1320.432,PDOException,SQLSTATE[08004] [1040] Too many connections
stress,2026-09-10T10:46:43+07:00,500,1583.901,PDOException,SQLSTATE[08004] [1040] Too many connections
stress,2026-09-10T10:46:43+07:00,500,1569.062,PDOException,SQLSTATE[08004] [1040] Too many connections
stress,2026-09-10T10:46:43+07:00,500,1566.619,PDOException,SQLSTATE[HY000] [1040] Too many connections
stress,2026-09-10T10:46:43+07:00,500,1432.28,PDOException,SQLSTATE[HY000] [1040] Too many connections
stress,2026-09-10T10:46:43+07:00,500,1421.435,PDOException,SQLSTATE[HY000] [1040] Too many connections
stress,2026-09-10T10:46:43+07:00,500,1443.701,PDOException,SQLSTATE[HY000] [1040] Too many connections
stress,2026-09-10T10:46:43+07:00,500,1445.418,PDOException,SQLSTATE[HY000] [1040] Too many connections
stress,2026-09-10T10:46:43+07:00,500,1458.535,PDOException,SQLSTATE[HY000] [1040] Too many connections
stress,2026-09-10T10:46:43+07:00,500,1426.651,PDOException,SQLSTATE[HY000] [1040] Too many connections
stress,2026-09-10T10:46:43+07:00,500,1675.698,PDOException,SQLSTATE[HY000] [1040] Too many connections
stress,2026-09-10T10:46:43+07:00,500,1571.642,PDOException,SQLSTATE[HY000] [1040] Too many connections
stress,2026-09-10T10:46:43+07:00,500,1576.057,PDOException,SQLSTATE[HY000] [1040] Too many connections
stress,2026-09-10T10:46:43+07:00,500,1591.416,PDOException,SQLSTATE[HY000] [1040] Too many connections
stress,2026-09-10T10:46:43+07:00,500,1454.02,PDOException,SQLSTATE[HY000] [1040] Too many connections
stress,2026-09-10T10:46:43+07:00,500,1614.337,PDOException,SQLSTATE[HY000] [1040] Too many connections
stress,2026-09-10T10:46:43+07:00,500,1524.105,PDOException,SQLSTATE[HY000] [1040] Too many connections
stress,2026-09-10T10:46:43+07:00,500,1588.71,PDOException,SQLSTATE[HY000] [1040] Too many connections
stress,2026-09-10T10:46:43+07:00,500,1515.104,PDOException,SQLSTATE[HY000] [1040] Too many connections
stress,2026-09-10T10:46:43+07:00,500,1484.8,PDOException,SQLSTATE[HY000] [1040] Too many connections
stress,2026-09-10T10:46:43+07:00,500,1631.735,PDOException,SQLSTATE[HY000] [1040] Too many connections
stress,2026-09-10T10:46:44+07:00,500,1615.967,PDOException,SQLSTATE[HY000] [1040] Too many connections
stress,2026-09-10T10:46:44+07:00,500,1495.861,PDOException,SQLSTATE[HY000] [1040] Too many connections
stress,2026-09-10T10:46:44+07:00,500,1515.052,PDOException,SQLSTATE[HY000] [1040] Too many connections
stress,2026-09-10T10:46:44+07:00,500,1540.427,PDOException,SQLSTATE[HY000] [1040] Too many connections
stress,2026-09-10T10:46:44+07:00,500,1639.655,PDOException,SQLSTATE[08004] [1040] Too many connections
stress,2026-09-10T10:46:44+07:00,500,1563.549,PDOException,SQLSTATE[HY000] [1040] Too many connections
stress,2026-09-10T10:46:44+07:00,500,1498.148,PDOException,SQLSTATE[HY000] [1040] Too many connections
stress,2026-09-10T10:46:44+07:00,500,1551.427,PDOException,SQLSTATE[HY000] [1040] Too many connections
stress,2026-09-10T10:46:44+07:00,500,1440.818,PDOException,SQLSTATE[08004] [1040] Too many connections
stress,2026-09-10T10:46:44+07:00,500,1596.048,PDOException,SQLSTATE[08004] [1040] Too many connections
stress,2026-09-10T10:46:44+07:00,500,1460.305,PDOException,SQLSTATE[HY000] [1040] Too many connections
stress,2026-09-10T10:46:44+07:00,500,1511.037,PDOException,SQLSTATE[HY000] [1040] Too many connections
stress,2026-09-10T10:46:44+07:00,500,1453.723,PDOException,SQLSTATE[HY000] [1040] Too many connections
stress,2026-09-10T10:46:44+07:00,500,1960.124,PDOException,SQLSTATE[HY000] [1040] Too many connections
stress,2026-09-10T10:46:44+07:00,500,1908.837,PDOException,SQLSTATE[HY000] [1040] Too many connections
stress,2026-09-10T10:46:44+07:00,500,1791.289,PDOException,SQLSTATE[HY000] [1040] Too many connections
stress,2026-09-10T10:46:44+07:00,500,1654.162,PDOException,SQLSTATE[HY000] [1040] Too many connections
stress,2026-09-10T10:46:44+07:00,500,1769.79,PDOException,SQLSTATE[HY000] [1040] Too many connections
stress,2026-09-10T10:46:44+07:00,500,1715.965,PDOException,SQLSTATE[HY000] [1040] Too many connections
stress,2026-09-10T10:46:44+07:00,500,1727.778,PDOException,SQLSTATE[HY000] [1040] Too many connections
stress,2026-09-10T10:46:44+07:00,500,1738.87,PDOException,SQLSTATE[HY000] [1040] Too many connections
stress,2026-09-10T10:46:44+07:00,500,1519.589,PDOException,SQLSTATE[08004] [1040] Too many connections
stress,2026-09-10T10:46:44+07:00,500,1632.805,PDOException,SQLSTATE[08004] [1040] Too many connections
stress,2026-09-10T10:46:44+07:00,500,1484.463,PDOException,SQLSTATE[08004] [1040] Too many connections
stress,2026-09-10T10:46:45+07:00,500,1448.063,PDOException,SQLSTATE[08004] [1040] Too many connections
stress,2026-09-10T10:46:45+07:00,500,1460.294,PDOException,SQLSTATE[08004] [1040] Too many connections
stress,2026-09-10T10:46:45+07:00,500,1803.581,PDOException,SQLSTATE[HY000] [1040] Too many connections
stress,2026-09-10T10:46:45+07:00,500,1454.467,PDOException,SQLSTATE[HY000] [1040] Too many connections
stress,2026-09-10T10:46:45+07:00,500,1433.012,PDOException,SQLSTATE[HY000] [1040] Too many connections
stress,2026-09-10T10:46:45+07:00,500,1430.759,PDOException,SQLSTATE[HY000] [1040] Too many connections
stress,2026-09-10T10:46:45+07:00,500,1484.802,PDOException,SQLSTATE[08004] [1040] Too many connections
stress,2026-09-10T10:46:45+07:00,500,1457.027,PDOException,SQLSTATE[HY000] [1040] Too many connections
stress,2026-09-10T10:46:45+07:00,500,1686.41,PDOException,SQLSTATE[HY000] [1040] Too many connections
stress,2026-09-10T10:46:45+07:00,500,1531.416,PDOException,SQLSTATE[HY000] [1040] Too many connections
stress,2026-09-10T10:46:45+07:00,500,1573.623,PDOException,SQLSTATE[08004] [1040] Too many connections
stress,2026-09-10T10:46:45+07:00,500,1389.684,PDOException,SQLSTATE[HY000] [1040] Too many connections
stress,2026-09-10T10:46:45+07:00,500,1378.295,PDOException,SQLSTATE[08004] [1040] Too many connections
stress,2026-09-10T10:46:45+07:00,500,1692.476,PDOException,SQLSTATE[HY000] [1040] Too many connections
stress,2026-09-10T10:46:45+07:00,500,1780.955,PDOException,SQLSTATE[HY000] [1040] Too many connections
stress,2026-09-10T10:46:45+07:00,500,1539.56,PDOException,SQLSTATE[HY000] [1040] Too many connections
stress,2026-09-10T10:46:45+07:00,500,1506.512,PDOException,SQLSTATE[HY000] [1040] Too many connections
stress,2026-09-10T10:46:45+07:00,500,1532.811,PDOException,SQLSTATE[HY000] [1040] Too many connections
stress,2026-09-10T10:46:45+07:00,500,1567.069,PDOException,SQLSTATE[HY000] [1040] Too many connections
stress,2026-09-10T10:46:45+07:00,500,1430.33,PDOException,SQLSTATE[HY000] [1040] Too many connections
stress,2026-09-10T10:46:46+07:00,500,1154.906,PDOException,SQLSTATE[HY000] [1040] Too many connections
stress,2026-09-10T10:46:46+07:00,500,1665.443,PDOException,SQLSTATE[HY000] [1040] Too many connections
stress,2026-09-10T10:46:46+07:00,500,1169.658,PDOException,SQLSTATE[HY000] [1040] Too many connections
stress,2026-09-10T10:46:46+07:00,500,1748.199,PDOException,SQLSTATE[HY000] [1040] Too many connections
stress,2026-09-10T10:46:46+07:00,500,1707.818,PDOException,SQLSTATE[HY000] [1040] Too many connections
stress,2026-09-10T10:46:46+07:00,500,1785.633,PDOException,SQLSTATE[HY000] [1040] Too many connections
stress,2026-09-10T10:46:46+07:00,500,1191.324,PDOException,SQLSTATE[HY000] [1040] Too many connections
stress,2026-09-10T10:46:46+07:00,500,1228.832,PDOException,SQLSTATE[HY000] [1040] Too many connections
stress,2026-09-10T10:46:46+07:00,500,1798.977,PDOException,SQLSTATE[HY000] [1040] Too many connections
stress,2026-09-10T10:46:46+07:00,500,1386.532,PDOException,SQLSTATE[HY000] [1040] Too many connections
stress,2026-09-10T10:46:46+07:00,500,1398.022,PDOException,SQLSTATE[HY000] [1040] Too many connections
stress,2026-09-10T10:46:46+07:00,500,1481.426,PDOException,SQLSTATE[HY000] [1040] Too many connections
stress,2026-09-10T10:46:46+07:00,500,1481.382,PDOException,SQLSTATE[HY000] [1040] Too many connections
stress,2026-09-10T10:46:46+07:00,500,1510.835,PDOException,SQLSTATE[HY000] [1040] Too many connections
stress,2026-09-10T10:46:46+07:00,500,1429.975,PDOException,SQLSTATE[HY000] [1040] Too many connections
stress,2026-09-10T10:46:46+07:00,500,1546.078,PDOException,SQLSTATE[HY000] [1040] Too many connections
stress,2026-09-10T10:46:46+07:00,500,1447.371,PDOException,SQLSTATE[HY000] [1040] Too many connections
stress,2026-09-10T10:46:46+07:00,500,1554.136,PDOException,SQLSTATE[HY000] [1040] Too many connections
stress,2026-09-10T10:46:46+07:00,500,1335.786,PDOException,SQLSTATE[HY000] [1040] Too many connections
stress,2026-09-10T10:46:46+07:00,500,1561.282,PDOException,SQLSTATE[HY000] [1040] Too many connections
stress,2026-09-10T10:46:46+07:00,500,1620.497,PDOException,SQLSTATE[HY000] [1040] Too many connections
stress,2026-09-10T10:46:46+07:00,500,1643.718,PDOException,SQLSTATE[HY000] [1040] Too many connections
stress,2026-09-10T10:46:46+07:00,500,1509.288,PDOException,SQLSTATE[HY000] [1040] Too many connections
stress,2026-09-10T10:46:46+07:00,500,1645.927,PDOException,SQLSTATE[HY000] [1040] Too many connections
stress,2026-09-10T10:46:47+07:00,500,1458.372,PDOException,SQLSTATE[HY000] [1040] Too many connections
stress,2026-09-10T10:46:47+07:00,500,1436.935,PDOException,SQLSTATE[HY000] [1040] Too many connections
stress,2026-09-10T10:46:47+07:00,500,1543.838,PDOException,SQLSTATE[HY000] [1040] Too many connections
stress,2026-09-10T10:46:47+07:00,500,1545.341,PDOException,SQLSTATE[HY000] [1040] Too many connections
stress,2026-09-10T10:46:47+07:00,500,1469.195,PDOException,SQLSTATE[HY000] [1040] Too many connections
stress,2026-09-10T10:46:47+07:00,500,1471.883,PDOException,SQLSTATE[HY000] [1040] Too many connections
stress,2026-09-10T10:46:47+07:00,500,1485.117,PDOException,SQLSTATE[HY000] [1040] Too many connections
stress,2026-09-10T10:46:47+07:00,500,1600.4,PDOException,SQLSTATE[08004] [1040] Too many connections
stress,2026-09-10T10:46:47+07:00,500,1552.663,PDOException,SQLSTATE[HY000] [1040] Too many connections
stress,2026-09-10T10:46:47+07:00,500,1558.932,PDOException,SQLSTATE[HY000] [1040] Too many connections
stress,2026-09-10T10:46:47+07:00,500,1659.725,PDOException,SQLSTATE[08004] [1040] Too many connections
stress,2026-09-10T10:46:47+07:00,500,1518.783,PDOException,SQLSTATE[HY000] [1040] Too many connections
stress,2026-09-10T10:46:47+07:00,500,1402.953,PDOException,SQLSTATE[HY000] [1040] Too many connections
stress,2026-09-10T10:46:47+07:00,500,1394.487,PDOException,SQLSTATE[08004] [1040] Too many connections
stress,2026-09-10T10:46:47+07:00,500,1435.837,PDOException,SQLSTATE[HY000] [1040] Too many connections
stress,2026-09-10T10:46:47+07:00,500,1420.834,PDOException,SQLSTATE[HY000] [1040] Too many connections
stress,2026-09-10T10:46:47+07:00,500,1597.548,PDOException,SQLSTATE[HY000] [1040] Too many connections
stress,2026-09-10T10:46:47+07:00,500,1475.195,PDOException,SQLSTATE[HY000] [1040] Too many connections
stress,2026-09-10T10:46:47+07:00,500,1611.568,PDOException,SQLSTATE[HY000] [1040] Too many connections
stress,2026-09-10T10:46:47+07:00,500,1541.867,PDOException,SQLSTATE[HY000] [1040] Too many connections
stress,2026-09-10T10:46:47+07:00,500,1583.253,PDOException,SQLSTATE[HY000] [1040] Too many connections
stress,2026-09-10T10:46:47+07:00,500,1374.579,PDOException,SQLSTATE[08004] [1040] Too many connections
stress,2026-09-10T10:46:47+07:00,500,1412.208,PDOException,SQLSTATE[HY000] [1040] Too many connections
stress,2026-09-10T10:46:48+07:00,500,1621.634,PDOException,SQLSTATE[HY000] [1040] Too many connections
stress,2026-09-10T10:46:48+07:00,500,1575.49,PDOException,SQLSTATE[08004] [1040] Too many connections
stress,2026-09-10T10:46:48+07:00,500,1538.929,PDOException,SQLSTATE[HY000] [1040] Too many connections
stress,2026-09-10T10:46:48+07:00,500,1574.478,PDOException,SQLSTATE[HY000] [1040] Too many connections
stress,2026-09-10T10:46:48+07:00,500,1567.417,PDOException,SQLSTATE[HY000] [1040] Too many connections
stress,2026-09-10T10:46:48+07:00,500,1567.466,PDOException,SQLSTATE[HY000] [1040] Too many connections
stress,2026-09-10T10:46:48+07:00,500,1582.4,PDOException,SQLSTATE[HY000] [1040] Too many connections
stress,2026-09-10T10:46:48+07:00,500,1767.803,PDOException,SQLSTATE[HY000] [1040] Too many connections
stress,2026-09-10T10:46:48+07:00,500,1827.362,PDOException,SQLSTATE[HY000] [1040] Too many connections
stress,2026-09-10T10:46:48+07:00,500,1489.887,PDOException,SQLSTATE[HY000] [1040] Too many connections
stress,2026-09-10T10:46:48+07:00,500,1635.387,PDOException,SQLSTATE[HY000] [1040] Too many connections
stress,2026-09-10T10:46:48+07:00,500,1534.905,PDOException,SQLSTATE[HY000] [1040] Too many connections
stress,2026-09-10T10:46:48+07:00,500,1674.746,PDOException,SQLSTATE[HY000] [1040] Too many connections
stress,2026-09-10T10:46:48+07:00,500,1499.216,PDOException,SQLSTATE[HY000] [1040] Too many connections
stress,2026-09-10T10:46:48+07:00,500,1873.184,PDOException,SQLSTATE[HY000] [1040] Too many connections
stress,2026-09-10T10:46:48+07:00,500,1809.653,PDOException,SQLSTATE[HY000] [1040] Too many connections
stress,2026-09-10T10:46:48+07:00,500,1644.242,PDOException,SQLSTATE[HY000] [1040] Too many connections
stress,2026-09-10T10:46:48+07:00,500,1544.708,PDOException,SQLSTATE[HY000] [1040] Too many connections
stress,2026-09-10T10:46:48+07:00,500,1541.476,PDOException,SQLSTATE[HY000] [1040] Too many connections
stress,2026-09-10T10:46:48+07:00,500,1543.088,PDOException,SQLSTATE[HY000] [1040] Too many connections
stress,2026-09-10T10:46:48+07:00,500,1538.086,PDOException,SQLSTATE[08004] [1040] Too many connections
stress,2026-09-10T10:46:48+07:00,500,1820.328,PDOException,SQLSTATE[HY000] [1040] Too many connections
stress,2026-09-10T10:46:48+07:00,500,1550.557,PDOException,SQLSTATE[HY000] [1040] Too many connections
stress,2026-09-10T10:46:48+07:00,500,1728.988,PDOException,SQLSTATE[HY000] [1040] Too many connections
stress,2026-09-10T10:46:48+07:00,500,1493.801,PDOException,SQLSTATE[HY000] [1040] Too many connections
stress,2026-09-10T10:46:48+07:00,500,1567.477,PDOException,SQLSTATE[HY000] [1040] Too many connections
stress,2026-09-10T10:46:48+07:00,500,1567.951,PDOException,SQLSTATE[08004] [1040] Too many connections
stress,2026-09-10T10:46:49+07:00,500,1887.795,PDOException,SQLSTATE[HY000] [1040] Too many connections
stress,2026-09-10T10:46:49+07:00,500,1862.83,PDOException,SQLSTATE[HY000] [1040] Too many connections
stress,2026-09-10T10:46:49+07:00,500,1867.607,PDOException,SQLSTATE[HY000] [1040] Too many connections
stress,2026-09-10T10:46:49+07:00,500,2024.268,PDOException,SQLSTATE[08004] [1040] Too many connections
stress,2026-09-10T10:46:49+07:00,500,2163.945,PDOException,SQLSTATE[HY000] [1040] Too many connections
stress,2026-09-10T10:46:49+07:00,500,1762.497,PDOException,SQLSTATE[HY000] [1040] Too many connections
stress,2026-09-10T10:46:49+07:00,500,2168.785,PDOException,SQLSTATE[08004] [1040] Too many connections
stress,2026-09-10T10:46:49+07:00,500,2073.904,PDOException,SQLSTATE[HY000] [1040] Too many connections
stress,2026-09-10T10:46:49+07:00,500,1765.249,PDOException,SQLSTATE[HY000] [1040] Too many connections
stress,2026-09-10T10:46:49+07:00,500,1688.413,PDOException,SQLSTATE[HY000] [1040] Too many connections
stress,2026-09-10T10:46:49+07:00,500,1607.196,PDOException,SQLSTATE[HY000] [1040] Too many connections
stress,2026-09-10T10:46:49+07:00,500,1864.284,PDOException,SQLSTATE[HY000] [1040] Too many connections
stress,2026-09-10T10:46:49+07:00,500,2174.879,PDOException,SQLSTATE[HY000] [1040] Too many connections
stress,2026-09-10T10:46:49+07:00,500,1873.894,PDOException,SQLSTATE[HY000] [1040] Too many connections
stress,2026-09-10T10:46:49+07:00,500,1748.672,PDOException,SQLSTATE[HY000] [1040] Too many connections
stress,2026-09-10T10:46:49+07:00,500,1804.008,PDOException,SQLSTATE[HY000] [1040] Too many connections
stress,2026-09-10T10:46:49+07:00,500,1848.099,PDOException,SQLSTATE[HY000] [1040] Too many connections
stress,2026-09-10T10:46:49+07:00,500,1848.334,PDOException,SQLSTATE[HY000] [1040] Too many connections
stress,2026-09-10T10:46:50+07:00,500,1485.757,PDOException,SQLSTATE[08004] [1040] Too many connections
stress,2026-09-10T10:46:50+07:00,500,1508.661,PDOException,SQLSTATE[HY000] [1040] Too many connections
stress,2026-09-10T10:46:50+07:00,500,1514.976,PDOException,SQLSTATE[HY000] [1040] Too many connections
stress,2026-09-10T10:46:50+07:00,500,1848.516,PDOException,SQLSTATE[HY000] [1040] Too many connections
stress,2026-09-10T10:46:50+07:00,500,1868.544,PDOException,SQLSTATE[HY000] [1040] Too many connections
stress,2026-09-10T10:46:50+07:00,500,1549.637,PDOException,SQLSTATE[HY000] [1040] Too many connections
stress,2026-09-10T10:46:50+07:00,500,1623.387,PDOException,SQLSTATE[HY000] [1040] Too many connections
stress,2026-09-10T10:46:50+07:00,500,1665.81,PDOException,SQLSTATE[HY000] [1040] Too many connections
stress,2026-09-10T10:46:50+07:00,500,1640.945,PDOException,SQLSTATE[HY000] [1040] Too many connections
stress,2026-09-10T10:46:50+07:00,500,1654.188,PDOException,SQLSTATE[HY000] [1040] Too many connections
stress,2026-09-10T10:46:50+07:00,500,1727.058,PDOException,SQLSTATE[HY000] [1040] Too many connections
stress,2026-09-10T10:46:50+07:00,500,1789.073,PDOException,SQLSTATE[HY000] [1040] Too many connections
stress,2026-09-10T10:46:50+07:00,500,1568.265,PDOException,SQLSTATE[08004] [1040] Too many connections
stress,2026-09-10T10:46:50+07:00,500,1910.86,PDOException,SQLSTATE[HY000] [1040] Too many connections
stress,2026-09-10T10:46:50+07:00,500,1567.095,PDOException,SQLSTATE[HY000] [1040] Too many connections
stress,2026-09-10T10:46:50+07:00,500,1910.886,PDOException,SQLSTATE[HY000] [1040] Too many connections
stress,2026-09-10T10:46:50+07:00,500,1717.978,PDOException,SQLSTATE[HY000] [1040] Too many connections
stress,2026-09-10T10:46:50+07:00,500,1708.698,PDOException,SQLSTATE[HY000] [1040] Too many connections
stress,2026-09-10T10:46:50+07:00,500,1711.228,PDOException,SQLSTATE[HY000] [1040] Too many connections
stress,2026-09-10T10:46:50+07:00,500,1741.638,PDOException,SQLSTATE[HY000] [1040] Too many connections
stress,2026-09-10T10:46:50+07:00,500,1695.464,PDOException,SQLSTATE[08004] [1040] Too many connections
stress,2026-09-10T10:46:50+07:00,500,1726.991,PDOException,SQLSTATE[HY000] [1040] Too many connections
stress,2026-09-10T10:46:50+07:00,500,1744.272,PDOException,SQLSTATE[HY000] [1040] Too many connections
stress,2026-09-10T10:46:51+07:00,500,1938.517,PDOException,SQLSTATE[HY000] [1040] Too many connections
stress,2026-09-10T10:46:51+07:00,500,1895.699,PDOException,SQLSTATE[HY000] [1040] Too many connections
stress,2026-09-10T10:46:51+07:00,500,1432.81,PDOException,SQLSTATE[HY000] [1040] Too many connections
stress,2026-09-10T10:46:51+07:00,500,1432.692,PDOException,SQLSTATE[HY000] [1040] Too many connections
stress,2026-09-10T10:46:51+07:00,500,1426.048,PDOException,SQLSTATE[HY000] [1040] Too many connections
stress,2026-09-10T10:46:51+07:00,500,1517.132,PDOException,SQLSTATE[HY000] [1040] Too many connections
stress,2026-09-10T10:46:51+07:00,500,1528.744,PDOException,SQLSTATE[HY000] [1040] Too many connections
stress,2026-09-10T10:46:51+07:00,500,1534.599,PDOException,SQLSTATE[HY000] [1040] Too many connections
stress,2026-09-10T10:46:51+07:00,500,1584.325,PDOException,SQLSTATE[HY000] [1040] Too many connections
stress,2026-09-10T10:46:51+07:00,500,1609.144,PDOException,SQLSTATE[HY000] [1040] Too many connections
stress,2026-09-10T10:46:51+07:00,500,1613.742,PDOException,SQLSTATE[HY000] [1040] Too many connections
stress,2026-09-10T10:46:51+07:00,500,1538.156,PDOException,SQLSTATE[HY000] [1040] Too many connections
stress,2026-09-10T10:46:51+07:00,500,1574.022,PDOException,SQLSTATE[HY000] [1040] Too many connections
stress,2026-09-10T10:46:51+07:00,500,1536.792,PDOException,SQLSTATE[HY000] [1040] Too many connections
stress,2026-09-10T10:46:51+07:00,500,1537.234,PDOException,SQLSTATE[HY000] [1040] Too many connections
stress,2026-09-10T10:46:51+07:00,500,1751.952,PDOException,SQLSTATE[HY000] [1040] Too many connections
stress,2026-09-10T10:46:51+07:00,500,1863.089,PDOException,SQLSTATE[HY000] [1040] Too many connections
stress,2026-09-10T10:46:51+07:00,500,1545.932,PDOException,SQLSTATE[HY000] [1040] Too many connections
stress,2026-09-10T10:46:51+07:00,500,1634.3,PDOException,SQLSTATE[HY000] [1040] Too many connections
stress,2026-09-10T10:46:51+07:00,500,1600.519,PDOException,SQLSTATE[HY000] [1040] Too many connections
stress,2026-09-10T10:46:51+07:00,500,1630.15,PDOException,SQLSTATE[08004] [1040] Too many connections
stress,2026-09-10T10:46:51+07:00,500,1730.131,PDOException,SQLSTATE[HY000] [1040] Too many connections
stress,2026-09-10T10:46:51+07:00,500,1571.662,PDOException,SQLSTATE[HY000] [1040] Too many connections
stress,2026-09-10T10:46:51+07:00,500,1700.742,PDOException,SQLSTATE[HY000] [1040] Too many connections
stress,2026-09-10T10:46:51+07:00,500,1452.133,PDOException,SQLSTATE[HY000] [1040] Too many connections
stress,2026-09-10T10:46:51+07:00,500,1589.881,PDOException,SQLSTATE[HY000] [1040] Too many connections
stress,2026-09-10T10:46:51+07:00,500,1651.011,PDOException,SQLSTATE[HY000] [1040] Too many connections
stress,2026-09-10T10:46:52+07:00,500,1568.706,PDOException,SQLSTATE[HY000] [1040] Too many connections
stress,2026-09-10T10:46:52+07:00,500,1675.429,PDOException,SQLSTATE[HY000] [1040] Too many connections
stress,2026-09-10T10:46:52+07:00,500,1683.076,PDOException,SQLSTATE[HY000] [1040] Too many connections
stress,2026-09-10T10:46:52+07:00,500,1602.838,PDOException,SQLSTATE[HY000] [1040] Too many connections
stress,2026-09-10T10:46:52+07:00,500,1740.179,PDOException,SQLSTATE[HY000] [1040] Too many connections
stress,2026-09-10T10:46:52+07:00,500,1547.77,PDOException,SQLSTATE[HY000] [1040] Too many connections
stress,2026-09-10T10:46:52+07:00,500,1741.251,PDOException,SQLSTATE[HY000] [1040] Too many connections
stress,2026-09-10T10:46:52+07:00,500,1721.885,PDOException,SQLSTATE[HY000] [1040] Too many connections
stress,2026-09-10T10:46:52+07:00,500,1518.611,PDOException,SQLSTATE[HY000] [1040] Too many connections
stress,2026-09-10T10:46:52+07:00,500,1417.746,PDOException,SQLSTATE[HY000] [1040] Too many connections
stress,2026-09-10T10:46:52+07:00,500,1548.887,PDOException,SQLSTATE[HY000] [1040] Too many connections
stress,2026-09-10T10:46:52+07:00,500,1550.539,PDOException,SQLSTATE[HY000] [1040] Too many connections
stress,2026-09-10T10:46:52+07:00,500,1557.706,PDOException,SQLSTATE[HY000] [1040] Too many connections
stress,2026-09-10T10:46:52+07:00,500,1563.892,PDOException,SQLSTATE[HY000] [1040] Too many connections
stress,2026-09-10T10:46:52+07:00,500,1565.324,PDOException,SQLSTATE[HY000] [1040] Too many connections
stress,2026-09-10T10:46:52+07:00,500,1503.482,PDOException,SQLSTATE[HY000] [1040] Too many connections
stress,2026-09-10T10:46:52+07:00,500,1582.486,PDOException,SQLSTATE[HY000] [1040] Too many connections
stress,2026-09-10T10:46:52+07:00,500,1651.899,PDOException,SQLSTATE[HY000] [1040] Too many connections
stress,2026-09-10T10:46:52+07:00,500,1597.029,PDOException,SQLSTATE[HY000] [1040] Too many connections
stress,2026-09-10T10:46:52+07:00,500,1643.814,PDOException,SQLSTATE[HY000] [1040] Too many connections
stress,2026-09-10T10:46:52+07:00,500,1638.25,PDOException,SQLSTATE[HY000] [1040] Too many connections
stress,2026-09-10T10:46:52+07:00,500,1453.649,PDOException,SQLSTATE[HY000] [1040] Too many connections
stress,2026-09-10T10:46:52+07:00,500,1625.482,PDOException,SQLSTATE[08004] [1040] Too many connections
stress,2026-09-10T10:46:53+07:00,500,1667.636,PDOException,SQLSTATE[HY000] [1040] Too many connections
stress,2026-09-10T10:46:53+07:00,500,1554.054,PDOException,SQLSTATE[08004] [1040] Too many connections
stress,2026-09-10T10:46:53+07:00,500,1678.437,PDOException,SQLSTATE[08004] [1040] Too many connections
stress,2026-09-10T10:46:53+07:00,500,1605.223,PDOException,SQLSTATE[HY000] [1040] Too many connections
stress,2026-09-10T10:46:53+07:00,500,1690.709,PDOException,SQLSTATE[HY000] [1040] Too many connections
stress,2026-09-10T10:46:53+07:00,500,1843.333,PDOException,SQLSTATE[HY000] [1040] Too many connections
stress,2026-09-10T10:46:53+07:00,500,1615.564,PDOException,SQLSTATE[HY000] [1040] Too many connections
stress,2026-09-10T10:46:53+07:00,500,1800.843,PDOException,SQLSTATE[HY000] [1040] Too many connections
stress,2026-09-10T10:46:53+07:00,500,1718.025,PDOException,SQLSTATE[HY000] [1040] Too many connections
stress,2026-09-10T10:46:53+07:00,500,1727.75,PDOException,SQLSTATE[HY000] [1040] Too many connections
stress,2026-09-10T10:46:53+07:00,500,1559.363,PDOException,SQLSTATE[HY000] [1040] Too many connections
stress,2026-09-10T10:46:53+07:00,500,1560.49,PDOException,SQLSTATE[HY000] [1040] Too many connections
stress,2026-09-10T10:46:53+07:00,500,1709.271,PDOException,SQLSTATE[HY000] [1040] Too many connections
stress,2026-09-10T10:46:53+07:00,500,1739.543,PDOException,SQLSTATE[HY000] [1040] Too many connections
stress,2026-09-10T10:46:53+07:00,500,1733.894,PDOException,SQLSTATE[HY000] [1040] Too many connections
stress,2026-09-10T10:46:53+07:00,500,1656.586,PDOException,SQLSTATE[HY000] [1040] Too many connections
stress,2026-09-10T10:46:53+07:00,500,1873.575,PDOException,SQLSTATE[HY000] [1040] Too many connections
stress,2026-09-10T10:46:53+07:00,500,1677.524,PDOException,SQLSTATE[HY000] [1040] Too many connections
stress,2026-09-10T10:46:54+07:00,500,1607.573,PDOException,SQLSTATE[HY000] [1040] Too many connections
stress,2026-09-10T10:46:54+07:00,500,1627.618,PDOException,SQLSTATE[HY000] [1040] Too many connections
stress,2026-09-10T10:46:54+07:00,500,1630.998,PDOException,SQLSTATE[HY000] [1040] Too many connections
stress,2026-09-10T10:46:54+07:00,500,1731.019,PDOException,SQLSTATE[HY000] [1040] Too many connections
stress,2026-09-10T10:46:54+07:00,500,1552.714,PDOException,SQLSTATE[HY000] [1040] Too many connections
stress,2026-09-10T10:46:54+07:00,500,1571.105,PDOException,SQLSTATE[HY000] [1040] Too many connections
stress,2026-09-10T10:46:54+07:00,500,1751.918,PDOException,SQLSTATE[HY000] [1040] Too many connections
stress,2026-09-10T10:46:54+07:00,500,1876.537,PDOException,SQLSTATE[HY000] [1040] Too many connections
stress,2026-09-10T10:46:54+07:00,500,1876.708,PDOException,SQLSTATE[HY000] [1040] Too many connections
stress,2026-09-10T10:46:54+07:00,500,1705.284,PDOException,SQLSTATE[HY000] [1040] Too many connections
stress,2026-09-10T10:46:54+07:00,500,1828.23,PDOException,SQLSTATE[HY000] [1040] Too many connections
stress,2026-09-10T10:46:54+07:00,500,1822.085,PDOException,SQLSTATE[HY000] [1040] Too many connections
stress,2026-09-10T10:46:54+07:00,500,1696.55,PDOException,SQLSTATE[HY000] [1040] Too many connections
stress,2026-09-10T10:46:54+07:00,500,1707.231,PDOException,SQLSTATE[HY000] [1040] Too many connections
stress,2026-09-10T10:46:54+07:00,500,1761.843,PDOException,SQLSTATE[HY000] [1040] Too many connections
stress,2026-09-10T10:46:54+07:00,500,1806.204,PDOException,SQLSTATE[HY000] [1040] Too many connections
stress,2026-09-10T10:46:54+07:00,500,1696.446,PDOException,SQLSTATE[HY000] [1040] Too many connections
stress,2026-09-10T10:46:54+07:00,500,1588.049,PDOException,SQLSTATE[HY000] [1040] Too many connections
stress,2026-09-10T10:46:54+07:00,500,1773.123,PDOException,SQLSTATE[HY000] [1040] Too many connections
stress,2026-09-10T10:46:55+07:00,500,1853.23,PDOException,SQLSTATE[HY000] [1040] Too many connections
stress,2026-09-10T10:46:55+07:00,500,1990.378,PDOException,SQLSTATE[HY000] [1040] Too many connections
stress,2026-09-10T10:46:55+07:00,500,1972.9,PDOException,SQLSTATE[HY000] [1040] Too many connections
stress,2026-09-10T10:46:55+07:00,500,1967.529,PDOException,SQLSTATE[HY000] [1040] Too many connections
stress,2026-09-10T10:46:55+07:00,500,1994.98,PDOException,SQLSTATE[HY000] [1040] Too many connections
stress,2026-09-10T10:46:55+07:00,500,2067.607,PDOException,SQLSTATE[HY000] [1040] Too many connections
stress,2026-09-10T10:46:55+07:00,500,2067.461,PDOException,SQLSTATE[HY000] [1040] Too many connections
stress,2026-09-10T10:46:55+07:00,500,2085.871,PDOException,SQLSTATE[HY000] [1040] Too many connections
stress,2026-09-10T10:46:55+07:00,500,1902.264,PDOException,SQLSTATE[HY000] [1040] Too many connections
stress,2026-09-10T10:46:55+07:00,500,1878.042,PDOException,SQLSTATE[HY000] [1040] Too many connections
stress,2026-09-10T10:46:55+07:00,500,1982.375,PDOException,SQLSTATE[HY000] [1040] Too many connections
stress,2026-09-10T10:46:55+07:00,500,1836.098,PDOException,SQLSTATE[HY000] [1040] Too many connections
stress,2026-09-10T10:46:55+07:00,500,2157.643,PDOException,SQLSTATE[HY000] [1040] Too many connections
stress,2026-09-10T10:46:55+07:00,500,1897.852,PDOException,SQLSTATE[HY000] [1040] Too many connections
stress,2026-09-10T10:46:55+07:00,500,1955.928,PDOException,SQLSTATE[HY000] [1040] Too many connections
stress,2026-09-10T10:46:55+07:00,500,1963.281,PDOException,SQLSTATE[HY000] [1040] Too many connections
stress,2026-09-10T10:46:55+07:00,500,2005.888,PDOException,SQLSTATE[HY000] [1040] Too many connections
stress,2026-09-10T10:46:55+07:00,500,2080.313,PDOException,SQLSTATE[HY000] [1040] Too many connections
stress,2026-09-10T10:46:56+07:00,500,2087.505,PDOException,SQLSTATE[HY000] [1040] Too many connections
stress,2026-09-10T10:46:56+07:00,500,1958.427,PDOException,SQLSTATE[HY000] [1040] Too many connections
stress,2026-09-10T10:46:56+07:00,500,1808.454,PDOException,SQLSTATE[HY000] [1040] Too many connections
stress,2026-09-10T10:46:56+07:00,500,1978.677,PDOException,SQLSTATE[HY000] [1040] Too many connections
stress,2026-09-10T10:46:56+07:00,500,2006.272,PDOException,SQLSTATE[HY000] [1040] Too many connections
stress,2026-09-10T10:46:56+07:00,500,2258.22,PDOException,SQLSTATE[HY000] [1040] Too many connections
stress,2026-09-10T10:46:56+07:00,500,2197.019,PDOException,SQLSTATE[HY000] [1040] Too many connections
stress,2026-09-10T10:46:56+07:00,500,1854.85,PDOException,SQLSTATE[HY000] [1040] Too many connections
stress,2026-09-10T10:46:56+07:00,500,1909.148,PDOException,SQLSTATE[HY000] [1040] Too many connections
stress,2026-09-10T10:46:56+07:00,500,1909.171,PDOException,SQLSTATE[HY000] [1040] Too many connections
stress,2026-09-10T10:46:56+07:00,500,1837.775,PDOException,SQLSTATE[HY000] [1040] Too many connections
stress,2026-09-10T10:46:56+07:00,500,1918.548,PDOException,SQLSTATE[HY000] [1040] Too many connections
stress,2026-09-10T10:46:56+07:00,500,1978.08,PDOException,SQLSTATE[HY000] [1040] Too many connections
stress,2026-09-10T10:46:56+07:00,500,2035.93,PDOException,SQLSTATE[HY000] [1040] Too many connections
stress,2026-09-10T10:46:56+07:00,500,1632.118,PDOException,SQLSTATE[HY000] [1040] Too many connections
stress,2026-09-10T10:46:56+07:00,500,1631.349,PDOException,SQLSTATE[HY000] [1040] Too many connections
stress,2026-09-10T10:46:56+07:00,500,2074.655,PDOException,SQLSTATE[HY000] [1040] Too many connections
stress,2026-09-10T10:46:56+07:00,500,1741.298,PDOException,SQLSTATE[HY000] [1040] Too many connections
stress,2026-09-10T10:46:56+07:00,500,1711.203,PDOException,SQLSTATE[HY000] [1040] Too many connections
stress,2026-09-10T10:46:56+07:00,500,2000.346,PDOException,SQLSTATE[HY000] [1040] Too many connections
stress,2026-09-10T10:46:56+07:00,500,2052.25,PDOException,SQLSTATE[HY000] [1040] Too many connections
stress,2026-09-10T10:46:57+07:00,500,1775.478,PDOException,SQLSTATE[08004] [1040] Too many connections
stress,2026-09-10T10:46:57+07:00,500,1682.379,PDOException,SQLSTATE[HY000] [1040] Too many connections
stress,2026-09-10T10:46:57+07:00,500,1574.942,PDOException,SQLSTATE[08004] [1040] Too many connections
stress,2026-09-10T10:46:57+07:00,500,1574.337,PDOException,SQLSTATE[HY000] [1040] Too many connections
stress,2026-09-10T10:46:57+07:00,500,1829.063,PDOException,SQLSTATE[HY000] [1040] Too many connections
stress,2026-09-10T10:46:57+07:00,500,1884.123,PDOException,SQLSTATE[HY000] [1040] Too many connections
stress,2026-09-10T10:46:57+07:00,500,1590.459,PDOException,SQLSTATE[HY000] [1040] Too many connections
stress,2026-09-10T10:46:57+07:00,500,1643.796,PDOException,SQLSTATE[HY000] [1040] Too many connections
stress,2026-09-10T10:46:57+07:00,500,1651.736,PDOException,SQLSTATE[HY000] [1040] Too many connections
stress,2026-09-10T10:46:57+07:00,500,1674.553,PDOException,SQLSTATE[HY000] [1040] Too many connections
stress,2026-09-10T10:46:57+07:00,500,1656.055,PDOException,SQLSTATE[HY000] [1040] Too many connections
stress,2026-09-10T10:46:57+07:00,500,1539.579,PDOException,SQLSTATE[HY000] [1040] Too many connections
stress,2026-09-10T10:46:57+07:00,500,1704.081,PDOException,SQLSTATE[HY000] [1040] Too many connections
stress,2026-09-10T10:46:57+07:00,500,1715.994,PDOException,SQLSTATE[HY000] [1040] Too many connections
stress,2026-09-10T10:46:57+07:00,500,1579.202,PDOException,SQLSTATE[HY000] [1040] Too many connections
stress,2026-09-10T10:46:57+07:00,500,1727.2,PDOException,SQLSTATE[HY000] [1040] Too many connections
stress,2026-09-10T10:46:57+07:00,500,1822.794,PDOException,SQLSTATE[HY000] [1040] Too many connections
stress,2026-09-10T10:46:57+07:00,500,1612.893,PDOException,SQLSTATE[HY000] [1040] Too many connections
stress,2026-09-10T10:46:57+07:00,500,1917.426,PDOException,SQLSTATE[HY000] [1040] Too many connections
stress,2026-09-10T10:46:57+07:00,500,1970.905,PDOException,SQLSTATE[HY000] [1040] Too many connections
stress,2026-09-10T10:46:57+07:00,500,1856.537,PDOException,SQLSTATE[HY000] [1040] Too many connections
stress,2026-09-10T10:46:57+07:00,500,1634.521,PDOException,SQLSTATE[HY000] [1040] Too many connections
stress,2026-09-10T10:46:57+07:00,500,1618.939,PDOException,SQLSTATE[HY000] [1040] Too many connections
stress,2026-09-10T10:46:57+07:00,500,1619.479,PDOException,SQLSTATE[HY000] [1040] Too many connections
stress,2026-09-10T10:46:58+07:00,500,1790.749,PDOException,SQLSTATE[HY000] [1040] Too many connections
stress,2026-09-10T10:46:58+07:00,500,1739.914,PDOException,SQLSTATE[HY000] [1040] Too many connections
stress,2026-09-10T10:46:58+07:00,500,1749.818,PDOException,SQLSTATE[HY000] [1040] Too many connections
stress,2026-09-10T10:46:58+07:00,500,1578.174,PDOException,SQLSTATE[08004] [1040] Too many connections
stress,2026-09-10T10:46:58+07:00,500,1749.813,PDOException,SQLSTATE[HY000] [1040] Too many connections
stress,2026-09-10T10:46:58+07:00,500,1749.509,PDOException,SQLSTATE[08004] [1040] Too many connections
stress,2026-09-10T10:46:58+07:00,500,1622.62,PDOException,SQLSTATE[HY000] [1040] Too many connections
stress,2026-09-10T10:46:58+07:00,500,1665.42,PDOException,SQLSTATE[HY000] [1040] Too many connections
stress,2026-09-10T10:46:58+07:00,500,1669.49,PDOException,SQLSTATE[HY000] [1040] Too many connections
stress,2026-09-10T10:46:58+07:00,500,1666.795,PDOException,SQLSTATE[HY000] [1040] Too many connections
stress,2026-09-10T10:46:58+07:00,500,1673.63,PDOException,SQLSTATE[HY000] [1040] Too many connections
stress,2026-09-10T10:46:58+07:00,500,1686.366,PDOException,SQLSTATE[HY000] [1040] Too many connections
stress,2026-09-10T10:46:58+07:00,500,1649.953,PDOException,SQLSTATE[HY000] [1040] Too many connections
stress,2026-09-10T10:46:58+07:00,500,1731.521,PDOException,SQLSTATE[HY000] [1040] Too many connections
stress,2026-09-10T10:46:58+07:00,500,1586.784,PDOException,SQLSTATE[HY000] [1040] Too many connections
stress,2026-09-10T10:46:58+07:00,500,1860.646,PDOException,SQLSTATE[HY000] [1040] Too many connections
stress,2026-09-10T10:46:58+07:00,500,1767.086,PDOException,SQLSTATE[HY000] [1040] Too many connections
stress,2026-09-10T10:46:58+07:00,500,1616.788,PDOException,SQLSTATE[HY000] [1040] Too many connections
stress,2026-09-10T10:46:58+07:00,500,1890.74,PDOException,SQLSTATE[08004] [1040] Too many connections
stress,2026-09-10T10:46:58+07:00,500,1896.049,PDOException,SQLSTATE[HY000] [1040] Too many connections
stress,2026-09-10T10:46:58+07:00,500,1964.021,PDOException,SQLSTATE[HY000] [1040] Too many connections
stress,2026-09-10T10:46:58+07:00,500,1672.956,PDOException,SQLSTATE[08004] [1040] Too many connections
stress,2026-09-10T10:46:59+07:00,500,1987.321,PDOException,SQLSTATE[HY000] [1040] Too many connections
stress,2026-09-10T10:46:59+07:00,500,1876.834,PDOException,SQLSTATE[HY000] [1040] Too many connections
stress,2026-09-10T10:46:59+07:00,500,1976.907,PDOException,SQLSTATE[HY000] [1040] Too many connections
stress,2026-09-10T10:46:59+07:00,500,1853.747,PDOException,SQLSTATE[HY000] [1040] Too many connections
stress,2026-09-10T10:46:59+07:00,500,1989.229,PDOException,SQLSTATE[HY000] [1040] Too many connections
stress,2026-09-10T10:46:59+07:00,500,1851.275,PDOException,SQLSTATE[HY000] [1040] Too many connections
stress,2026-09-10T10:46:59+07:00,500,1865.882,PDOException,SQLSTATE[HY000] [1040] Too many connections
stress,2026-09-10T10:46:59+07:00,500,1946.66,PDOException,SQLSTATE[HY000] [1040] Too many connections
stress,2026-09-10T10:46:59+07:00,500,2267.332,PDOException,SQLSTATE[HY000] [1040] Too many connections
stress,2026-09-10T10:46:59+07:00,500,2276.098,PDOException,SQLSTATE[HY000] [1040] Too many connections
stress,2026-09-10T10:46:59+07:00,500,1773.354,PDOException,SQLSTATE[HY000] [1040] Too many connections
stress,2026-09-10T10:46:59+07:00,500,1786.467,PDOException,SQLSTATE[HY000] [1040] Too many connections
stress,2026-09-10T10:46:59+07:00,500,2020.383,PDOException,SQLSTATE[HY000] [1040] Too many connections
stress,2026-09-10T10:46:59+07:00,500,2002.871,PDOException,SQLSTATE[HY000] [1040] Too many connections
stress,2026-09-10T10:46:59+07:00,500,1864.611,PDOException,SQLSTATE[HY000] [1040] Too many connections
stress,2026-09-10T10:46:59+07:00,500,2002.165,PDOException,SQLSTATE[HY000] [1040] Too many connections
stress,2026-09-10T10:46:59+07:00,500,1824.013,PDOException,SQLSTATE[HY000] [1040] Too many connections
stress,2026-09-10T10:46:59+07:00,500,1772.358,PDOException,SQLSTATE[HY000] [1040] Too many connections
stress,2026-09-10T10:47:00+07:00,500,1920.414,PDOException,SQLSTATE[HY000] [1040] Too many connections
stress,2026-09-10T10:47:00+07:00,500,1701.63,PDOException,SQLSTATE[HY000] [1040] Too many connections
stress,2026-09-10T10:47:00+07:00,500,1816.684,PDOException,SQLSTATE[08004] [1040] Too many connections
stress,2026-09-10T10:47:00+07:00,500,1851.77,PDOException,SQLSTATE[HY000] [1040] Too many connections
stress,2026-09-10T10:47:00+07:00,500,1851.663,PDOException,SQLSTATE[HY000] [1040] Too many connections
stress,2026-09-10T10:47:00+07:00,500,1852.184,PDOException,SQLSTATE[HY000] [1040] Too many connections
stress,2026-09-10T10:47:00+07:00,500,2065.563,PDOException,SQLSTATE[HY000] [1040] Too many connections
stress,2026-09-10T10:47:00+07:00,500,2058.629,PDOException,SQLSTATE[HY000] [1040] Too many connections
stress,2026-09-10T10:47:00+07:00,500,1828.202,PDOException,SQLSTATE[HY000] [1040] Too many connections
stress,2026-09-10T10:47:00+07:00,500,1883.203,PDOException,SQLSTATE[HY000] [1040] Too many connections
stress,2026-09-10T10:47:00+07:00,500,1913.539,PDOException,SQLSTATE[HY000] [1040] Too many connections
stress,2026-09-10T10:47:00+07:00,500,1947.377,PDOException,SQLSTATE[HY000] [1040] Too many connections
stress,2026-09-10T10:47:00+07:00,500,2002.428,PDOException,SQLSTATE[HY000] [1040] Too many connections
stress,2026-09-10T10:47:00+07:00,500,1888.298,PDOException,SQLSTATE[HY000] [1040] Too many connections
stress,2026-09-10T10:47:00+07:00,500,1856.534,PDOException,SQLSTATE[HY000] [1040] Too many connections
stress,2026-09-10T10:47:00+07:00,500,1881.807,PDOException,SQLSTATE[HY000] [1040] Too many connections
stress,2026-09-10T10:47:00+07:00,500,1848.198,PDOException,SQLSTATE[HY000] [1040] Too many connections
stress,2026-09-10T10:47:00+07:00,500,1907.082,PDOException,SQLSTATE[HY000] [1040] Too many connections
stress,2026-09-10T10:47:00+07:00,500,1911.109,PDOException,SQLSTATE[HY000] [1040] Too many connections
stress,2026-09-10T10:47:00+07:00,500,2179.521,PDOException,SQLSTATE[HY000] [1040] Too many connections
stress,2026-09-10T10:47:00+07:00,500,1953.891,PDOException,SQLSTATE[HY000] [1040] Too many connections
stress,2026-09-10T10:47:00+07:00,500,1908.034,PDOException,SQLSTATE[HY000] [1040] Too many connections
stress,2026-09-10T10:47:00+07:00,500,2081.831,PDOException,SQLSTATE[HY000] [1040] Too many connections
stress,2026-09-10T10:47:00+07:00,500,2064.471,PDOException,SQLSTATE[HY000] [1040] Too many connections
stress,2026-09-10T10:47:00+07:00,500,1996.982,PDOException,SQLSTATE[HY000] [1040] Too many connections
stress,2026-09-10T10:47:00+07:00,500,1987.6,PDOException,SQLSTATE[HY000] [1040] Too many connections
stress,2026-09-10T10:47:01+07:00,500,2077.234,PDOException,SQLSTATE[HY000] [1040] Too many connections
stress,2026-09-10T10:47:01+07:00,500,2059.727,PDOException,SQLSTATE[HY000] [1040] Too many connections
stress,2026-09-10T10:47:01+07:00,500,1978.95,PDOException,SQLSTATE[HY000] [1040] Too many connections
stress,2026-09-10T10:47:01+07:00,500,2184.122,PDOException,SQLSTATE[HY000] [1040] Too many connections
stress,2026-09-10T10:47:02+07:00,500,2505.476,PDOException,SQLSTATE[HY000] [1040] Too many connections
stress,2026-09-10T10:47:02+07:00,500,2510.685,PDOException,SQLSTATE[HY000] [1040] Too many connections
stress,2026-09-10T10:47:02+07:00,500,2575.663,PDOException,SQLSTATE[HY000] [1040] Too many connections
stress,2026-09-10T10:47:02+07:00,500,2614.403,PDOException,SQLSTATE[HY000] [1040] Too many connections
stress,2026-09-10T10:47:02+07:00,500,2613.708,PDOException,SQLSTATE[HY000] [1040] Too many connections
stress,2026-09-10T10:47:02+07:00,500,2618.749,PDOException,SQLSTATE[HY000] [1040] Too many connections
stress,2026-09-10T10:47:02+07:00,500,2615.86,PDOException,SQLSTATE[HY000] [1040] Too many connections
stress,2026-09-10T10:47:02+07:00,500,2403.778,PDOException,SQLSTATE[HY000] [1040] Too many connections
stress,2026-09-10T10:47:02+07:00,500,2644.21,PDOException,SQLSTATE[HY000] [1040] Too many connections
stress,2026-09-10T10:47:02+07:00,500,2584.262,PDOException,SQLSTATE[HY000] [1040] Too many connections
stress,2026-09-10T10:47:02+07:00,500,2649.959,PDOException,SQLSTATE[HY000] [1040] Too many connections
stress,2026-09-10T10:47:02+07:00,500,2473.425,PDOException,SQLSTATE[HY000] [1040] Too many connections
stress,2026-09-10T10:47:02+07:00,500,2471.052,PDOException,SQLSTATE[HY000] [1040] Too many connections
stress,2026-09-10T10:47:02+07:00,500,2507.934,PDOException,SQLSTATE[HY000] [1040] Too many connections
stress,2026-09-10T10:47:02+07:00,500,2473.643,PDOException,SQLSTATE[HY000] [1040] Too many connections
stress,2026-09-10T10:47:03+07:00,500,2553.003,PDOException,SQLSTATE[HY000] [1040] Too many connections
stress,2026-09-10T10:47:03+07:00,500,2560.799,PDOException,SQLSTATE[HY000] [1040] Too many connections
stress,2026-09-10T10:47:03+07:00,500,2677.341,PDOException,SQLSTATE[HY000] [1040] Too many connections
stress,2026-09-10T10:47:03+07:00,500,2674.123,PDOException,SQLSTATE[HY000] [1040] Too many connections
stress,2026-09-10T10:47:03+07:00,500,2523.263,PDOException,SQLSTATE[HY000] [1040] Too many connections
stress,2026-09-10T10:47:03+07:00,500,2754.802,PDOException,SQLSTATE[HY000] [1040] Too many connections
stress,2026-09-10T10:47:03+07:00,500,2616.108,PDOException,SQLSTATE[HY000] [1040] Too many connections
stress,2026-09-10T10:47:03+07:00,500,2608.53,PDOException,SQLSTATE[HY000] [1040] Too many connections
stress,2026-09-10T10:47:03+07:00,500,2536.553,PDOException,SQLSTATE[HY000] [1040] Too many connections
stress,2026-09-10T10:47:03+07:00,500,2396.953,PDOException,SQLSTATE[HY000] [1040] Too many connections
stress,2026-09-10T10:47:03+07:00,500,2543.938,PDOException,SQLSTATE[HY000] [1040] Too many connections
stress,2026-09-10T10:47:03+07:00,500,2513.86,PDOException,SQLSTATE[HY000] [1040] Too many connections
stress,2026-09-10T10:47:03+07:00,500,2417.335,PDOException,SQLSTATE[HY000] [1040] Too many connections
stress,2026-09-10T10:47:03+07:00,500,2556.6,PDOException,SQLSTATE[HY000] [1040] Too many connections
stress,2026-09-10T10:47:03+07:00,500,2476.02,PDOException,SQLSTATE[HY000] [1040] Too many connections
stress,2026-09-10T10:47:03+07:00,500,2721.603,PDOException,SQLSTATE[HY000] [1040] Too many connections
stress,2026-09-10T10:47:03+07:00,500,2525.593,PDOException,SQLSTATE[HY000] [1040] Too many connections
stress,2026-09-10T10:47:03+07:00,500,2591.128,PDOException,SQLSTATE[HY000] [1040] Too many connections
stress,2026-09-10T10:47:03+07:00,500,2700.805,PDOException,SQLSTATE[HY000] [1040] Too many connections
stress,2026-09-10T10:47:03+07:00,500,2446.744,PDOException,SQLSTATE[HY000] [1040] Too many connections
stress,2026-09-10T10:47:03+07:00,500,2431.876,PDOException,SQLSTATE[HY000] [1040] Too many connections
stress,2026-09-10T10:47:03+07:00,500,2276.362,PDOException,SQLSTATE[HY000] [1040] Too many connections
stress,2026-09-10T10:47:03+07:00,500,2344.717,PDOException,SQLSTATE[HY000] [1040] Too many connections
stress,2026-09-10T10:47:03+07:00,500,1759.522,PDOException,SQLSTATE[HY000] [1040] Too many connections
stress,2026-09-10T10:47:03+07:00,500,2398.607,PDOException,SQLSTATE[HY000] [1040] Too many connections
stress,2026-09-10T10:47:04+07:00,500,2231.815,PDOException,SQLSTATE[HY000] [1040] Too many connections
stress,2026-09-10T10:47:04+07:00,500,1903.025,PDOException,SQLSTATE[HY000] [1040] Too many connections
stress,2026-09-10T10:47:04+07:00,500,1879.503,PDOException,SQLSTATE[HY000] [1040] Too many connections
stress,2026-09-10T10:47:04+07:00,500,1935.318,PDOException,SQLSTATE[HY000] [1040] Too many connections
stress,2026-09-10T10:47:04+07:00,500,1776.781,PDOException,SQLSTATE[HY000] [1040] Too many connections
stress,2026-09-10T10:47:04+07:00,500,1941.79,PDOException,SQLSTATE[HY000] [1040] Too many connections
stress,2026-09-10T10:47:04+07:00,500,1674.67,PDOException,SQLSTATE[HY000] [1040] Too many connections
stress,2026-09-10T10:47:04+07:00,500,1792.392,PDOException,SQLSTATE[HY000] [1040] Too many connections
stress,2026-09-10T10:47:04+07:00,500,1885.681,PDOException,SQLSTATE[HY000] [1040] Too many connections
stress,2026-09-10T10:47:04+07:00,500,1811.751,PDOException,SQLSTATE[HY000] [1040] Too many connections
stress,2026-09-10T10:47:04+07:00,500,1845.555,PDOException,SQLSTATE[HY000] [1040] Too many connections
stress,2026-09-10T10:47:04+07:00,500,1854.07,PDOException,SQLSTATE[HY000] [1040] Too many connections
stress,2026-09-10T10:47:04+07:00,500,1797.333,PDOException,SQLSTATE[HY000] [1040] Too many connections
stress,2026-09-10T10:47:04+07:00,500,1778.769,PDOException,SQLSTATE[HY000] [1040] Too many connections
stress,2026-09-10T10:47:04+07:00,500,1838.261,PDOException,SQLSTATE[08004] [1040] Too many connections
stress,2026-09-10T10:47:04+07:00,500,1849.311,PDOException,SQLSTATE[HY000] [1040] Too many connections
stress,2026-09-10T10:47:04+07:00,500,1783.077,PDOException,SQLSTATE[HY000] [1040] Too many connections
stress,2026-09-10T10:47:04+07:00,500,1881.648,PDOException,SQLSTATE[HY000] [1040] Too many connections
stress,2026-09-10T10:47:04+07:00,500,1714.336,PDOException,SQLSTATE[HY000] [1040] Too many connections
stress,2026-09-10T10:47:04+07:00,500,1763.876,PDOException,SQLSTATE[HY000] [1040] Too many connections
stress,2026-09-10T10:47:04+07:00,500,1729.076,PDOException,SQLSTATE[HY000] [1040] Too many connections
stress,2026-09-10T10:47:04+07:00,500,2246.565,PDOException,SQLSTATE[HY000] [1040] Too many connections
stress,2026-09-10T10:47:04+07:00,500,1783.267,PDOException,SQLSTATE[HY000] [1040] Too many connections
stress,2026-09-10T10:47:04+07:00,500,1790.544,PDOException,SQLSTATE[HY000] [1040] Too many connections
stress,2026-09-10T10:47:05+07:00,500,1833.118,PDOException,SQLSTATE[HY000] [1040] Too many connections
stress,2026-09-10T10:47:05+07:00,500,2076.311,PDOException,SQLSTATE[HY000] [1040] Too many connections
stress,2026-09-10T10:47:05+07:00,500,1835.845,PDOException,SQLSTATE[HY000] [1040] Too many connections
stress,2026-09-10T10:47:05+07:00,500,1845.503,PDOException,SQLSTATE[HY000] [1040] Too many connections
stress,2026-09-10T10:47:05+07:00,500,1890.38,PDOException,SQLSTATE[HY000] [1040] Too many connections
stress,2026-09-10T10:47:05+07:00,500,1931.511,PDOException,SQLSTATE[HY000] [1040] Too many connections
stress,2026-09-10T10:47:05+07:00,500,1901.052,PDOException,SQLSTATE[HY000] [1040] Too many connections
stress,2026-09-10T10:47:05+07:00,500,2035.736,PDOException,SQLSTATE[HY000] [1040] Too many connections
stress,2026-09-10T10:47:05+07:00,500,1886.638,PDOException,SQLSTATE[HY000] [1040] Too many connections
stress,2026-09-10T10:47:05+07:00,500,1839.364,PDOException,SQLSTATE[HY000] [1040] Too many connections
stress,2026-09-10T10:47:05+07:00,500,1818.151,PDOException,SQLSTATE[HY000] [1040] Too many connections
stress,2026-09-10T10:47:05+07:00,500,1921.494,PDOException,SQLSTATE[HY000] [1040] Too many connections
stress,2026-09-10T10:47:05+07:00,500,1977.28,PDOException,SQLSTATE[HY000] [1040] Too many connections
stress,2026-09-10T10:47:05+07:00,500,1947.401,PDOException,SQLSTATE[HY000] [1040] Too many connections
stress,2026-09-10T10:47:05+07:00,500,1949.834,PDOException,SQLSTATE[HY000] [1040] Too many connections
stress,2026-09-10T10:47:05+07:00,500,1916.026,PDOException,SQLSTATE[HY000] [1040] Too many connections
stress,2026-09-10T10:47:05+07:00,500,1752.948,PDOException,SQLSTATE[HY000] [1040] Too many connections
stress,2026-09-10T10:47:05+07:00,500,2065.554,PDOException,SQLSTATE[HY000] [1040] Too many connections
stress,2026-09-10T10:47:05+07:00,500,2014.265,PDOException,SQLSTATE[HY000] [1040] Too many connections
stress,2026-09-10T10:47:06+07:00,500,1972.586,PDOException,SQLSTATE[HY000] [1040] Too many connections
stress,2026-09-10T10:47:06+07:00,500,1962.166,PDOException,SQLSTATE[HY000] [1040] Too many connections
stress,2026-09-10T10:47:06+07:00,500,2031.459,PDOException,SQLSTATE[HY000] [1040] Too many connections
stress,2026-09-10T10:47:06+07:00,500,2003.514,PDOException,SQLSTATE[HY000] [1040] Too many connections
stress,2026-09-10T10:47:06+07:00,500,2060.735,PDOException,SQLSTATE[HY000] [1040] Too many connections
stress,2026-09-10T10:47:06+07:00,500,1997.235,PDOException,SQLSTATE[HY000] [1040] Too many connections
stress,2026-09-10T10:47:06+07:00,500,2049.181,PDOException,SQLSTATE[HY000] [1040] Too many connections
stress,2026-09-10T10:47:06+07:00,500,1958.346,PDOException,SQLSTATE[08004] [1040] Too many connections
stress,2026-09-10T10:47:06+07:00,500,2028.591,PDOException,SQLSTATE[HY000] [1040] Too many connections
stress,2026-09-10T10:47:06+07:00,500,2073.989,PDOException,SQLSTATE[HY000] [1040] Too many connections
stress,2026-09-10T10:47:06+07:00,500,2007.305,PDOException,SQLSTATE[HY000] [1040] Too many connections
stress,2026-09-10T10:47:06+07:00,500,1928.1,PDOException,SQLSTATE[HY000] [1040] Too many connections
stress,2026-09-10T10:47:06+07:00,500,1877.969,PDOException,SQLSTATE[HY000] [1040] Too many connections
stress,2026-09-10T10:47:06+07:00,500,1954.484,PDOException,SQLSTATE[HY000] [1040] Too many connections
stress,2026-09-10T10:47:06+07:00,500,2124.799,PDOException,SQLSTATE[HY000] [1040] Too many connections
stress,2026-09-10T10:47:06+07:00,500,1970.598,PDOException,SQLSTATE[HY000] [1040] Too many connections
stress,2026-09-10T10:47:06+07:00,500,2194.948,PDOException,SQLSTATE[HY000] [1040] Too many connections
stress,2026-09-10T10:47:06+07:00,500,2055.795,PDOException,SQLSTATE[HY000] [1040] Too many connections
stress,2026-09-10T10:47:06+07:00,500,2221.994,PDOException,SQLSTATE[HY000] [1040] Too many connections
stress,2026-09-10T10:47:06+07:00,500,2098.896,PDOException,SQLSTATE[HY000] [1040] Too many connections
stress,2026-09-10T10:47:06+07:00,500,1859.852,PDOException,SQLSTATE[HY000] [1040] Too many connections
stress,2026-09-10T10:47:06+07:00,500,1912.31,PDOException,SQLSTATE[HY000] [1040] Too many connections
stress,2026-09-10T10:47:06+07:00,500,1959.747,PDOException,SQLSTATE[HY000] [1040] Too many connections
stress,2026-09-10T10:47:06+07:00,500,1879.965,PDOException,SQLSTATE[HY000] [1040] Too many connections
stress,2026-09-10T10:47:06+07:00,500,1879.844,PDOException,SQLSTATE[HY000] [1040] Too many connections
stress,2026-09-10T10:47:06+07:00,500,1842.065,PDOException,SQLSTATE[HY000] [1040] Too many connections
stress,2026-09-10T10:47:06+07:00,500,1897.917,PDOException,SQLSTATE[HY000] [1040] Too many connections
stress,2026-09-10T10:47:06+07:00,500,1918.449,PDOException,SQLSTATE[HY000] [1040] Too many connections
stress,2026-09-10T10:47:06+07:00,500,1888.943,PDOException,SQLSTATE[HY000] [1040] Too many connections
stress,2026-09-10T10:47:07+07:00,500,1790.429,PDOException,SQLSTATE[HY000] [1040] Too many connections
stress,2026-09-10T10:47:07+07:00,500,2029.896,PDOException,SQLSTATE[HY000] [1040] Too many connections
stress,2026-09-10T10:47:07+07:00,500,1840.803,PDOException,SQLSTATE[HY000] [1040] Too many connections
stress,2026-09-10T10:47:07+07:00,500,1834.45,PDOException,SQLSTATE[HY000] [1040] Too many connections
stress,2026-09-10T10:47:07+07:00,500,1841.135,PDOException,SQLSTATE[08004] [1040] Too many connections
stress,2026-09-10T10:47:07+07:00,500,1927.227,PDOException,SQLSTATE[08004] [1040] Too many connections
stress,2026-09-10T10:47:07+07:00,500,1872.975,PDOException,SQLSTATE[HY000] [1040] Too many connections
stress,2026-09-10T10:47:07+07:00,500,1868.079,PDOException,SQLSTATE[HY000] [1040] Too many connections
stress,2026-09-10T10:47:07+07:00,500,1877.343,PDOException,SQLSTATE[HY000] [1040] Too many connections
stress,2026-09-10T10:47:07+07:00,500,1748.697,PDOException,SQLSTATE[HY000] [1040] Too many connections
stress,2026-09-10T10:47:07+07:00,500,1774.578,PDOException,SQLSTATE[08004] [1040] Too many connections
stress,2026-09-10T10:47:07+07:00,500,1929.467,PDOException,SQLSTATE[HY000] [1040] Too many connections
stress,2026-09-10T10:47:07+07:00,500,1788.048,PDOException,SQLSTATE[HY000] [1040] Too many connections
stress,2026-09-10T10:47:07+07:00,500,1872.164,PDOException,SQLSTATE[08004] [1040] Too many connections
stress,2026-09-10T10:47:07+07:00,500,1612.859,PDOException,SQLSTATE[08004] [1040] Too many connections
stress,2026-09-10T10:47:07+07:00,500,1848.043,PDOException,SQLSTATE[HY000] [1040] Too many connections
stress,2026-09-10T10:47:07+07:00,500,1749.728,PDOException,SQLSTATE[HY000] [1040] Too many connections
stress,2026-09-10T10:47:07+07:00,500,1801.204,PDOException,SQLSTATE[HY000] [1040] Too many connections
stress,2026-09-10T10:47:07+07:00,500,1803.449,PDOException,SQLSTATE[HY000] [1040] Too many connections
stress,2026-09-10T10:47:07+07:00,500,1949.121,PDOException,SQLSTATE[HY000] [1040] Too many connections
stress,2026-09-10T10:47:07+07:00,500,1702.687,PDOException,SQLSTATE[HY000] [1040] Too many connections
stress,2026-09-10T10:47:07+07:00,500,1735.849,PDOException,SQLSTATE[HY000] [1040] Too many connections
stress,2026-09-10T10:47:08+07:00,500,1869.803,PDOException,SQLSTATE[HY000] [1040] Too many connections
stress,2026-09-10T10:47:08+07:00,500,1839.758,PDOException,SQLSTATE[HY000] [1040] Too many connections
stress,2026-09-10T10:47:08+07:00,500,1842.028,PDOException,SQLSTATE[08004] [1040] Too many connections
stress,2026-09-10T10:47:08+07:00,500,1844.212,PDOException,SQLSTATE[08004] [1040] Too many connections
stress,2026-09-10T10:47:08+07:00,500,1824.057,PDOException,SQLSTATE[HY000] [1040] Too many connections
stress,2026-09-10T10:47:08+07:00,500,1810.818,PDOException,SQLSTATE[HY000] [1040] Too many connections
stress,2026-09-10T10:47:08+07:00,500,1878.251,PDOException,SQLSTATE[HY000] [1040] Too many connections
stress,2026-09-10T10:47:08+07:00,500,1911.961,PDOException,SQLSTATE[HY000] [1040] Too many connections
stress,2026-09-10T10:47:08+07:00,500,2242.404,PDOException,SQLSTATE[HY000] [1040] Too many connections
stress,2026-09-10T10:47:08+07:00,500,1905.093,PDOException,SQLSTATE[HY000] [1040] Too many connections
stress,2026-09-10T10:47:08+07:00,500,1989.318,PDOException,SQLSTATE[08004] [1040] Too many connections
stress,2026-09-10T10:47:08+07:00,500,2004.586,PDOException,SQLSTATE[HY000] [1040] Too many connections
stress,2026-09-10T10:47:08+07:00,500,2098.321,PDOException,SQLSTATE[HY000] [1040] Too many connections
stress,2026-09-10T10:47:08+07:00,500,1982.399,PDOException,SQLSTATE[HY000] [1040] Too many connections
stress,2026-09-10T10:47:08+07:00,500,2201.802,PDOException,SQLSTATE[08004] [1040] Too many connections
stress,2026-09-10T10:47:08+07:00,500,2234.92,PDOException,SQLSTATE[HY000] [1040] Too many connections
stress,2026-09-10T10:47:09+07:00,500,2564.878,PDOException,SQLSTATE[HY000] [1040] Too many connections
stress,2026-09-10T10:47:09+07:00,500,2580.482,PDOException,SQLSTATE[HY000] [1040] Too many connections
stress,2026-09-10T10:47:09+07:00,500,2578.409,PDOException,SQLSTATE[HY000] [1040] Too many connections
stress,2026-09-10T10:47:09+07:00,500,2557.463,PDOException,SQLSTATE[HY000] [1040] Too many connections
stress,2026-09-10T10:47:09+07:00,500,2390.439,PDOException,SQLSTATE[HY000] [1040] Too many connections
stress,2026-09-10T10:47:10+07:00,500,2666.48,PDOException,SQLSTATE[HY000] [1040] Too many connections
stress,2026-09-10T10:47:10+07:00,500,2854.42,PDOException,SQLSTATE[HY000] [1040] Too many connections
stress,2026-09-10T10:47:10+07:00,500,2860.99,PDOException,SQLSTATE[HY000] [1040] Too many connections
stress,2026-09-10T10:47:10+07:00,500,2587.303,PDOException,SQLSTATE[HY000] [1040] Too many connections
stress,2026-09-10T10:47:10+07:00,500,2901.753,PDOException,SQLSTATE[08004] [1040] Too many connections
stress,2026-09-10T10:47:10+07:00,500,2784.307,PDOException,SQLSTATE[HY000] [1040] Too many connections
stress,2026-09-10T10:47:10+07:00,500,2806.912,PDOException,SQLSTATE[08004] [1040] Too many connections
stress,2026-09-10T10:47:10+07:00,500,2883.006,PDOException,SQLSTATE[08004] [1040] Too many connections
stress,2026-09-10T10:47:10+07:00,500,2843.171,PDOException,SQLSTATE[HY000] [1040] Too many connections
stress,2026-09-10T10:47:10+07:00,500,2583.721,PDOException,SQLSTATE[HY000] [1040] Too many connections
stress,2026-09-10T10:47:10+07:00,500,2584.176,PDOException,SQLSTATE[HY000] [1040] Too many connections
stress,2026-09-10T10:47:10+07:00,500,2795.155,PDOException,SQLSTATE[HY000] [1040] Too many connections
stress,2026-09-10T10:47:10+07:00,500,2823.633,PDOException,SQLSTATE[HY000] [1040] Too many connections
stress,2026-09-10T10:47:10+07:00,500,2817.249,PDOException,SQLSTATE[HY000] [1040] Too many connections
stress,2026-09-10T10:47:10+07:00,500,2831.839,PDOException,SQLSTATE[HY000] [1040] Too many connections
stress,2026-09-10T10:47:11+07:00,500,2690.588,PDOException,SQLSTATE[HY000] [1040] Too many connections
stress,2026-09-10T10:47:11+07:00,500,2750.601,PDOException,SQLSTATE[HY000] [1040] Too many connections
stress,2026-09-10T10:47:11+07:00,500,2563.064,PDOException,SQLSTATE[HY000] [1040] Too many connections
stress,2026-09-10T10:47:11+07:00,500,2568.182,PDOException,SQLSTATE[HY000] [1040] Too many connections
stress,2026-09-10T10:47:11+07:00,500,2545.535,PDOException,SQLSTATE[HY000] [1040] Too many connections
stress,2026-09-10T10:47:11+07:00,500,2452.314,PDOException,SQLSTATE[HY000] [1040] Too many connections
stress,2026-09-10T10:47:11+07:00,500,2504.773,PDOException,SQLSTATE[HY000] [1040] Too many connections
stress,2026-09-10T10:47:11+07:00,500,2714.467,PDOException,SQLSTATE[HY000] [1040] Too many connections
stress,2026-09-10T10:47:11+07:00,500,2577.149,PDOException,SQLSTATE[HY000] [1040] Too many connections
stress,2026-09-10T10:47:11+07:00,500,2649.338,PDOException,SQLSTATE[08004] [1040] Too many connections
stress,2026-09-10T10:47:11+07:00,500,2655.19,PDOException,SQLSTATE[08004] [1040] Too many connections
stress,2026-09-10T10:47:11+07:00,500,2559.556,PDOException,SQLSTATE[HY000] [1040] Too many connections
stress,2026-09-10T10:47:11+07:00,500,2453.146,PDOException,SQLSTATE[HY000] [1040] Too many connections
stress,2026-09-10T10:47:11+07:00,500,2500.512,PDOException,SQLSTATE[HY000] [1040] Too many connections
stress,2026-09-10T10:47:11+07:00,500,2601.579,PDOException,SQLSTATE[HY000] [1040] Too many connections
stress,2026-09-10T10:47:11+07:00,500,1998.391,PDOException,SQLSTATE[HY000] [1040] Too many connections
stress,2026-09-10T10:47:11+07:00,500,1799.987,PDOException,SQLSTATE[HY000] [1040] Too many connections
stress,2026-09-10T10:47:11+07:00,500,2746.293,PDOException,SQLSTATE[HY000] [1040] Too many connections
stress,2026-09-10T10:47:11+07:00,500,2324.411,PDOException,SQLSTATE[HY000] [1040] Too many connections
stress,2026-09-10T10:47:11+07:00,500,2092.402,PDOException,SQLSTATE[HY000] [1040] Too many connections
stress,2026-09-10T10:47:11+07:00,500,2368.902,PDOException,SQLSTATE[HY000] [1040] Too many connections
stress,2026-09-10T10:47:12+07:00,500,1957.121,PDOException,SQLSTATE[HY000] [1040] Too many connections
stress,2026-09-10T10:47:12+07:00,500,1624.862,PDOException,SQLSTATE[HY000] [1040] Too many connections
stress,2026-09-10T10:47:12+07:00,500,1820.497,PDOException,SQLSTATE[HY000] [1040] Too many connections
stress,2026-09-10T10:47:12+07:00,500,1835.545,PDOException,SQLSTATE[HY000] [1040] Too many connections
stress,2026-09-10T10:47:12+07:00,500,1932.346,PDOException,SQLSTATE[HY000] [1040] Too many connections
stress,2026-09-10T10:47:12+07:00,500,1675.598,PDOException,SQLSTATE[HY000] [1040] Too many connections
stress,2026-09-10T10:47:12+07:00,500,1915.808,PDOException,SQLSTATE[HY000] [1040] Too many connections
stress,2026-09-10T10:47:12+07:00,500,1940.348,PDOException,SQLSTATE[HY000] [1040] Too many connections
stress,2026-09-10T10:47:12+07:00,500,1755.597,PDOException,SQLSTATE[HY000] [1040] Too many connections
stress,2026-09-10T10:47:12+07:00,500,1535.887,PDOException,SQLSTATE[08004] [1040] Too many connections
stress,2026-09-10T10:47:12+07:00,500,1536.512,PDOException,SQLSTATE[HY000] [1040] Too many connections
stress,2026-09-10T10:47:12+07:00,500,1758.576,PDOException,SQLSTATE[HY000] [1040] Too many connections
stress,2026-09-10T10:47:12+07:00,500,1535.143,PDOException,SQLSTATE[08004] [1040] Too many connections
stress,2026-09-10T10:47:12+07:00,500,1920.234,PDOException,SQLSTATE[HY000] [1040] Too many connections
stress,2026-09-10T10:47:12+07:00,500,1699.334,PDOException,SQLSTATE[HY000] [1040] Too many connections
stress,2026-09-10T10:47:12+07:00,500,1650.084,PDOException,SQLSTATE[HY000] [1040] Too many connections
stress,2026-09-10T10:47:12+07:00,500,1672.497,PDOException,SQLSTATE[HY000] [1040] Too many connections
stress,2026-09-10T10:47:12+07:00,500,1885.469,PDOException,SQLSTATE[08004] [1040] Too many connections
stress,2026-09-10T10:47:12+07:00,500,1745.524,PDOException,SQLSTATE[HY000] [1040] Too many connections
stress,2026-09-10T10:47:12+07:00,500,1781.191,PDOException,SQLSTATE[HY000] [1040] Too many connections
stress,2026-09-10T10:47:12+07:00,500,1788.091,PDOException,SQLSTATE[08004] [1040] Too many connections
stress,2026-09-10T10:47:12+07:00,500,1717.072,PDOException,SQLSTATE[HY000] [1040] Too many connections
stress,2026-09-10T10:47:13+07:00,500,1574.464,PDOException,SQLSTATE[HY000] [1040] Too many connections
stress,2026-09-10T10:47:13+07:00,500,1667.386,PDOException,SQLSTATE[HY000] [1040] Too many connections
stress,2026-09-10T10:47:13+07:00,500,1690.593,PDOException,SQLSTATE[HY000] [1040] Too many connections
stress,2026-09-10T10:47:13+07:00,500,1878.193,PDOException,SQLSTATE[HY000] [1040] Too many connections
stress,2026-09-10T10:47:13+07:00,500,1667.155,PDOException,SQLSTATE[HY000] [1040] Too many connections
stress,2026-09-10T10:47:13+07:00,500,1576.577,PDOException,SQLSTATE[HY000] [1040] Too many connections
stress,2026-09-10T10:47:13+07:00,500,1593.313,PDOException,SQLSTATE[HY000] [1040] Too many connections
stress,2026-09-10T10:47:13+07:00,500,1632.642,PDOException,SQLSTATE[HY000] [1040] Too many connections
stress,2026-09-10T10:47:13+07:00,500,1615.615,PDOException,SQLSTATE[HY000] [1040] Too many connections
stress,2026-09-10T10:47:13+07:00,500,1576.549,PDOException,SQLSTATE[HY000] [1040] Too many connections
stress,2026-09-10T10:47:13+07:00,500,1537.856,PDOException,SQLSTATE[HY000] [1040] Too many connections
stress,2026-09-10T10:47:13+07:00,500,1695.329,PDOException,SQLSTATE[HY000] [1040] Too many connections
stress,2026-09-10T10:47:13+07:00,500,1610.842,PDOException,SQLSTATE[HY000] [1040] Too many connections
stress,2026-09-10T10:47:13+07:00,500,1577.668,PDOException,SQLSTATE[HY000] [1040] Too many connections
stress,2026-09-10T10:47:13+07:00,500,1574.906,PDOException,SQLSTATE[08004] [1040] Too many connections
stress,2026-09-10T10:47:13+07:00,500,1878.466,PDOException,SQLSTATE[HY000] [1040] Too many connections
stress,2026-09-10T10:47:13+07:00,500,1575.453,PDOException,SQLSTATE[08004] [1040] Too many connections
stress,2026-09-10T10:47:13+07:00,500,1520.124,PDOException,SQLSTATE[08004] [1040] Too many connections
stress,2026-09-10T10:47:13+07:00,500,1705.75,PDOException,SQLSTATE[HY000] [1040] Too many connections
stress,2026-09-10T10:47:13+07:00,500,1590.674,PDOException,SQLSTATE[HY000] [1040] Too many connections
stress,2026-09-10T10:47:13+07:00,500,1588.555,PDOException,SQLSTATE[08004] [1040] Too many connections
stress,2026-09-10T10:47:13+07:00,500,1579.533,PDOException,SQLSTATE[08004] [1040] Too many connections
stress,2026-09-10T10:47:13+07:00,500,1563.878,PDOException,SQLSTATE[08004] [1040] Too many connections
stress,2026-09-10T10:47:13+07:00,500,1622.872,PDOException,SQLSTATE[08004] [1040] Too many connections
stress,2026-09-10T10:47:14+07:00,500,1957.779,PDOException,SQLSTATE[HY000] [1040] Too many connections
stress,2026-09-10T10:47:14+07:00,500,1746.62,PDOException,SQLSTATE[HY000] [1040] Too many connections
stress,2026-09-10T10:47:14+07:00,500,1779.791,PDOException,SQLSTATE[HY000] [1040] Too many connections
stress,2026-09-10T10:47:14+07:00,500,1738.855,PDOException,SQLSTATE[HY000] [1040] Too many connections
stress,2026-09-10T10:47:14+07:00,500,1762.676,PDOException,SQLSTATE[HY000] [1040] Too many connections
stress,2026-09-10T10:47:14+07:00,500,1885.291,PDOException,SQLSTATE[HY000] [1040] Too many connections
stress,2026-09-10T10:47:14+07:00,500,1749.824,PDOException,SQLSTATE[HY000] [1040] Too many connections
stress,2026-09-10T10:47:14+07:00,500,1749.07,PDOException,SQLSTATE[HY000] [1040] Too many connections
stress,2026-09-10T10:47:14+07:00,500,1544.558,PDOException,SQLSTATE[HY000] [1040] Too many connections
stress,2026-09-10T10:47:14+07:00,500,1521.767,PDOException,SQLSTATE[HY000] [1040] Too many connections
stress,2026-09-10T10:47:14+07:00,500,1508.892,PDOException,SQLSTATE[HY000] [1040] Too many connections
stress,2026-09-10T10:47:14+07:00,500,1545.371,PDOException,SQLSTATE[HY000] [1040] Too many connections
stress,2026-09-10T10:47:14+07:00,500,1519.052,PDOException,SQLSTATE[HY000] [1040] Too many connections
stress,2026-09-10T10:47:14+07:00,500,1524.514,PDOException,SQLSTATE[HY000] [1040] Too many connections
stress,2026-09-10T10:47:14+07:00,500,1627.518,PDOException,SQLSTATE[HY000] [1040] Too many connections
stress,2026-09-10T10:47:14+07:00,500,1528.124,PDOException,SQLSTATE[HY000] [1040] Too many connections
stress,2026-09-10T10:47:14+07:00,500,1578.39,PDOException,SQLSTATE[HY000] [1040] Too many connections
stress,2026-09-10T10:47:14+07:00,500,1519.096,PDOException,SQLSTATE[HY000] [1040] Too many connections
stress,2026-09-10T10:47:14+07:00,500,1680.424,PDOException,SQLSTATE[HY000] [1040] Too many connections
stress,2026-09-10T10:47:14+07:00,500,1517.495,PDOException,SQLSTATE[HY000] [1040] Too many connections
stress,2026-09-10T10:47:14+07:00,500,1517.426,PDOException,SQLSTATE[HY000] [1040] Too many connections
stress,2026-09-10T10:47:14+07:00,500,1573.824,PDOException,SQLSTATE[HY000] [1040] Too many connections
stress,2026-09-10T10:47:14+07:00,500,1593.291,PDOException,SQLSTATE[HY000] [1040] Too many connections
stress,2026-09-10T10:47:14+07:00,500,1563.671,PDOException,SQLSTATE[HY000] [1040] Too many connections
stress,2026-09-10T10:47:14+07:00,500,1456.716,PDOException,SQLSTATE[HY000] [1040] Too many connections
stress,2026-09-10T10:47:15+07:00,500,1590.321,PDOException,SQLSTATE[HY000] [1040] Too many connections
stress,2026-09-10T10:47:15+07:00,500,1671.58,PDOException,SQLSTATE[HY000] [1040] Too many connections
stress,2026-09-10T10:47:15+07:00,500,1571.153,PDOException,SQLSTATE[HY000] [1040] Too many connections
stress,2026-09-10T10:47:15+07:00,500,1571.525,PDOException,SQLSTATE[HY000] [1040] Too many connections
stress,2026-09-10T10:47:15+07:00,500,1763.149,PDOException,SQLSTATE[HY000] [1040] Too many connections
stress,2026-09-10T10:47:15+07:00,500,1559.609,PDOException,SQLSTATE[HY000] [1040] Too many connections
stress,2026-09-10T10:47:15+07:00,500,1567.613,PDOException,SQLSTATE[HY000] [1040] Too many connections
stress,2026-09-10T10:47:15+07:00,500,1706.379,PDOException,SQLSTATE[HY000] [1040] Too many connections
stress,2026-09-10T10:47:15+07:00,500,1698.631,PDOException,SQLSTATE[HY000] [1040] Too many connections
stress,2026-09-10T10:47:15+07:00,500,1574.031,PDOException,SQLSTATE[HY000] [1040] Too many connections
stress,2026-09-10T10:47:15+07:00,500,1808.652,PDOException,SQLSTATE[HY000] [1040] Too many connections
stress,2026-09-10T10:47:15+07:00,500,1538.435,PDOException,SQLSTATE[HY000] [1040] Too many connections
stress,2026-09-10T10:47:15+07:00,500,1471.213,PDOException,SQLSTATE[HY000] [1040] Too many connections
stress,2026-09-10T10:47:15+07:00,500,1721.361,PDOException,SQLSTATE[HY000] [1040] Too many connections
stress,2026-09-10T10:47:15+07:00,500,1612.292,PDOException,SQLSTATE[HY000] [1040] Too many connections
stress,2026-09-10T10:47:15+07:00,500,1614.847,PDOException,SQLSTATE[HY000] [1040] Too many connections
stress,2026-09-10T10:47:15+07:00,500,1406.191,PDOException,SQLSTATE[HY000] [1040] Too many connections
stress,2026-09-10T10:47:15+07:00,500,1405.978,PDOException,SQLSTATE[HY000] [1040] Too many connections
stress,2026-09-10T10:47:15+07:00,500,1548.543,PDOException,SQLSTATE[HY000] [1040] Too many connections
stress,2026-09-10T10:47:15+07:00,500,1415.854,PDOException,SQLSTATE[HY000] [1040] Too many connections
stress,2026-09-10T10:47:15+07:00,500,1647.147,PDOException,SQLSTATE[HY000] [1040] Too many connections
stress,2026-09-10T10:47:15+07:00,500,1627.992,PDOException,SQLSTATE[HY000] [1040] Too many connections
stress,2026-09-10T10:47:15+07:00,500,1655.839,PDOException,SQLSTATE[HY000] [1040] Too many connections
stress,2026-09-10T10:47:15+07:00,500,1506.664,PDOException,SQLSTATE[HY000] [1040] Too many connections
stress,2026-09-10T10:47:15+07:00,500,1677.696,PDOException,SQLSTATE[HY000] [1040] Too many connections
stress,2026-09-10T10:47:15+07:00,500,1468.22,PDOException,SQLSTATE[HY000] [1040] Too many connections
stress,2026-09-10T10:47:15+07:00,500,1509.853,PDOException,SQLSTATE[HY000] [1040] Too many connections
stress,2026-09-10T10:47:15+07:00,500,1540.258,PDOException,SQLSTATE[HY000] [1040] Too many connections
stress,2026-09-10T10:47:16+07:00,500,1631.109,PDOException,SQLSTATE[HY000] [1040] Too many connections
stress,2026-09-10T10:47:16+07:00,500,1543.005,PDOException,SQLSTATE[HY000] [1040] Too many connections
stress,2026-09-10T10:47:16+07:00,500,1568.184,PDOException,SQLSTATE[HY000] [1040] Too many connections
stress,2026-09-10T10:47:16+07:00,500,1592.182,PDOException,SQLSTATE[08004] [1040] Too many connections
stress,2026-09-10T10:47:16+07:00,500,1592.406,PDOException,SQLSTATE[HY000] [1040] Too many connections
stress,2026-09-10T10:47:16+07:00,500,1736.889,PDOException,SQLSTATE[HY000] [1040] Too many connections
stress,2026-09-10T10:47:16+07:00,500,1478.515,PDOException,SQLSTATE[08004] [1040] Too many connections
stress,2026-09-10T10:47:16+07:00,500,1478.627,PDOException,SQLSTATE[HY000] [1040] Too many connections
stress,2026-09-10T10:47:16+07:00,500,1498.891,PDOException,SQLSTATE[08004] [1040] Too many connections
stress,2026-09-10T10:47:16+07:00,500,1494.361,PDOException,SQLSTATE[08004] [1040] Too many connections
stress,2026-09-10T10:47:16+07:00,500,1339.358,PDOException,SQLSTATE[HY000] [1040] Too many connections
stress,2026-09-10T10:47:16+07:00,500,1523.547,PDOException,SQLSTATE[08004] [1040] Too many connections
stress,2026-09-10T10:47:16+07:00,500,1382.675,PDOException,SQLSTATE[HY000] [1040] Too many connections
stress,2026-09-10T10:47:16+07:00,500,1398,PDOException,SQLSTATE[HY000] [1040] Too many connections
stress,2026-09-10T10:47:16+07:00,500,1388.205,PDOException,SQLSTATE[HY000] [1040] Too many connections
stress,2026-09-10T10:47:16+07:00,500,1436.965,PDOException,SQLSTATE[HY000] [1040] Too many connections
stress,2026-09-10T10:47:16+07:00,500,1440.731,PDOException,SQLSTATE[HY000] [1040] Too many connections
stress,2026-09-10T10:47:16+07:00,500,1458.475,PDOException,SQLSTATE[HY000] [1040] Too many connections
stress,2026-09-10T10:47:16+07:00,500,1572.945,PDOException,SQLSTATE[08004] [1040] Too many connections
stress,2026-09-10T10:47:16+07:00,500,1482.472,PDOException,SQLSTATE[HY000] [1040] Too many connections
stress,2026-09-10T10:47:16+07:00,500,1546.641,PDOException,SQLSTATE[08004] [1040] Too many connections
stress,2026-09-10T10:47:16+07:00,500,1667.155,PDOException,SQLSTATE[HY000] [1040] Too many connections
stress,2026-09-10T10:47:16+07:00,500,1443.343,PDOException,SQLSTATE[08004] [1040] Too many connections
stress,2026-09-10T10:47:16+07:00,500,1528.546,PDOException,SQLSTATE[HY000] [1040] Too many connections
stress,2026-09-10T10:47:16+07:00,500,1589.909,PDOException,SQLSTATE[08004] [1040] Too many connections
stress,2026-09-10T10:47:16+07:00,500,1488.377,PDOException,SQLSTATE[HY000] [1040] Too many connections
stress,2026-09-10T10:47:17+07:00,500,1703.107,PDOException,SQLSTATE[HY000] [1040] Too many connections
stress,2026-09-10T10:47:17+07:00,500,1416.696,PDOException,SQLSTATE[HY000] [1040] Too many connections
stress,2026-09-10T10:47:17+07:00,500,1781.173,PDOException,SQLSTATE[HY000] [1040] Too many connections
stress,2026-09-10T10:47:17+07:00,500,1503.5,PDOException,SQLSTATE[HY000] [1040] Too many connections
stress,2026-09-10T10:47:17+07:00,500,1439.292,PDOException,SQLSTATE[HY000] [1040] Too many connections
stress,2026-09-10T10:47:17+07:00,500,1401.537,PDOException,SQLSTATE[HY000] [1040] Too many connections
stress,2026-09-10T10:47:17+07:00,500,1404.273,PDOException,SQLSTATE[08004] [1040] Too many connections
stress,2026-09-10T10:47:17+07:00,500,1400.387,PDOException,SQLSTATE[HY000] [1040] Too many connections
stress,2026-09-10T10:47:17+07:00,500,1409.89,PDOException,SQLSTATE[HY000] [1040] Too many connections
stress,2026-09-10T10:47:17+07:00,500,1458.496,PDOException,SQLSTATE[HY000] [1040] Too many connections
stress,2026-09-10T10:47:17+07:00,500,1387.847,PDOException,SQLSTATE[HY000] [1040] Too many connections
stress,2026-09-10T10:47:17+07:00,500,1580.915,PDOException,SQLSTATE[HY000] [1040] Too many connections
stress,2026-09-10T10:47:17+07:00,500,1572.882,PDOException,SQLSTATE[HY000] [1040] Too many connections
stress,2026-09-10T10:47:17+07:00,500,1265.222,PDOException,SQLSTATE[HY000] [1040] Too many connections
stress,2026-09-10T10:47:17+07:00,500,1303.398,PDOException,SQLSTATE[HY000] [1040] Too many connections
stress,2026-09-10T10:47:17+07:00,500,1335.223,PDOException,SQLSTATE[HY000] [1040] Too many connections
stress,2026-09-10T10:47:17+07:00,500,1414.261,PDOException,SQLSTATE[HY000] [1040] Too many connections
stress,2026-09-10T10:47:17+07:00,500,1463.33,PDOException,SQLSTATE[HY000] [1040] Too many connections
stress,2026-09-10T10:47:17+07:00,500,1516.593,PDOException,SQLSTATE[HY000] [1040] Too many connections
stress,2026-09-10T10:47:17+07:00,500,1535.462,PDOException,SQLSTATE[HY000] [1040] Too many connections
stress,2026-09-10T10:47:18+07:00,500,1518.166,PDOException,SQLSTATE[HY000] [1040] Too many connections
stress,2026-09-10T10:47:18+07:00,500,1459.634,PDOException,SQLSTATE[HY000] [1040] Too many connections
stress,2026-09-10T10:47:18+07:00,500,1476.237,PDOException,SQLSTATE[HY000] [1040] Too many connections
stress,2026-09-10T10:47:18+07:00,500,1585.74,PDOException,SQLSTATE[HY000] [1040] Too many connections
stress,2026-09-10T10:47:18+07:00,500,1320.124,PDOException,SQLSTATE[HY000] [1040] Too many connections
stress,2026-09-10T10:47:18+07:00,500,1582.967,PDOException,SQLSTATE[HY000] [1040] Too many connections
stress,2026-09-10T10:47:18+07:00,500,1479.585,PDOException,SQLSTATE[HY000] [1040] Too many connections
stress,2026-09-10T10:47:18+07:00,500,1445.593,PDOException,SQLSTATE[HY000] [1040] Too many connections
stress,2026-09-10T10:47:18+07:00,500,1461.53,PDOException,SQLSTATE[HY000] [1040] Too many connections
stress,2026-09-10T10:47:18+07:00,500,1461.119,PDOException,SQLSTATE[HY000] [1040] Too many connections
stress,2026-09-10T10:47:18+07:00,500,1414.61,PDOException,SQLSTATE[HY000] [1040] Too many connections
stress,2026-09-10T10:47:18+07:00,500,1487.023,PDOException,SQLSTATE[HY000] [1040] Too many connections
stress,2026-09-10T10:47:18+07:00,500,1367.387,PDOException,SQLSTATE[HY000] [1040] Too many connections
stress,2026-09-10T10:47:18+07:00,500,1369.552,PDOException,SQLSTATE[HY000] [1040] Too many connections
stress,2026-09-10T10:47:18+07:00,500,1373.646,PDOException,SQLSTATE[HY000] [1040] Too many connections
stress,2026-09-10T10:47:18+07:00,500,1720.265,PDOException,SQLSTATE[08004] [1040] Too many connections
stress,2026-09-10T10:47:18+07:00,500,1401.883,PDOException,SQLSTATE[HY000] [1040] Too many connections
stress,2026-09-10T10:47:18+07:00,500,1629.139,PDOException,SQLSTATE[08004] [1040] Too many connections
stress,2026-09-10T10:47:18+07:00,500,1573.052,PDOException,SQLSTATE[HY000] [1040] Too many connections
stress,2026-09-10T10:47:18+07:00,500,1381.386,PDOException,SQLSTATE[08004] [1040] Too many connections
stress,2026-09-10T10:47:18+07:00,500,1757.497,PDOException,SQLSTATE[HY000] [1040] Too many connections
stress,2026-09-10T10:47:18+07:00,500,1638.598,PDOException,SQLSTATE[HY000] [1040] Too many connections
stress,2026-09-10T10:47:18+07:00,500,1426.24,PDOException,SQLSTATE[HY000] [1040] Too many connections
stress,2026-09-10T10:47:18+07:00,500,1411.762,PDOException,SQLSTATE[HY000] [1040] Too many connections
stress,2026-09-10T10:47:19+07:00,500,1565.129,PDOException,SQLSTATE[HY000] [1040] Too many connections
stress,2026-09-10T10:47:19+07:00,500,1485.281,PDOException,SQLSTATE[HY000] [1040] Too many connections
stress,2026-09-10T10:47:19+07:00,500,1706.359,PDOException,SQLSTATE[HY000] [1040] Too many connections
stress,2026-09-10T10:47:19+07:00,500,1507.899,PDOException,SQLSTATE[HY000] [1040] Too many connections
stress,2026-09-10T10:47:19+07:00,500,1596.018,PDOException,SQLSTATE[HY000] [1040] Too many connections
stress,2026-09-10T10:47:19+07:00,500,1708.283,PDOException,SQLSTATE[HY000] [1040] Too many connections
stress,2026-09-10T10:47:19+07:00,500,1428.664,PDOException,SQLSTATE[HY000] [1040] Too many connections
stress,2026-09-10T10:47:19+07:00,500,1394.625,PDOException,SQLSTATE[HY000] [1040] Too many connections
stress,2026-09-10T10:47:19+07:00,500,1762.045,PDOException,SQLSTATE[HY000] [1040] Too many connections
stress,2026-09-10T10:47:19+07:00,500,1787.016,PDOException,SQLSTATE[HY000] [1040] Too many connections
stress,2026-09-10T10:47:19+07:00,500,1504.585,PDOException,SQLSTATE[HY000] [1040] Too many connections
stress,2026-09-10T10:47:19+07:00,500,1571.5,PDOException,SQLSTATE[HY000] [1040] Too many connections
stress,2026-09-10T10:47:19+07:00,500,1438.188,PDOException,SQLSTATE[HY000] [1040] Too many connections
stress,2026-09-10T10:47:19+07:00,500,1499.662,PDOException,SQLSTATE[HY000] [1040] Too many connections
stress,2026-09-10T10:47:19+07:00,500,1540.518,PDOException,SQLSTATE[HY000] [1040] Too many connections
stress,2026-09-10T10:47:19+07:00,500,1415.9,PDOException,SQLSTATE[08004] [1040] Too many connections
stress,2026-09-10T10:47:19+07:00,500,1354.745,PDOException,SQLSTATE[08004] [1040] Too many connections
stress,2026-09-10T10:47:19+07:00,500,1591.463,PDOException,SQLSTATE[HY000] [1040] Too many connections
stress,2026-09-10T10:47:19+07:00,500,1389.656,PDOException,SQLSTATE[HY000] [1040] Too many connections
stress,2026-09-10T10:47:19+07:00,500,1332.623,PDOException,SQLSTATE[08004] [1040] Too many connections
stress,2026-09-10T10:47:19+07:00,500,1654.626,PDOException,SQLSTATE[HY000] [1040] Too many connections
stress,2026-09-10T10:47:19+07:00,500,1412.059,PDOException,SQLSTATE[HY000] [1040] Too many connections
stress,2026-09-10T10:47:19+07:00,500,1544.299,PDOException,SQLSTATE[HY000] [1040] Too many connections
stress,2026-09-10T10:47:19+07:00,500,1572.465,PDOException,SQLSTATE[HY000] [1040] Too many connections
stress,2026-09-10T10:47:19+07:00,500,1485.851,PDOException,SQLSTATE[HY000] [1040] Too many connections
stress,2026-09-10T10:47:19+07:00,500,1573.042,PDOException,SQLSTATE[HY000] [1040] Too many connections
stress,2026-09-10T10:47:19+07:00,500,1275.313,PDOException,SQLSTATE[HY000] [1040] Too many connections
stress,2026-09-10T10:47:19+07:00,500,1447.251,PDOException,SQLSTATE[HY000] [1040] Too many connections
stress,2026-09-10T10:47:19+07:00,500,1450.133,PDOException,SQLSTATE[08004] [1040] Too many connections
stress,2026-09-10T10:47:19+07:00,500,1255.935,PDOException,SQLSTATE[HY000] [1040] Too many connections
stress,2026-09-10T10:47:19+07:00,500,1406.576,PDOException,SQLSTATE[08004] [1040] Too many connections
stress,2026-09-10T10:47:19+07:00,500,1347.818,PDOException,SQLSTATE[08004] [1040] Too many connections
stress,2026-09-10T10:47:20+07:00,500,1371.962,PDOException,SQLSTATE[HY000] [1040] Too many connections
stress,2026-09-10T10:47:20+07:00,500,1575.543,PDOException,SQLSTATE[HY000] [1040] Too many connections
stress,2026-09-10T10:47:20+07:00,500,1612.506,PDOException,SQLSTATE[HY000] [1040] Too many connections
stress,2026-09-10T10:47:20+07:00,500,1578.31,PDOException,SQLSTATE[HY000] [1040] Too many connections
stress,2026-09-10T10:47:20+07:00,500,1585.484,PDOException,SQLSTATE[HY000] [1040] Too many connections
stress,2026-09-10T10:47:20+07:00,500,1296.856,PDOException,SQLSTATE[HY000] [1040] Too many connections
stress,2026-09-10T10:47:20+07:00,500,1353.532,PDOException,SQLSTATE[HY000] [1040] Too many connections
stress,2026-09-10T10:47:20+07:00,500,1553.843,PDOException,SQLSTATE[HY000] [1040] Too many connections
stress,2026-09-10T10:47:20+07:00,500,1813.054,PDOException,SQLSTATE[HY000] [1040] Too many connections
stress,2026-09-10T10:47:20+07:00,500,1482.01,PDOException,SQLSTATE[HY000] [1040] Too many connections
stress,2026-09-10T10:47:20+07:00,500,1482.655,PDOException,SQLSTATE[HY000] [1040] Too many connections
stress,2026-09-10T10:47:20+07:00,500,1437.932,PDOException,SQLSTATE[HY000] [1040] Too many connections
stress,2026-09-10T10:47:20+07:00,500,1437.966,PDOException,SQLSTATE[08004] [1040] Too many connections
stress,2026-09-10T10:47:20+07:00,500,1321.512,PDOException,SQLSTATE[HY000] [1040] Too many connections
stress,2026-09-10T10:47:20+07:00,500,1516.605,PDOException,SQLSTATE[08004] [1040] Too many connections
stress,2026-09-10T10:47:20+07:00,500,1536.912,PDOException,SQLSTATE[HY000] [1040] Too many connections
stress,2026-09-10T10:47:20+07:00,500,1482.281,PDOException,SQLSTATE[HY000] [1040] Too many connections
stress,2026-09-10T10:47:20+07:00,500,1523.236,PDOException,SQLSTATE[HY000] [1040] Too many connections
stress,2026-09-10T10:47:20+07:00,500,1515.581,PDOException,SQLSTATE[HY000] [1040] Too many connections
stress,2026-09-10T10:47:20+07:00,500,1373.913,PDOException,SQLSTATE[HY000] [1040] Too many connections
stress,2026-09-10T10:47:21+07:00,500,1533.486,PDOException,SQLSTATE[HY000] [1040] Too many connections
stress,2026-09-10T10:47:21+07:00,500,1533.351,PDOException,SQLSTATE[HY000] [1040] Too many connections
stress,2026-09-10T10:47:21+07:00,500,1570.175,PDOException,SQLSTATE[HY000] [1040] Too many connections
stress,2026-09-10T10:47:21+07:00,500,1606.687,PDOException,SQLSTATE[HY000] [1040] Too many connections
stress,2026-09-10T10:47:21+07:00,500,1575.615,PDOException,SQLSTATE[HY000] [1040] Too many connections
stress,2026-09-10T10:47:21+07:00,500,1498.101,PDOException,SQLSTATE[HY000] [1040] Too many connections
stress,2026-09-10T10:47:21+07:00,500,1735.862,PDOException,SQLSTATE[HY000] [1040] Too many connections
stress,2026-09-10T10:47:21+07:00,500,1709.083,PDOException,SQLSTATE[HY000] [1040] Too many connections
stress,2026-09-10T10:47:21+07:00,500,1718.994,PDOException,SQLSTATE[HY000] [1040] Too many connections
stress,2026-09-10T10:47:21+07:00,500,1518.926,PDOException,SQLSTATE[HY000] [1040] Too many connections
stress,2026-09-10T10:47:21+07:00,500,1530.596,PDOException,SQLSTATE[HY000] [1040] Too many connections
stress,2026-09-10T10:47:21+07:00,500,1456.284,PDOException,SQLSTATE[08004] [1040] Too many connections
stress,2026-09-10T10:47:21+07:00,500,1529.922,PDOException,SQLSTATE[HY000] [1040] Too many connections
stress,2026-09-10T10:47:21+07:00,500,1529.924,PDOException,SQLSTATE[HY000] [1040] Too many connections
stress,2026-09-10T10:47:21+07:00,500,1360.743,PDOException,SQLSTATE[HY000] [1040] Too many connections
stress,2026-09-10T10:47:21+07:00,500,1479.78,PDOException,SQLSTATE[HY000] [1040] Too many connections
stress,2026-09-10T10:47:22+07:00,500,1304.038,PDOException,SQLSTATE[HY000] [1040] Too many connections
stress,2026-09-10T10:47:22+07:00,500,1535.859,PDOException,SQLSTATE[HY000] [1040] Too many connections
stress,2026-09-10T10:47:22+07:00,500,1501.195,PDOException,SQLSTATE[HY000] [1040] Too many connections
stress,2026-09-10T10:47:22+07:00,500,1400.088,PDOException,SQLSTATE[HY000] [1040] Too many connections
stress,2026-09-10T10:47:22+07:00,500,1449.712,PDOException,SQLSTATE[HY000] [1040] Too many connections
stress,2026-09-10T10:47:22+07:00,500,1490.903,PDOException,SQLSTATE[HY000] [1040] Too many connections
stress,2026-09-10T10:47:22+07:00,500,1510.409,PDOException,SQLSTATE[HY000] [1040] Too many connections
stress,2026-09-10T10:47:22+07:00,500,1394.421,PDOException,SQLSTATE[HY000] [1040] Too many connections
stress,2026-09-10T10:47:22+07:00,500,1426.237,PDOException,SQLSTATE[HY000] [1040] Too many connections
stress,2026-09-10T10:47:22+07:00,500,1426.049,PDOException,SQLSTATE[HY000] [1040] Too many connections
stress,2026-09-10T10:47:22+07:00,500,1698.676,PDOException,SQLSTATE[HY000] [1040] Too many connections
stress,2026-09-10T10:47:22+07:00,500,1625.903,PDOException,SQLSTATE[HY000] [1040] Too many connections
stress,2026-09-10T10:47:22+07:00,500,1565.302,PDOException,SQLSTATE[HY000] [1040] Too many connections
stress,2026-09-10T10:47:22+07:00,500,1471.763,PDOException,SQLSTATE[HY000] [1040] Too many connections
stress,2026-09-10T10:47:22+07:00,500,1321.486,PDOException,SQLSTATE[HY000] [1040] Too many connections
stress,2026-09-10T10:47:22+07:00,500,1383.547,PDOException,SQLSTATE[HY000] [1040] Too many connections
stress,2026-09-10T10:47:22+07:00,500,1375.523,PDOException,SQLSTATE[HY000] [1040] Too many connections
stress,2026-09-10T10:47:22+07:00,500,1244.143,PDOException,SQLSTATE[08004] [1040] Too many connections
stress,2026-09-10T10:47:22+07:00,500,1466.274,PDOException,SQLSTATE[HY000] [1040] Too many connections
stress,2026-09-10T10:47:22+07:00,500,1360.708,PDOException,SQLSTATE[HY000] [1040] Too many connections
stress,2026-09-10T10:47:22+07:00,500,1333.172,PDOException,SQLSTATE[HY000] [1040] Too many connections
stress,2026-09-10T10:47:22+07:00,500,1478.114,PDOException,SQLSTATE[HY000] [1040] Too many connections
stress,2026-09-10T10:47:22+07:00,500,1360.528,PDOException,SQLSTATE[HY000] [1040] Too many connections
stress,2026-09-10T10:47:23+07:00,500,1319.363,PDOException,SQLSTATE[HY000] [1040] Too many connections
stress,2026-09-10T10:47:23+07:00,500,1444.873,PDOException,SQLSTATE[HY000] [1040] Too many connections
stress,2026-09-10T10:47:23+07:00,500,1247.585,PDOException,SQLSTATE[HY000] [1040] Too many connections
stress,2026-09-10T10:47:23+07:00,500,1265.29,PDOException,SQLSTATE[HY000] [1040] Too many connections
stress,2026-09-10T10:47:23+07:00,500,1575.361,PDOException,SQLSTATE[HY000] [1040] Too many connections
stress,2026-09-10T10:47:23+07:00,500,1321.442,PDOException,SQLSTATE[HY000] [1040] Too many connections
stress,2026-09-10T10:47:23+07:00,500,1269.287,PDOException,SQLSTATE[HY000] [1040] Too many connections
stress,2026-09-10T10:47:23+07:00,500,1310.984,PDOException,SQLSTATE[08004] [1040] Too many connections
stress,2026-09-10T10:47:23+07:00,500,1251.451,PDOException,SQLSTATE[HY000] [1040] Too many connections
stress,2026-09-10T10:47:23+07:00,500,1393.569,PDOException,SQLSTATE[08004] [1040] Too many connections
stress,2026-09-10T10:47:23+07:00,500,1451.045,PDOException,SQLSTATE[HY000] [1040] Too many connections
stress,2026-09-10T10:47:23+07:00,500,1350.059,PDOException,SQLSTATE[HY000] [1040] Too many connections
stress,2026-09-10T10:47:23+07:00,500,1298.951,PDOException,SQLSTATE[HY000] [1040] Too many connections
stress,2026-09-10T10:47:24+07:00,500,1306.138,PDOException,SQLSTATE[HY000] [1040] Too many connections
stress,2026-09-10T10:47:24+07:00,500,1266.384,PDOException,SQLSTATE[HY000] [1040] Too many connections
stress,2026-09-10T10:47:24+07:00,500,1372.612,PDOException,SQLSTATE[08004] [1040] Too many connections
stress,2026-09-10T10:47:24+07:00,500,1308.348,PDOException,SQLSTATE[08004] [1040] Too many connections
stress,2026-09-10T10:47:24+07:00,500,1301.922,PDOException,SQLSTATE[HY000] [1040] Too many connections
stress,2026-09-10T10:47:24+07:00,500,1408.666,PDOException,SQLSTATE[HY000] [1040] Too many connections
stress,2026-09-10T10:47:24+07:00,500,1254.548,PDOException,SQLSTATE[HY000] [1040] Too many connections
stress,2026-09-10T10:47:24+07:00,500,1403.82,PDOException,SQLSTATE[HY000] [1040] Too many connections
stress,2026-09-10T10:47:24+07:00,500,1268.289,PDOException,SQLSTATE[HY000] [1040] Too many connections
stress,2026-09-10T10:47:24+07:00,500,1378.045,PDOException,SQLSTATE[HY000] [1040] Too many connections
stress,2026-09-10T10:47:24+07:00,500,1249.256,PDOException,SQLSTATE[HY000] [1040] Too many connections
stress,2026-09-10T10:47:24+07:00,500,1295.498,PDOException,SQLSTATE[08004] [1040] Too many connections
stress,2026-09-10T10:47:24+07:00,500,1208.926,PDOException,SQLSTATE[HY000] [1040] Too many connections
stress,2026-09-10T10:47:24+07:00,500,1210.65,PDOException,SQLSTATE[HY000] [1040] Too many connections
stress,2026-09-10T10:47:24+07:00,500,1219.267,PDOException,SQLSTATE[HY000] [1040] Too many connections
stress,2026-09-10T10:47:24+07:00,500,1219.239,PDOException,SQLSTATE[HY000] [1040] Too many connections
stress,2026-09-10T10:47:24+07:00,500,1353.436,PDOException,SQLSTATE[HY000] [1040] Too many connections
stress,2026-09-10T10:47:24+07:00,500,1476.704,PDOException,SQLSTATE[HY000] [1040] Too many connections
stress,2026-09-10T10:47:24+07:00,500,1293.16,PDOException,SQLSTATE[HY000] [1040] Too many connections
stress,2026-09-10T10:47:24+07:00,500,1206.448,PDOException,SQLSTATE[HY000] [1040] Too many connections
stress,2026-09-10T10:47:24+07:00,500,1271.029,PDOException,SQLSTATE[HY000] [1040] Too many connections
stress,2026-09-10T10:47:24+07:00,500,1184.21,PDOException,SQLSTATE[HY000] [1040] Too many connections
stress,2026-09-10T10:47:24+07:00,500,1151.64,PDOException,SQLSTATE[HY000] [1040] Too many connections
stress,2026-09-10T10:47:24+07:00,500,1227.789,PDOException,SQLSTATE[HY000] [1040] Too many connections
stress,2026-09-10T10:47:24+07:00,500,1283.744,PDOException,SQLSTATE[HY000] [1040] Too many connections
stress,2026-09-10T10:47:24+07:00,500,1305.72,PDOException,SQLSTATE[08004] [1040] Too many connections
stress,2026-09-10T10:47:24+07:00,500,1305.285,PDOException,SQLSTATE[08004] [1040] Too many connections
stress,2026-09-10T10:47:24+07:00,500,1319.345,PDOException,SQLSTATE[HY000] [1040] Too many connections
stress,2026-09-10T10:47:24+07:00,500,1319.728,PDOException,SQLSTATE[HY000] [1040] Too many connections
stress,2026-09-10T10:47:24+07:00,500,1225.761,PDOException,SQLSTATE[HY000] [1040] Too many connections
stress,2026-09-10T10:47:25+07:00,500,1566.888,PDOException,SQLSTATE[HY000] [1040] Too many connections
stress,2026-09-10T10:47:25+07:00,500,1719.985,PDOException,SQLSTATE[HY000] [1040] Too many connections
stress,2026-09-10T10:47:25+07:00,500,1836.877,PDOException,SQLSTATE[HY000] [1040] Too many connections
stress,2026-09-10T10:47:25+07:00,500,1836.662,PDOException,SQLSTATE[HY000] [1040] Too many connections
stress,2026-09-10T10:47:25+07:00,500,1567.728,PDOException,SQLSTATE[HY000] [1040] Too many connections
stress,2026-09-10T10:47:25+07:00,500,1568.24,PDOException,SQLSTATE[08004] [1040] Too many connections
stress,2026-09-10T10:47:25+07:00,500,1568.069,PDOException,SQLSTATE[08004] [1040] Too many connections
stress,2026-09-10T10:47:25+07:00,500,1506.901,PDOException,SQLSTATE[HY000] [1040] Too many connections
stress,2026-09-10T10:47:25+07:00,500,1494.671,PDOException,SQLSTATE[HY000] [1040] Too many connections
stress,2026-09-10T10:47:25+07:00,500,1615.035,PDOException,SQLSTATE[HY000] [1040] Too many connections
stress,2026-09-10T10:47:25+07:00,500,1537.947,PDOException,SQLSTATE[HY000] [1040] Too many connections
stress,2026-09-10T10:47:25+07:00,500,1634.809,PDOException,SQLSTATE[HY000] [1040] Too many connections
stress,2026-09-10T10:47:25+07:00,500,1582.509,PDOException,SQLSTATE[HY000] [1040] Too many connections
stress,2026-09-10T10:47:26+07:00,500,1543.062,PDOException,SQLSTATE[HY000] [1040] Too many connections
stress,2026-09-10T10:47:26+07:00,500,1576.837,PDOException,SQLSTATE[HY000] [1040] Too many connections
stress,2026-09-10T10:47:26+07:00,500,1577.051,PDOException,SQLSTATE[HY000] [1040] Too many connections
stress,2026-09-10T10:47:26+07:00,500,1475.209,PDOException,SQLSTATE[HY000] [1040] Too many connections
stress,2026-09-10T10:47:26+07:00,500,1543.101,PDOException,SQLSTATE[HY000] [1040] Too many connections
stress,2026-09-10T10:47:26+07:00,500,1770.587,PDOException,SQLSTATE[HY000] [1040] Too many connections
stress,2026-09-10T10:47:26+07:00,500,1788.816,PDOException,SQLSTATE[HY000] [1040] Too many connections
stress,2026-09-10T10:47:26+07:00,500,1573.159,PDOException,SQLSTATE[HY000] [1040] Too many connections
stress,2026-09-10T10:47:26+07:00,500,1390.764,PDOException,SQLSTATE[HY000] [1040] Too many connections
stress,2026-09-10T10:47:26+07:00,500,1593.649,PDOException,SQLSTATE[HY000] [1040] Too many connections
stress,2026-09-10T10:47:26+07:00,500,1468.698,PDOException,SQLSTATE[HY000] [1040] Too many connections
stress,2026-09-10T10:47:26+07:00,500,1476.738,PDOException,SQLSTATE[HY000] [1040] Too many connections
stress,2026-09-10T10:47:26+07:00,500,1580.864,PDOException,SQLSTATE[HY000] [1040] Too many connections
stress,2026-09-10T10:47:26+07:00,500,1423.489,PDOException,SQLSTATE[HY000] [1040] Too many connections
stress,2026-09-10T10:47:26+07:00,500,1416.791,PDOException,SQLSTATE[HY000] [1040] Too many connections
stress,2026-09-10T10:47:26+07:00,500,1580.439,PDOException,SQLSTATE[08004] [1040] Too many connections
stress,2026-09-10T10:47:26+07:00,500,1610.422,PDOException,SQLSTATE[HY000] [1040] Too many connections
stress,2026-09-10T10:47:26+07:00,500,1532.784,PDOException,SQLSTATE[HY000] [1040] Too many connections
stress,2026-09-10T10:47:26+07:00,500,1569.586,PDOException,SQLSTATE[HY000] [1040] Too many connections
stress,2026-09-10T10:47:26+07:00,500,1224.141,PDOException,SQLSTATE[HY000] [1040] Too many connections
stress,2026-09-10T10:47:26+07:00,500,1559.06,PDOException,SQLSTATE[HY000] [1040] Too many connections
stress,2026-09-10T10:47:26+07:00,500,1048.513,PDOException,SQLSTATE[08004] [1040] Too many connections
stress,2026-09-10T10:47:26+07:00,500,1345.889,PDOException,SQLSTATE[HY000] [1040] Too many connections
stress,2026-09-10T10:47:27+07:00,500,1146.123,PDOException,SQLSTATE[HY000] [1040] Too many connections
stress,2026-09-10T10:47:27+07:00,500,1190.332,PDOException,SQLSTATE[HY000] [1040] Too many connections
stress,2026-09-10T10:47:27+07:00,500,1133.035,PDOException,SQLSTATE[HY000] [1040] Too many connections
stress,2026-09-10T10:47:27+07:00,500,1473.832,PDOException,SQLSTATE[HY000] [1040] Too many connections
stress,2026-09-10T10:47:27+07:00,500,1067.121,PDOException,SQLSTATE[HY000] [1040] Too many connections
stress,2026-09-10T10:47:27+07:00,500,1074.634,PDOException,SQLSTATE[HY000] [1040] Too many connections
stress,2026-09-10T10:47:27+07:00,500,1198.828,PDOException,SQLSTATE[HY000] [1040] Too many connections
stress,2026-09-10T10:47:27+07:00,500,1157.374,PDOException,SQLSTATE[HY000] [1040] Too many connections
stress,2026-09-10T10:47:27+07:00,500,1100.042,PDOException,SQLSTATE[HY000] [1040] Too many connections
stress,2026-09-10T10:47:27+07:00,500,1158.282,PDOException,SQLSTATE[HY000] [1040] Too many connections
stress,2026-09-10T10:47:27+07:00,500,1073.246,PDOException,SQLSTATE[HY000] [1040] Too many connections
stress,2026-09-10T10:47:27+07:00,500,1094.084,PDOException,SQLSTATE[HY000] [1040] Too many connections
stress,2026-09-10T10:47:27+07:00,500,1173.265,PDOException,SQLSTATE[HY000] [1040] Too many connections
stress,2026-09-10T10:47:27+07:00,500,1039.863,PDOException,SQLSTATE[HY000] [1040] Too many connections
stress,2026-09-10T10:47:27+07:00,500,1221.495,PDOException,SQLSTATE[HY000] [1040] Too many connections
stress,2026-09-10T10:47:27+07:00,500,1008.145,PDOException,SQLSTATE[HY000] [1040] Too many connections
stress,2026-09-10T10:47:27+07:00,500,1185.751,PDOException,SQLSTATE[HY000] [1040] Too many connections
stress,2026-09-10T10:47:27+07:00,500,1128.499,PDOException,SQLSTATE[HY000] [1040] Too many connections
stress,2026-09-10T10:47:27+07:00,500,1155.726,PDOException,SQLSTATE[HY000] [1040] Too many connections
stress,2026-09-10T10:47:27+07:00,500,1333.721,PDOException,SQLSTATE[HY000] [1040] Too many connections
stress,2026-09-10T10:47:27+07:00,500,1046.509,PDOException,SQLSTATE[HY000] [1040] Too many connections
stress,2026-09-10T10:47:27+07:00,500,1046.826,PDOException,SQLSTATE[HY000] [1040] Too many connections
stress,2026-09-10T10:47:27+07:00,500,1207.389,PDOException,SQLSTATE[HY000] [1040] Too many connections
stress,2026-09-10T10:47:27+07:00,500,1165.25,PDOException,SQLSTATE[HY000] [1040] Too many connections
stress,2026-09-10T10:47:27+07:00,500,1067.327,PDOException,SQLSTATE[HY000] [1040] Too many connections
stress,2026-09-10T10:47:28+07:00,500,896.77,PDOException,SQLSTATE[08004] [1040] Too many connections
stress,2026-09-10T10:47:28+07:00,500,1015.715,PDOException,SQLSTATE[HY000] [1040] Too many connections
stress,2026-09-10T10:47:28+07:00,500,1227.017,PDOException,SQLSTATE[08004] [1040] Too many connections
stress,2026-09-10T10:47:28+07:00,500,1042.627,PDOException,SQLSTATE[HY000] [1040] Too many connections
stress,2026-09-10T10:47:28+07:00,500,1024.318,PDOException,SQLSTATE[HY000] [1040] Too many connections
stress,2026-09-10T10:47:28+07:00,500,1081.38,PDOException,SQLSTATE[HY000] [1040] Too many connections
stress,2026-09-10T10:47:28+07:00,500,1028.043,PDOException,SQLSTATE[08004] [1040] Too many connections
stress,2026-09-10T10:47:28+07:00,500,1477.318,PDOException,SQLSTATE[HY000] [1040] Too many connections
stress,2026-09-10T10:47:28+07:00,500,1289.166,PDOException,SQLSTATE[HY000] [1040] Too many connections
stress,2026-09-10T10:47:28+07:00,500,1282.157,PDOException,SQLSTATE[HY000] [1040] Too many connections
stress,2026-09-10T10:47:28+07:00,500,1290.813,PDOException,SQLSTATE[HY000] [1040] Too many connections
stress,2026-09-10T10:47:28+07:00,500,1301.671,PDOException,SQLSTATE[HY000] [1040] Too many connections
stress,2026-09-10T10:47:28+07:00,500,1260.063,PDOException,SQLSTATE[HY000] [1040] Too many connections
stress,2026-09-10T10:47:28+07:00,500,1207.624,PDOException,SQLSTATE[HY000] [1040] Too many connections
stress,2026-09-10T10:47:28+07:00,500,1141.116,PDOException,SQLSTATE[HY000] [1040] Too many connections
stress,2026-09-10T10:47:28+07:00,500,1119.154,PDOException,SQLSTATE[HY000] [1040] Too many connections
stress,2026-09-10T10:47:28+07:00,500,1112.484,PDOException,SQLSTATE[HY000] [1040] Too many connections
stress,2026-09-10T10:47:28+07:00,500,1105.191,PDOException,SQLSTATE[HY000] [1040] Too many connections
stress,2026-09-10T10:47:28+07:00,500,1135.353,PDOException,SQLSTATE[HY000] [1040] Too many connections
stress,2026-09-10T10:47:28+07:00,500,1122.871,PDOException,SQLSTATE[HY000] [1040] Too many connections
stress,2026-09-10T10:47:28+07:00,500,1331.872,PDOException,SQLSTATE[HY000] [1040] Too many connections
stress,2026-09-10T10:47:29+07:00,500,1291.85,PDOException,SQLSTATE[HY000] [1040] Too many connections
stress,2026-09-10T10:47:29+07:00,500,1291.554,PDOException,SQLSTATE[HY000] [1040] Too many connections
stress,2026-09-10T10:47:29+07:00,500,1346.556,PDOException,SQLSTATE[HY000] [1040] Too many connections
stress,2026-09-10T10:47:29+07:00,500,1223.42,PDOException,SQLSTATE[HY000] [1040] Too many connections
stress,2026-09-10T10:47:29+07:00,500,1155.207,PDOException,SQLSTATE[HY000] [1040] Too many connections
stress,2026-09-10T10:47:29+07:00,500,1111.462,PDOException,SQLSTATE[HY000] [1040] Too many connections
stress,2026-09-10T10:47:29+07:00,500,1273.116,PDOException,SQLSTATE[HY000] [1040] Too many connections
stress,2026-09-10T10:47:29+07:00,500,1052.709,PDOException,SQLSTATE[HY000] [1040] Too many connections
stress,2026-09-10T10:47:29+07:00,500,1133.48,PDOException,SQLSTATE[HY000] [1040] Too many connections
stress,2026-09-10T10:47:29+07:00,500,1311.953,PDOException,SQLSTATE[HY000] [1040] Too many connections
stress,2026-09-10T10:47:29+07:00,500,1087.523,PDOException,SQLSTATE[HY000] [1040] Too many connections
stress,2026-09-10T10:47:29+07:00,500,1147.976,PDOException,SQLSTATE[HY000] [1040] Too many connections
stress,2026-09-10T10:47:29+07:00,500,909.877,PDOException,SQLSTATE[HY000] [1040] Too many connections
stress,2026-09-10T10:47:29+07:00,500,1168.072,PDOException,SQLSTATE[HY000] [1040] Too many connections
stress,2026-09-10T10:47:29+07:00,500,1004.309,PDOException,SQLSTATE[HY000] [1040] Too many connections
stress,2026-09-10T10:47:29+07:00,500,1217.994,PDOException,SQLSTATE[HY000] [1040] Too many connections
stress,2026-09-10T10:47:29+07:00,500,1069.836,PDOException,SQLSTATE[HY000] [1040] Too many connections
stress,2026-09-10T10:47:29+07:00,500,1080.112,PDOException,SQLSTATE[HY000] [1040] Too many connections
stress,2026-09-10T10:47:29+07:00,500,1103.806,PDOException,SQLSTATE[HY000] [1040] Too many connections
stress,2026-09-10T10:47:29+07:00,500,1146.704,PDOException,SQLSTATE[HY000] [1040] Too many connections
stress,2026-09-10T10:47:30+07:00,500,1120.946,PDOException,SQLSTATE[HY000] [1040] Too many connections
stress,2026-09-10T10:47:30+07:00,500,934.092,PDOException,SQLSTATE[HY000] [1040] Too many connections
stress,2026-09-10T10:47:30+07:00,500,1097.104,PDOException,SQLSTATE[HY000] [1040] Too many connections
stress,2026-09-10T10:47:30+07:00,500,921.683,PDOException,SQLSTATE[HY000] [1040] Too many connections
stress,2026-09-10T10:47:30+07:00,500,1144.706,PDOException,SQLSTATE[HY000] [1040] Too many connections
stress,2026-09-10T10:47:30+07:00,500,1144.015,PDOException,SQLSTATE[HY000] [1040] Too many connections
stress,2026-09-10T10:47:30+07:00,500,975.318,PDOException,SQLSTATE[HY000] [1040] Too many connections
stress,2026-09-10T10:47:30+07:00,500,985.39,PDOException,SQLSTATE[HY000] [1040] Too many connections
stress,2026-09-10T10:47:30+07:00,500,995.192,PDOException,SQLSTATE[HY000] [1040] Too many connections
stress,2026-09-10T10:47:30+07:00,500,1007.105,PDOException,SQLSTATE[HY000] [1040] Too many connections
stress,2026-09-10T10:47:30+07:00,500,1216.181,PDOException,SQLSTATE[08004] [1040] Too many connections
stress,2026-09-10T10:47:30+07:00,500,1085.266,PDOException,SQLSTATE[HY000] [1040] Too many connections
stress,2026-09-10T10:47:30+07:00,500,1088.85,PDOException,SQLSTATE[08004] [1040] Too many connections
stress,2026-09-10T10:47:30+07:00,500,1429.406,PDOException,SQLSTATE[HY000] [1040] Too many connections
stress,2026-09-10T10:47:30+07:00,500,1040.843,PDOException,SQLSTATE[HY000] [1040] Too many connections
stress,2026-09-10T10:47:30+07:00,500,1353.945,PDOException,SQLSTATE[08004] [1040] Too many connections
stress,2026-09-10T10:47:30+07:00,500,1016.568,PDOException,SQLSTATE[HY000] [1040] Too many connections
stress,2026-09-10T10:47:30+07:00,500,1368.17,PDOException,SQLSTATE[08004] [1040] Too many connections
stress,2026-09-10T10:47:31+07:00,500,1179.463,PDOException,SQLSTATE[HY000] [1040] Too many connections
stress,2026-09-10T10:47:31+07:00,500,1132.339,PDOException,SQLSTATE[HY000] [1040] Too many connections
stress,2026-09-10T10:47:31+07:00,500,1200.179,PDOException,SQLSTATE[HY000] [1040] Too many connections
stress,2026-09-10T10:47:31+07:00,500,1250.097,PDOException,SQLSTATE[HY000] [1040] Too many connections
stress,2026-09-10T10:47:31+07:00,500,1080.405,PDOException,SQLSTATE[08004] [1040] Too many connections
stress,2026-09-10T10:47:31+07:00,500,1170.661,PDOException,SQLSTATE[HY000] [1040] Too many connections
stress,2026-09-10T10:47:31+07:00,500,1013.301,PDOException,SQLSTATE[08004] [1040] Too many connections
stress,2026-09-10T10:47:31+07:00,500,1257.942,PDOException,SQLSTATE[HY000] [1040] Too many connections
stress,2026-09-10T10:47:31+07:00,500,1155.367,PDOException,SQLSTATE[08004] [1040] Too many connections
stress,2026-09-10T10:47:31+07:00,500,1010.613,PDOException,SQLSTATE[HY000] [1040] Too many connections
stress,2026-09-10T10:47:31+07:00,500,1032.895,PDOException,SQLSTATE[HY000] [1040] Too many connections
stress,2026-09-10T10:47:31+07:00,500,1231.938,PDOException,SQLSTATE[HY000] [1040] Too many connections
stress,2026-09-10T10:47:31+07:00,500,1190.756,PDOException,SQLSTATE[HY000] [1040] Too many connections
stress,2026-09-10T10:47:31+07:00,500,1050.28,PDOException,SQLSTATE[HY000] [1040] Too many connections
stress,2026-09-10T10:47:31+07:00,500,1001.337,PDOException,SQLSTATE[HY000] [1040] Too many connections
stress,2026-09-10T10:47:31+07:00,500,1048.128,PDOException,SQLSTATE[HY000] [1040] Too many connections
stress,2026-09-10T10:47:31+07:00,500,979.766,PDOException,SQLSTATE[08004] [1040] Too many connections
stress,2026-09-10T10:47:31+07:00,500,1021.516,PDOException,SQLSTATE[HY000] [1040] Too many connections
stress,2026-09-10T10:47:31+07:00,500,1100.884,PDOException,SQLSTATE[08004] [1040] Too many connections
stress,2026-09-10T10:47:31+07:00,500,1050.244,PDOException,SQLSTATE[HY000] [1040] Too many connections
stress,2026-09-10T10:47:31+07:00,500,1002.268,PDOException,SQLSTATE[HY000] [1040] Too many connections
stress,2026-09-10T10:47:31+07:00,500,1007.575,PDOException,SQLSTATE[HY000] [1040] Too many connections
stress,2026-09-10T10:47:31+07:00,500,881.303,PDOException,SQLSTATE[HY000] [1040] Too many connections
stress,2026-09-10T10:47:32+07:00,500,940.7,PDOException,SQLSTATE[HY000] [1040] Too many connections
stress,2026-09-10T10:47:32+07:00,500,856.833,PDOException,SQLSTATE[08004] [1040] Too many connections
stress,2026-09-10T10:47:32+07:00,500,994.288,PDOException,SQLSTATE[HY000] [1040] Too many connections
stress,2026-09-10T10:47:32+07:00,500,890.609,PDOException,SQLSTATE[HY000] [1040] Too many connections
stress,2026-09-10T10:47:32+07:00,500,1068.11,PDOException,SQLSTATE[HY000] [1040] Too many connections
stress,2026-09-10T10:47:32+07:00,500,1070.807,PDOException,SQLSTATE[HY000] [1040] Too many connections
stress,2026-09-10T10:47:32+07:00,500,926.209,PDOException,SQLSTATE[HY000] [1040] Too many connections
stress,2026-09-10T10:47:32+07:00,500,1009.021,PDOException,SQLSTATE[08004] [1040] Too many connections
stress,2026-09-10T10:47:32+07:00,500,954.508,PDOException,SQLSTATE[HY000] [1040] Too many connections
stress,2026-09-10T10:47:32+07:00,500,1088.461,PDOException,SQLSTATE[HY000] [1040] Too many connections
stress,2026-09-10T10:47:32+07:00,500,1032.963,PDOException,SQLSTATE[HY000] [1040] Too many connections
stress,2026-09-10T10:47:32+07:00,500,1083.288,PDOException,SQLSTATE[HY000] [1040] Too many connections
stress,2026-09-10T10:47:32+07:00,500,1067.253,PDOException,SQLSTATE[08004] [1040] Too many connections
stress,2026-09-10T10:47:32+07:00,500,845.127,PDOException,SQLSTATE[HY000] [1040] Too many connections
stress,2026-09-10T10:47:32+07:00,500,1310.68,PDOException,SQLSTATE[HY000] [1040] Too many connections
stress,2026-09-10T10:47:32+07:00,500,883.964,PDOException,SQLSTATE[HY000] [1040] Too many connections
stress,2026-09-10T10:47:32+07:00,500,853.997,PDOException,SQLSTATE[HY000] [1040] Too many connections
stress,2026-09-10T10:47:32+07:00,500,870.042,PDOException,SQLSTATE[HY000] [1040] Too many connections
stress,2026-09-10T10:47:32+07:00,500,1000.982,PDOException,SQLSTATE[HY000] [1040] Too many connections
stress,2026-09-10T10:47:32+07:00,500,866.19,PDOException,SQLSTATE[HY000] [1040] Too many connections
stress,2026-09-10T10:47:32+07:00,500,1052.852,PDOException,SQLSTATE[HY000] [1040] Too many connections
stress,2026-09-10T10:47:32+07:00,500,882.423,PDOException,SQLSTATE[HY000] [1040] Too many connections
stress,2026-09-10T10:47:32+07:00,500,1002.911,PDOException,SQLSTATE[HY000] [1040] Too many connections
stress,2026-09-10T10:47:32+07:00,500,1046.233,PDOException,SQLSTATE[HY000] [1040] Too many connections
stress,2026-09-10T10:47:32+07:00,500,949.794,PDOException,SQLSTATE[HY000] [1040] Too many connections
stress,2026-09-10T10:47:32+07:00,500,999.979,PDOException,SQLSTATE[08004] [1040] Too many connections
stress,2026-09-10T10:47:33+07:00,500,989.328,PDOException,SQLSTATE[HY000] [1040] Too many connections
stress,2026-09-10T10:47:33+07:00,500,852.899,PDOException,SQLSTATE[HY000] [1040] Too many connections
stress,2026-09-10T10:47:33+07:00,500,1078.319,PDOException,SQLSTATE[HY000] [1040] Too many connections
stress,2026-09-10T10:47:33+07:00,500,1103.812,PDOException,SQLSTATE[HY000] [1040] Too many connections
stress,2026-09-10T10:47:33+07:00,500,776.412,PDOException,SQLSTATE[HY000] [1040] Too many connections
stress,2026-09-10T10:47:33+07:00,500,776.865,PDOException,SQLSTATE[08004] [1040] Too many connections
stress,2026-09-10T10:47:33+07:00,500,1076.768,PDOException,SQLSTATE[HY000] [1040] Too many connections
stress,2026-09-10T10:47:33+07:00,500,890.796,PDOException,SQLSTATE[HY000] [1040] Too many connections
stress,2026-09-10T10:47:33+07:00,500,925.657,PDOException,SQLSTATE[HY000] [1040] Too many connections
stress,2026-09-10T10:47:33+07:00,500,966.664,PDOException,SQLSTATE[HY000] [1040] Too many connections
stress,2026-09-10T10:47:33+07:00,500,831.183,PDOException,SQLSTATE[HY000] [1040] Too many connections
stress,2026-09-10T10:47:33+07:00,500,1010.264,PDOException,SQLSTATE[HY000] [1040] Too many connections
stress,2026-09-10T10:47:33+07:00,500,920.18,PDOException,SQLSTATE[HY000] [1040] Too many connections
stress,2026-09-10T10:47:33+07:00,500,774.759,PDOException,SQLSTATE[HY000] [1040] Too many connections
stress,2026-09-10T10:47:33+07:00,500,775.357,PDOException,SQLSTATE[HY000] [1040] Too many connections
stress,2026-09-10T10:47:33+07:00,500,901.694,PDOException,SQLSTATE[HY000] [1040] Too many connections
stress,2026-09-10T10:47:33+07:00,500,787.648,PDOException,SQLSTATE[HY000] [1040] Too many connections
stress,2026-09-10T10:47:33+07:00,500,978.837,PDOException,SQLSTATE[08004] [1040] Too many connections
stress,2026-09-10T10:47:33+07:00,500,798.373,PDOException,SQLSTATE[08004] [1040] Too many connections
stress,2026-09-10T10:47:33+07:00,500,1052.631,PDOException,SQLSTATE[HY000] [1040] Too many connections
stress,2026-09-10T10:47:33+07:00,500,991.858,PDOException,SQLSTATE[HY000] [1040] Too many connections
stress,2026-09-10T10:47:34+07:00,500,860.452,PDOException,SQLSTATE[HY000] [1040] Too many connections
stress,2026-09-10T10:47:34+07:00,500,1051.554,PDOException,SQLSTATE[HY000] [1040] Too many connections
stress,2026-09-10T10:47:34+07:00,500,810.496,PDOException,SQLSTATE[HY000] [1040] Too many connections
stress,2026-09-10T10:47:34+07:00,500,859.327,PDOException,SQLSTATE[HY000] [1040] Too many connections
stress,2026-09-10T10:47:34+07:00,500,924.398,PDOException,SQLSTATE[HY000] [1040] Too many connections
stress,2026-09-10T10:47:34+07:00,500,856.377,PDOException,SQLSTATE[HY000] [1040] Too many connections
stress,2026-09-10T10:47:34+07:00,500,856.139,PDOException,SQLSTATE[HY000] [1040] Too many connections
stress,2026-09-10T10:47:34+07:00,500,692.559,PDOException,SQLSTATE[HY000] [1040] Too many connections
stress,2026-09-10T10:47:34+07:00,500,930.804,PDOException,SQLSTATE[HY000] [1040] Too many connections
stress,2026-09-10T10:47:34+07:00,500,726.963,PDOException,SQLSTATE[HY000] [1040] Too many connections
stress,2026-09-10T10:47:34+07:00,500,691.357,PDOException,SQLSTATE[HY000] [1040] Too many connections
stress,2026-09-10T10:47:34+07:00,500,720.36,PDOException,SQLSTATE[HY000] [1040] Too many connections
stress,2026-09-10T10:47:34+07:00,500,809.878,PDOException,SQLSTATE[HY000] [1040] Too many connections
stress,2026-09-10T10:47:34+07:00,500,808.519,PDOException,SQLSTATE[HY000] [1040] Too many connections
stress,2026-09-10T10:47:34+07:00,500,845.361,PDOException,SQLSTATE[HY000] [1040] Too many connections
stress,2026-09-10T10:47:34+07:00,500,853.633,PDOException,SQLSTATE[HY000] [1040] Too many connections
stress,2026-09-10T10:47:34+07:00,500,814.2,PDOException,SQLSTATE[HY000] [1040] Too many connections
stress,2026-09-10T10:47:34+07:00,500,920,PDOException,SQLSTATE[HY000] [1040] Too many connections
stress,2026-09-10T10:47:34+07:00,500,795.581,PDOException,SQLSTATE[HY000] [1040] Too many connections
stress,2026-09-10T10:47:34+07:00,500,889.264,PDOException,SQLSTATE[HY000] [1040] Too many connections
stress,2026-09-10T10:47:34+07:00,500,783.553,PDOException,SQLSTATE[HY000] [1040] Too many connections
stress,2026-09-10T10:47:34+07:00,500,928.498,PDOException,SQLSTATE[HY000] [1040] Too many connections
stress,2026-09-10T10:47:34+07:00,500,772.607,PDOException,SQLSTATE[HY000] [1040] Too many connections
stress,2026-09-10T10:47:34+07:00,500,1081.265,PDOException,SQLSTATE[HY000] [1040] Too many connections
stress,2026-09-10T10:47:34+07:00,500,1056.16,PDOException,SQLSTATE[HY000] [1040] Too many connections
stress,2026-09-10T10:47:34+07:00,500,938.073,PDOException,SQLSTATE[08004] [1040] Too many connections
stress,2026-09-10T10:47:34+07:00,500,772.634,PDOException,SQLSTATE[HY000] [1040] Too many connections
stress,2026-09-10T10:47:34+07:00,500,795.663,PDOException,SQLSTATE[HY000] [1040] Too many connections
stress,2026-09-10T10:47:35+07:00,500,870.099,PDOException,SQLSTATE[HY000] [1040] Too many connections
stress,2026-09-10T10:47:35+07:00,500,756.817,PDOException,SQLSTATE[HY000] [1040] Too many connections
stress,2026-09-10T10:47:35+07:00,500,944.171,PDOException,SQLSTATE[HY000] [1040] Too many connections
stress,2026-09-10T10:47:35+07:00,500,899.236,PDOException,SQLSTATE[HY000] [1040] Too many connections
stress,2026-09-10T10:47:35+07:00,500,746.796,PDOException,SQLSTATE[HY000] [1040] Too many connections
stress,2026-09-10T10:47:35+07:00,500,826.249,PDOException,SQLSTATE[HY000] [1040] Too many connections
stress,2026-09-10T10:47:35+07:00,500,870.001,PDOException,SQLSTATE[HY000] [1040] Too many connections
stress,2026-09-10T10:47:35+07:00,500,875.727,PDOException,SQLSTATE[HY000] [1040] Too many connections
stress,2026-09-10T10:47:35+07:00,500,795.133,PDOException,SQLSTATE[HY000] [1040] Too many connections
stress,2026-09-10T10:47:35+07:00,500,858.323,PDOException,SQLSTATE[08004] [1040] Too many connections
stress,2026-09-10T10:47:35+07:00,500,781.841,PDOException,SQLSTATE[08004] [1040] Too many connections
stress,2026-09-10T10:47:35+07:00,500,762.734,PDOException,SQLSTATE[08004] [1040] Too many connections
stress,2026-09-10T10:47:35+07:00,500,823.391,PDOException,SQLSTATE[HY000] [1040] Too many connections
stress,2026-09-10T10:47:35+07:00,500,764.421,PDOException,SQLSTATE[HY000] [1040] Too many connections
stress,2026-09-10T10:47:35+07:00,500,995.463,PDOException,SQLSTATE[HY000] [1040] Too many connections
stress,2026-09-10T10:47:35+07:00,500,938.917,PDOException,SQLSTATE[HY000] [1040] Too many connections
stress,2026-09-10T10:47:35+07:00,500,764.086,PDOException,SQLSTATE[HY000] [1040] Too many connections
stress,2026-09-10T10:47:35+07:00,500,848.807,PDOException,SQLSTATE[HY000] [1040] Too many connections
stress,2026-09-10T10:47:35+07:00,500,902.085,PDOException,SQLSTATE[HY000] [1040] Too many connections
stress,2026-09-10T10:47:35+07:00,500,776.031,PDOException,SQLSTATE[HY000] [1040] Too many connections
stress,2026-09-10T10:47:35+07:00,500,911.163,PDOException,SQLSTATE[HY000] [1040] Too many connections
stress,2026-09-10T10:47:35+07:00,500,877.657,PDOException,SQLSTATE[HY000] [1040] Too many connections
stress,2026-09-10T10:47:35+07:00,500,901.729,PDOException,SQLSTATE[HY000] [1040] Too many connections
stress,2026-09-10T10:47:35+07:00,500,855.156,PDOException,SQLSTATE[HY000] [1040] Too many connections
stress,2026-09-10T10:47:35+07:00,500,818.974,PDOException,SQLSTATE[HY000] [1040] Too many connections
stress,2026-09-10T10:47:35+07:00,500,1093.297,PDOException,SQLSTATE[HY000] [1040] Too many connections
stress,2026-09-10T10:47:35+07:00,500,811.228,PDOException,SQLSTATE[HY000] [1040] Too many connections
stress,2026-09-10T10:47:36+07:00,500,943.619,PDOException,SQLSTATE[HY000] [1040] Too many connections
stress,2026-09-10T10:47:36+07:00,500,755.957,PDOException,SQLSTATE[HY000] [1040] Too many connections
stress,2026-09-10T10:47:36+07:00,500,947.185,PDOException,SQLSTATE[HY000] [1040] Too many connections
stress,2026-09-10T10:47:36+07:00,500,757.595,PDOException,SQLSTATE[HY000] [1040] Too many connections
stress,2026-09-10T10:47:36+07:00,500,961.118,PDOException,SQLSTATE[HY000] [1040] Too many connections
stress,2026-09-10T10:47:36+07:00,500,950.748,PDOException,SQLSTATE[HY000] [1040] Too many connections
stress,2026-09-10T10:47:36+07:00,500,749.093,PDOException,SQLSTATE[HY000] [1040] Too many connections
stress,2026-09-10T10:47:36+07:00,500,1037.449,PDOException,SQLSTATE[08004] [1040] Too many connections
stress,2026-09-10T10:47:36+07:00,500,780.284,PDOException,SQLSTATE[HY000] [1040] Too many connections
stress,2026-09-10T10:47:36+07:00,500,792.748,PDOException,SQLSTATE[HY000] [1040] Too many connections
stress,2026-09-10T10:47:36+07:00,500,752.571,PDOException,SQLSTATE[HY000] [1040] Too many connections
stress,2026-09-10T10:47:36+07:00,500,815.162,PDOException,SQLSTATE[HY000] [1040] Too many connections
stress,2026-09-10T10:47:36+07:00,500,1065.372,PDOException,SQLSTATE[HY000] [1040] Too many connections
stress,2026-09-10T10:47:36+07:00,500,1000.261,PDOException,SQLSTATE[HY000] [1040] Too many connections
stress,2026-09-10T10:47:36+07:00,500,773.293,PDOException,SQLSTATE[HY000] [1040] Too many connections
stress,2026-09-10T10:47:36+07:00,500,983.378,PDOException,SQLSTATE[HY000] [1040] Too many connections
stress,2026-09-10T10:47:36+07:00,500,660.05,PDOException,SQLSTATE[HY000] [1040] Too many connections
stress,2026-09-10T10:47:36+07:00,500,662.594,PDOException,SQLSTATE[HY000] [1040] Too many connections
stress,2026-09-10T10:47:36+07:00,500,905.875,PDOException,SQLSTATE[HY000] [1040] Too many connections
stress,2026-09-10T10:47:36+07:00,500,789.312,PDOException,SQLSTATE[HY000] [1040] Too many connections
stress,2026-09-10T10:47:36+07:00,500,956.207,PDOException,SQLSTATE[HY000] [1040] Too many connections
stress,2026-09-10T10:47:37+07:00,500,806.697,PDOException,SQLSTATE[HY000] [1040] Too many connections
stress,2026-09-10T10:47:37+07:00,500,813.773,PDOException,SQLSTATE[HY000] [1040] Too many connections
stress,2026-09-10T10:47:37+07:00,500,811.893,PDOException,SQLSTATE[HY000] [1040] Too many connections
stress,2026-09-10T10:47:37+07:00,500,888.417,PDOException,SQLSTATE[HY000] [1040] Too many connections
stress,2026-09-10T10:47:37+07:00,500,964.17,PDOException,SQLSTATE[HY000] [1040] Too many connections
stress,2026-09-10T10:47:37+07:00,500,947.466,PDOException,SQLSTATE[HY000] [1040] Too many connections
stress,2026-09-10T10:47:37+07:00,500,652.439,PDOException,SQLSTATE[HY000] [1040] Too many connections
stress,2026-09-10T10:47:37+07:00,500,801.167,PDOException,SQLSTATE[08004] [1040] Too many connections
stress,2026-09-10T10:47:37+07:00,500,723.095,PDOException,SQLSTATE[08004] [1040] Too many connections
stress,2026-09-10T10:47:37+07:00,500,618.312,PDOException,SQLSTATE[08004] [1040] Too many connections
stress,2026-09-10T10:47:37+07:00,500,581.361,PDOException,SQLSTATE[HY000] [1040] Too many connections
stress,2026-09-10T10:47:37+07:00,500,758.904,PDOException,SQLSTATE[HY000] [1040] Too many connections
stress,2026-09-10T10:47:37+07:00,500,746.2,PDOException,SQLSTATE[HY000] [1040] Too many connections
stress,2026-09-10T10:47:37+07:00,500,862.065,PDOException,SQLSTATE[HY000] [1040] Too many connections
stress,2026-09-10T10:47:37+07:00,500,627.855,PDOException,SQLSTATE[HY000] [1040] Too many connections
stress,2026-09-10T10:47:37+07:00,500,767.895,PDOException,SQLSTATE[HY000] [1040] Too many connections
stress,2026-09-10T10:47:37+07:00,500,953.399,PDOException,SQLSTATE[HY000] [1040] Too many connections
stress,2026-09-10T10:47:37+07:00,500,650.99,PDOException,SQLSTATE[HY000] [1040] Too many connections
stress,2026-09-10T10:47:37+07:00,500,987.547,PDOException,SQLSTATE[HY000] [1040] Too many connections
stress,2026-09-10T10:47:37+07:00,500,716.593,PDOException,SQLSTATE[HY000] [1040] Too many connections
stress,2026-09-10T10:47:37+07:00,500,805.916,PDOException,SQLSTATE[HY000] [1040] Too many connections
stress,2026-09-10T10:47:37+07:00,500,648.176,PDOException,SQLSTATE[HY000] [1040] Too many connections
stress,2026-09-10T10:47:37+07:00,500,629.02,PDOException,SQLSTATE[HY000] [1040] Too many connections
stress,2026-09-10T10:47:38+07:00,500,708.01,PDOException,SQLSTATE[HY000] [1040] Too many connections
stress,2026-09-10T10:47:38+07:00,500,732.598,PDOException,SQLSTATE[HY000] [1040] Too many connections
stress,2026-09-10T10:47:38+07:00,500,776.005,PDOException,SQLSTATE[HY000] [1040] Too many connections
stress,2026-09-10T10:47:38+07:00,500,810.194,PDOException,SQLSTATE[HY000] [1040] Too many connections
stress,2026-09-10T10:47:38+07:00,500,814.566,PDOException,SQLSTATE[HY000] [1040] Too many connections
stress,2026-09-10T10:47:38+07:00,500,819.809,PDOException,SQLSTATE[HY000] [1040] Too many connections
stress,2026-09-10T10:47:38+07:00,500,877.762,PDOException,SQLSTATE[HY000] [1040] Too many connections
stress,2026-09-10T10:47:38+07:00,500,782.212,PDOException,SQLSTATE[HY000] [1040] Too many connections
stress,2026-09-10T10:47:38+07:00,500,712.558,PDOException,SQLSTATE[HY000] [1040] Too many connections
stress,2026-09-10T10:47:38+07:00,500,547.17,PDOException,SQLSTATE[HY000] [1040] Too many connections
stress,2026-09-10T10:47:38+07:00,500,594.738,PDOException,SQLSTATE[08004] [1040] Too many connections
stress,2026-09-10T10:47:38+07:00,500,620.141,PDOException,SQLSTATE[HY000] [1040] Too many connections
stress,2026-09-10T10:47:38+07:00,500,748.008,PDOException,SQLSTATE[HY000] [1040] Too many connections
stress,2026-09-10T10:47:38+07:00,500,754.511,PDOException,SQLSTATE[HY000] [1040] Too many connections
stress,2026-09-10T10:47:38+07:00,500,495.139,PDOException,SQLSTATE[08004] [1040] Too many connections
stress,2026-09-10T10:47:38+07:00,500,691.607,PDOException,SQLSTATE[HY000] [1040] Too many connections
stress,2026-09-10T10:47:38+07:00,500,808.129,PDOException,SQLSTATE[HY000] [1040] Too many connections
stress,2026-09-10T10:47:38+07:00,500,752.17,PDOException,SQLSTATE[HY000] [1040] Too many connections
stress,2026-09-10T10:47:38+07:00,500,760.547,PDOException,SQLSTATE[HY000] [1040] Too many connections
stress,2026-09-10T10:47:38+07:00,500,688.456,PDOException,SQLSTATE[HY000] [1040] Too many connections
stress,2026-09-10T10:47:38+07:00,500,691.447,PDOException,SQLSTATE[HY000] [1040] Too many connections
stress,2026-09-10T10:47:38+07:00,500,667.388,PDOException,SQLSTATE[HY000] [1040] Too many connections
stress,2026-09-10T10:47:39+07:00,500,738.152,PDOException,SQLSTATE[08004] [1040] Too many connections
stress,2026-09-10T10:47:39+07:00,500,815.723,PDOException,SQLSTATE[HY000] [1040] Too many connections
stress,2026-09-10T10:47:39+07:00,500,801.949,PDOException,SQLSTATE[HY000] [1040] Too many connections
stress,2026-09-10T10:47:39+07:00,500,938.693,PDOException,SQLSTATE[HY000] [1040] Too many connections
stress,2026-09-10T10:47:39+07:00,500,702.072,PDOException,SQLSTATE[HY000] [1040] Too many connections
stress,2026-09-10T10:47:39+07:00,500,934.835,PDOException,SQLSTATE[HY000] [1040] Too many connections
stress,2026-09-10T10:47:39+07:00,500,673.687,PDOException,SQLSTATE[HY000] [1040] Too many connections
stress,2026-09-10T10:47:39+07:00,500,885.323,PDOException,SQLSTATE[HY000] [1040] Too many connections
stress,2026-09-10T10:47:39+07:00,500,714.967,PDOException,SQLSTATE[HY000] [1040] Too many connections
stress,2026-09-10T10:47:39+07:00,500,777.14,PDOException,SQLSTATE[HY000] [1040] Too many connections
stress,2026-09-10T10:47:39+07:00,500,716.723,PDOException,SQLSTATE[HY000] [1040] Too many connections
stress,2026-09-10T10:47:39+07:00,500,692.023,PDOException,SQLSTATE[HY000] [1040] Too many connections
stress,2026-09-10T10:47:39+07:00,500,793.212,PDOException,SQLSTATE[HY000] [1040] Too many connections
stress,2026-09-10T10:47:39+07:00,500,829.035,PDOException,SQLSTATE[HY000] [1040] Too many connections
stress,2026-09-10T10:47:40+07:00,500,1539.092,PDOException,SQLSTATE[08004] [1040] Too many connections
stress,2026-09-10T10:47:40+07:00,500,1341.473,PDOException,SQLSTATE[HY000] [1040] Too many connections
stress,2026-09-10T10:47:40+07:00,500,1315.677,PDOException,SQLSTATE[HY000] [1040] Too many connections
stress,2026-09-10T10:47:40+07:00,500,1385.814,PDOException,SQLSTATE[HY000] [1040] Too many connections
stress,2026-09-10T10:47:40+07:00,500,1524.989,PDOException,SQLSTATE[HY000] [1040] Too many connections
stress,2026-09-10T10:47:40+07:00,500,1415.088,PDOException,SQLSTATE[HY000] [1040] Too many connections
stress,2026-09-10T10:47:40+07:00,500,1457.511,PDOException,SQLSTATE[HY000] [1040] Too many connections
stress,2026-09-10T10:47:41+07:00,500,1336.762,PDOException,SQLSTATE[HY000] [1040] Too many connections
stress,2026-09-10T10:47:41+07:00,500,1307.33,PDOException,SQLSTATE[HY000] [1040] Too many connections
stress,2026-09-10T10:47:41+07:00,500,1348.185,PDOException,SQLSTATE[HY000] [1040] Too many connections
stress,2026-09-10T10:47:41+07:00,500,1299.18,PDOException,SQLSTATE[HY000] [1040] Too many connections
stress,2026-09-10T10:47:41+07:00,500,1353.278,PDOException,SQLSTATE[HY000] [1040] Too many connections
stress,2026-09-10T10:47:41+07:00,500,1579.479,PDOException,SQLSTATE[HY000] [1040] Too many connections
stress,2026-09-10T10:47:41+07:00,500,1616.147,PDOException,SQLSTATE[HY000] [1040] Too many connections
stress,2026-09-10T10:47:41+07:00,500,1028.34,PDOException,SQLSTATE[HY000] [1040] Too many connections
stress,2026-09-10T10:47:41+07:00,500,1032.233,PDOException,SQLSTATE[HY000] [1040] Too many connections
stress,2026-09-10T10:47:41+07:00,500,612.364,PDOException,SQLSTATE[HY000] [1040] Too many connections
stress,2026-09-10T10:47:41+07:00,500,590.562,PDOException,SQLSTATE[HY000] [1040] Too many connections
stress,2026-09-10T10:47:41+07:00,500,1136.723,PDOException,SQLSTATE[HY000] [1040] Too many connections
stress,2026-09-10T10:47:41+07:00,500,656.757,PDOException,SQLSTATE[HY000] [1040] Too many connections
stress,2026-09-10T10:47:41+07:00,500,891.714,PDOException,SQLSTATE[08004] [1040] Too many connections
stress,2026-09-10T10:47:41+07:00,500,644.019,PDOException,SQLSTATE[HY000] [1040] Too many connections
stress,2026-09-10T10:47:41+07:00,500,935.111,PDOException,SQLSTATE[08004] [1040] Too many connections
stress,2026-09-10T10:47:41+07:00,500,741.334,PDOException,SQLSTATE[08004] [1040] Too many connections
stress,2026-09-10T10:47:41+07:00,500,749.069,PDOException,SQLSTATE[HY000] [1040] Too many connections
stress,2026-09-10T10:47:41+07:00,500,696.718,PDOException,SQLSTATE[08004] [1040] Too many connections
stress,2026-09-10T10:47:41+07:00,500,511.523,PDOException,SQLSTATE[08004] [1040] Too many connections
stress,2026-09-10T10:47:42+07:00,500,495.536,PDOException,SQLSTATE[HY000] [1040] Too many connections
stress,2026-09-10T10:47:42+07:00,500,611.667,PDOException,SQLSTATE[08004] [1040] Too many connections
stress,2026-09-10T10:47:42+07:00,500,668.696,PDOException,SQLSTATE[HY000] [1040] Too many connections
stress,2026-09-10T10:47:42+07:00,500,635.59,PDOException,SQLSTATE[HY000] [1040] Too many connections
stress,2026-09-10T10:47:42+07:00,500,703.16,PDOException,SQLSTATE[08004] [1040] Too many connections
stress,2026-09-10T10:47:42+07:00,500,692.021,PDOException,SQLSTATE[HY000] [1040] Too many connections
stress,2026-09-10T10:47:42+07:00,500,698.673,PDOException,SQLSTATE[HY000] [1040] Too many connections
stress,2026-09-10T10:47:42+07:00,500,568.118,PDOException,SQLSTATE[HY000] [1040] Too many connections
stress,2026-09-10T10:47:42+07:00,500,527.61,PDOException,SQLSTATE[HY000] [1040] Too many connections
stress,2026-09-10T10:47:42+07:00,500,568.301,PDOException,SQLSTATE[HY000] [1040] Too many connections
stress,2026-09-10T10:47:42+07:00,500,483.064,PDOException,SQLSTATE[HY000] [1040] Too many connections
stress,2026-09-10T10:47:42+07:00,500,889.574,PDOException,SQLSTATE[HY000] [1040] Too many connections
stress,2026-09-10T10:47:42+07:00,500,757.213,PDOException,SQLSTATE[HY000] [1040] Too many connections
stress,2026-09-10T10:47:42+07:00,500,620.502,PDOException,SQLSTATE[HY000] [1040] Too many connections
stress,2026-09-10T10:47:42+07:00,500,529.666,PDOException,SQLSTATE[08004] [1040] Too many connections
stress,2026-09-10T10:47:42+07:00,500,467.238,PDOException,SQLSTATE[08004] [1040] Too many connections
stress,2026-09-10T10:47:42+07:00,500,567.676,PDOException,SQLSTATE[08004] [1040] Too many connections
stress,2026-09-10T10:47:42+07:00,500,573.442,PDOException,SQLSTATE[HY000] [1040] Too many connections
stress,2026-09-10T10:47:42+07:00,500,532.061,PDOException,SQLSTATE[HY000] [1040] Too many connections
stress,2026-09-10T10:47:42+07:00,500,578.131,PDOException,SQLSTATE[HY000] [1040] Too many connections
stress,2026-09-10T10:47:42+07:00,500,623.033,PDOException,SQLSTATE[HY000] [1040] Too many connections
stress,2026-09-10T10:47:42+07:00,500,568.435,PDOException,SQLSTATE[HY000] [1040] Too many connections
stress,2026-09-10T10:47:43+07:00,500,494.525,PDOException,SQLSTATE[HY000] [1040] Too many connections
stress,2026-09-10T10:47:43+07:00,500,816.071,PDOException,SQLSTATE[HY000] [1040] Too many connections
stress,2026-09-10T10:47:43+07:00,500,607.408,PDOException,SQLSTATE[HY000] [1040] Too many connections
stress,2026-09-10T10:47:43+07:00,500,496.478,PDOException,SQLSTATE[HY000] [1040] Too many connections
stress,2026-09-10T10:47:43+07:00,500,616.59,PDOException,SQLSTATE[HY000] [1040] Too many connections
stress,2026-09-10T10:47:43+07:00,500,483.712,PDOException,SQLSTATE[HY000] [1040] Too many connections
stress,2026-09-10T10:47:43+07:00,500,698.993,PDOException,SQLSTATE[HY000] [1040] Too many connections
stress,2026-09-10T10:47:43+07:00,500,499.72,PDOException,SQLSTATE[HY000] [1040] Too many connections
stress,2026-09-10T10:47:43+07:00,500,717.415,PDOException,SQLSTATE[HY000] [1040] Too many connections
stress,2026-09-10T10:47:43+07:00,500,498.472,PDOException,SQLSTATE[HY000] [1040] Too many connections
stress,2026-09-10T10:47:43+07:00,500,553.834,PDOException,SQLSTATE[HY000] [1040] Too many connections
stress,2026-09-10T10:47:43+07:00,500,637.07,PDOException,SQLSTATE[HY000] [1040] Too many connections
stress,2026-09-10T10:47:43+07:00,500,558.837,PDOException,SQLSTATE[HY000] [1040] Too many connections
stress,2026-09-10T10:47:43+07:00,500,824.605,PDOException,SQLSTATE[08004] [1040] Too many connections
stress,2026-09-10T10:47:43+07:00,500,546.02,PDOException,SQLSTATE[HY000] [1040] Too many connections
stress,2026-09-10T10:47:43+07:00,500,591.042,PDOException,SQLSTATE[HY000] [1040] Too many connections
stress,2026-09-10T10:47:43+07:00,500,529.905,PDOException,SQLSTATE[HY000] [1040] Too many connections
stress,2026-09-10T10:47:43+07:00,500,641.016,PDOException,SQLSTATE[HY000] [1040] Too many connections
stress,2026-09-10T10:47:43+07:00,500,567.576,PDOException,SQLSTATE[HY000] [1040] Too many connections
stress,2026-09-10T10:47:43+07:00,500,476.516,PDOException,SQLSTATE[HY000] [1040] Too many connections
stress,2026-09-10T10:47:43+07:00,500,576.254,PDOException,SQLSTATE[HY000] [1040] Too many connections
stress,2026-09-10T10:47:43+07:00,500,512.182,PDOException,SQLSTATE[HY000] [1040] Too many connections
stress,2026-09-10T10:47:43+07:00,500,519.104,PDOException,SQLSTATE[HY000] [1040] Too many connections
stress,2026-09-10T10:47:44+07:00,500,562.857,PDOException,SQLSTATE[HY000] [1040] Too many connections
stress,2026-09-10T10:47:44+07:00,500,544.422,PDOException,SQLSTATE[HY000] [1040] Too many connections
stress,2026-09-10T10:47:44+07:00,500,385.762,PDOException,SQLSTATE[HY000] [1040] Too many connections
stress,2026-09-10T10:47:44+07:00,500,393.105,PDOException,SQLSTATE[HY000] [1040] Too many connections
stress,2026-09-10T10:47:44+07:00,500,505.155,PDOException,SQLSTATE[HY000] [1040] Too many connections
stress,2026-09-10T10:47:44+07:00,500,526.798,PDOException,SQLSTATE[HY000] [1040] Too many connections
stress,2026-09-10T10:47:44+07:00,500,408.959,PDOException,SQLSTATE[HY000] [1040] Too many connections
stress,2026-09-10T10:47:44+07:00,500,523.611,PDOException,SQLSTATE[HY000] [1040] Too many connections
stress,2026-09-10T10:47:44+07:00,500,378.186,PDOException,SQLSTATE[HY000] [1040] Too many connections
stress,2026-09-10T10:47:44+07:00,500,503.246,PDOException,SQLSTATE[HY000] [1040] Too many connections
stress,2026-09-10T10:47:44+07:00,500,473.229,PDOException,SQLSTATE[HY000] [1040] Too many connections
stress,2026-09-10T10:47:44+07:00,500,510.554,PDOException,SQLSTATE[HY000] [1040] Too many connections
stress,2026-09-10T10:47:44+07:00,500,328.13,PDOException,SQLSTATE[HY000] [1040] Too many connections
stress,2026-09-10T10:47:44+07:00,500,330.4,PDOException,SQLSTATE[HY000] [1040] Too many connections
stress,2026-09-10T10:47:44+07:00,500,492.455,PDOException,SQLSTATE[HY000] [1040] Too many connections
stress,2026-09-10T10:47:44+07:00,500,457.473,PDOException,SQLSTATE[HY000] [1040] Too many connections
stress,2026-09-10T10:47:44+07:00,500,361.81,PDOException,SQLSTATE[HY000] [1040] Too many connections
stress,2026-09-10T10:47:44+07:00,500,455.395,PDOException,SQLSTATE[HY000] [1040] Too many connections
stress,2026-09-10T10:47:44+07:00,500,486.596,PDOException,SQLSTATE[HY000] [1040] Too many connections
stress,2026-09-10T10:47:44+07:00,500,410.903,PDOException,SQLSTATE[HY000] [1040] Too many connections
stress,2026-09-10T10:47:44+07:00,500,582.746,PDOException,SQLSTATE[HY000] [1040] Too many connections
stress,2026-09-10T10:47:44+07:00,500,582.409,PDOException,SQLSTATE[HY000] [1040] Too many connections
stress,2026-09-10T10:47:44+07:00,500,454.529,PDOException,SQLSTATE[HY000] [1040] Too many connections
stress,2026-09-10T10:47:45+07:00,500,378.011,PDOException,SQLSTATE[HY000] [1040] Too many connections
stress,2026-09-10T10:47:45+07:00,500,451.964,PDOException,SQLSTATE[HY000] [1040] Too many connections
stress,2026-09-10T10:47:45+07:00,500,522.759,PDOException,SQLSTATE[HY000] [1040] Too many connections
stress,2026-09-10T10:47:45+07:00,500,651.809,PDOException,SQLSTATE[HY000] [1040] Too many connections
stress,2026-09-10T10:47:45+07:00,500,522.222,PDOException,SQLSTATE[HY000] [1040] Too many connections
stress,2026-09-10T10:47:45+07:00,500,475.571,PDOException,SQLSTATE[HY000] [1040] Too many connections
stress,2026-09-10T10:47:45+07:00,500,520.993,PDOException,SQLSTATE[HY000] [1040] Too many connections
stress,2026-09-10T10:47:45+07:00,500,413.284,PDOException,SQLSTATE[HY000] [1040] Too many connections
stress,2026-09-10T10:47:45+07:00,500,619.885,PDOException,SQLSTATE[HY000] [1040] Too many connections
stress,2026-09-10T10:47:45+07:00,500,510.516,PDOException,SQLSTATE[HY000] [1040] Too many connections
stress,2026-09-10T10:47:45+07:00,500,378.142,PDOException,SQLSTATE[HY000] [1040] Too many connections
stress,2026-09-10T10:47:45+07:00,500,552.385,PDOException,SQLSTATE[HY000] [1040] Too many connections
stress,2026-09-10T10:47:45+07:00,500,494.016,PDOException,SQLSTATE[HY000] [1040] Too many connections
stress,2026-09-10T10:47:45+07:00,500,283.814,PDOException,SQLSTATE[HY000] [1040] Too many connections
stress,2026-09-10T10:47:45+07:00,500,446.868,PDOException,SQLSTATE[HY000] [1040] Too many connections
stress,2026-09-10T10:47:45+07:00,500,300.739,PDOException,SQLSTATE[HY000] [1040] Too many connections
stress,2026-09-10T10:47:45+07:00,500,443.05,PDOException,SQLSTATE[HY000] [1040] Too many connections
stress,2026-09-10T10:47:45+07:00,500,394.047,PDOException,SQLSTATE[HY000] [1040] Too many connections
stress,2026-09-10T10:47:45+07:00,500,497.14,PDOException,SQLSTATE[HY000] [1040] Too many connections
stress,2026-09-10T10:47:45+07:00,500,387.608,PDOException,SQLSTATE[HY000] [1040] Too many connections
stress,2026-09-10T10:47:45+07:00,500,388.302,PDOException,SQLSTATE[HY000] [1040] Too many connections
stress,2026-09-10T10:47:45+07:00,500,505.368,PDOException,SQLSTATE[HY000] [1040] Too many connections
stress,2026-09-10T10:47:45+07:00,500,549.152,PDOException,SQLSTATE[HY000] [1040] Too many connections
stress,2026-09-10T10:47:46+07:00,500,517.914,PDOException,SQLSTATE[HY000] [1040] Too many connections
stress,2026-09-10T10:47:46+07:00,500,672.863,PDOException,SQLSTATE[HY000] [1040] Too many connections
stress,2026-09-10T10:47:46+07:00,500,663.838,PDOException,SQLSTATE[HY000] [1040] Too many connections
stress,2026-09-10T10:47:46+07:00,500,672.837,PDOException,SQLSTATE[HY000] [1040] Too many connections
stress,2026-09-10T10:47:46+07:00,500,653.329,PDOException,SQLSTATE[HY000] [1040] Too many connections
stress,2026-09-10T10:47:46+07:00,500,797.731,PDOException,SQLSTATE[HY000] [1040] Too many connections
stress,2026-09-10T10:47:46+07:00,500,524.54,PDOException,SQLSTATE[HY000] [1040] Too many connections
stress,2026-09-10T10:47:46+07:00,500,287.182,PDOException,SQLSTATE[HY000] [1040] Too many connections
stress,2026-09-10T10:47:46+07:00,500,610.614,PDOException,SQLSTATE[HY000] [1040] Too many connections
stress,2026-09-10T10:47:46+07:00,500,703.218,PDOException,SQLSTATE[HY000] [1040] Too many connections
stress,2026-09-10T10:47:46+07:00,500,367.053,PDOException,SQLSTATE[HY000] [1040] Too many connections
stress,2026-09-10T10:47:46+07:00,500,607.919,PDOException,SQLSTATE[HY000] [1040] Too many connections
stress,2026-09-10T10:47:46+07:00,500,343.85,PDOException,SQLSTATE[HY000] [1040] Too many connections
stress,2026-09-10T10:47:46+07:00,500,487.802,PDOException,SQLSTATE[HY000] [1040] Too many connections
stress,2026-09-10T10:47:46+07:00,500,725.971,PDOException,SQLSTATE[HY000] [1040] Too many connections
stress,2026-09-10T10:47:46+07:00,500,527.386,PDOException,SQLSTATE[HY000] [1040] Too many connections
stress,2026-09-10T10:47:46+07:00,500,527.243,PDOException,SQLSTATE[HY000] [1040] Too many connections
stress,2026-09-10T10:47:46+07:00,500,433.27,PDOException,SQLSTATE[HY000] [1040] Too many connections
stress,2026-09-10T10:47:46+07:00,500,521.401,PDOException,SQLSTATE[HY000] [1040] Too many connections
stress,2026-09-10T10:47:46+07:00,500,486.575,PDOException,SQLSTATE[HY000] [1040] Too many connections
stress,2026-09-10T10:47:46+07:00,500,488.666,PDOException,SQLSTATE[HY000] [1040] Too many connections
stress,2026-09-10T10:47:46+07:00,500,410.102,PDOException,SQLSTATE[HY000] [1040] Too many connections
stress,2026-09-10T10:47:46+07:00,500,410.865,PDOException,SQLSTATE[HY000] [1040] Too many connections
stress,2026-09-10T10:47:46+07:00,500,651.008,PDOException,SQLSTATE[HY000] [1040] Too many connections
stress,2026-09-10T10:47:46+07:00,500,410.839,PDOException,SQLSTATE[HY000] [1040] Too many connections
stress,2026-09-10T10:47:47+07:00,500,521.339,PDOException,SQLSTATE[08004] [1040] Too many connections
stress,2026-09-10T10:47:47+07:00,500,521.182,PDOException,SQLSTATE[HY000] [1040] Too many connections
stress,2026-09-10T10:47:47+07:00,500,520.976,PDOException,SQLSTATE[HY000] [1040] Too many connections
stress,2026-09-10T10:47:47+07:00,500,480.154,PDOException,SQLSTATE[HY000] [1040] Too many connections
stress,2026-09-10T10:47:47+07:00,500,565.498,PDOException,SQLSTATE[HY000] [1040] Too many connections
stress,2026-09-10T10:47:47+07:00,500,581.721,PDOException,SQLSTATE[HY000] [1040] Too many connections
stress,2026-09-10T10:47:47+07:00,500,672.179,PDOException,SQLSTATE[HY000] [1040] Too many connections
stress,2026-09-10T10:47:47+07:00,500,306.313,PDOException,SQLSTATE[HY000] [1040] Too many connections
stress,2026-09-10T10:47:47+07:00,500,416.496,PDOException,SQLSTATE[HY000] [1040] Too many connections
stress,2026-09-10T10:47:47+07:00,500,291.082,PDOException,SQLSTATE[HY000] [1040] Too many connections
stress,2026-09-10T10:47:47+07:00,500,356.077,PDOException,SQLSTATE[HY000] [1040] Too many connections
stress,2026-09-10T10:47:47+07:00,500,473.332,PDOException,SQLSTATE[HY000] [1040] Too many connections
stress,2026-09-10T10:47:47+07:00,500,288.601,PDOException,SQLSTATE[HY000] [1040] Too many connections
stress,2026-09-10T10:47:47+07:00,500,256.855,PDOException,SQLSTATE[HY000] [1040] Too many connections
stress,2026-09-10T10:47:47+07:00,500,342.198,PDOException,SQLSTATE[HY000] [1040] Too many connections
stress,2026-09-10T10:47:47+07:00,500,342.17,PDOException,SQLSTATE[HY000] [1040] Too many connections
stress,2026-09-10T10:47:47+07:00,500,311.412,PDOException,SQLSTATE[HY000] [1040] Too many connections
stress,2026-09-10T10:47:47+07:00,500,228.798,PDOException,SQLSTATE[HY000] [1040] Too many connections
stress,2026-09-10T10:47:47+07:00,500,489.763,PDOException,SQLSTATE[HY000] [1040] Too many connections
stress,2026-09-10T10:47:47+07:00,500,314.479,PDOException,SQLSTATE[HY000] [1040] Too many connections
stress,2026-09-10T10:47:47+07:00,500,470.805,PDOException,SQLSTATE[HY000] [1040] Too many connections
stress,2026-09-10T10:47:47+07:00,500,453.107,PDOException,SQLSTATE[HY000] [1040] Too many connections
stress,2026-09-10T10:47:47+07:00,500,486.797,PDOException,SQLSTATE[HY000] [1040] Too many connections
stress,2026-09-10T10:47:48+07:00,500,361.122,PDOException,SQLSTATE[HY000] [1040] Too many connections
stress,2026-09-10T10:47:48+07:00,500,518.259,PDOException,SQLSTATE[HY000] [1040] Too many connections
stress,2026-09-10T10:47:48+07:00,500,611,PDOException,SQLSTATE[HY000] [1040] Too many connections
stress,2026-09-10T10:47:48+07:00,500,448.76,PDOException,SQLSTATE[HY000] [1040] Too many connections
stress,2026-09-10T10:47:48+07:00,500,506.487,PDOException,SQLSTATE[HY000] [1040] Too many connections
stress,2026-09-10T10:47:48+07:00,500,654.611,PDOException,SQLSTATE[HY000] [1040] Too many connections
stress,2026-09-10T10:47:48+07:00,500,414.651,PDOException,SQLSTATE[HY000] [1040] Too many connections
stress,2026-09-10T10:47:48+07:00,500,499.718,PDOException,SQLSTATE[HY000] [1040] Too many connections
stress,2026-09-10T10:47:48+07:00,500,641.366,PDOException,SQLSTATE[HY000] [1040] Too many connections
stress,2026-09-10T10:47:48+07:00,500,638.756,PDOException,SQLSTATE[HY000] [1040] Too many connections
stress,2026-09-10T10:47:48+07:00,500,507.979,PDOException,SQLSTATE[08004] [1040] Too many connections
stress,2026-09-10T10:47:48+07:00,500,383.063,PDOException,SQLSTATE[08004] [1040] Too many connections
stress,2026-09-10T10:47:48+07:00,500,412.932,PDOException,SQLSTATE[08004] [1040] Too many connections
stress,2026-09-10T10:47:48+07:00,500,679.431,PDOException,SQLSTATE[HY000] [1040] Too many connections
stress,2026-09-10T10:47:48+07:00,500,368.021,PDOException,SQLSTATE[08004] [1040] Too many connections
stress,2026-09-10T10:47:48+07:00,500,932.92,PDOException,SQLSTATE[HY000] [1040] Too many connections
stress,2026-09-10T10:47:48+07:00,500,216.037,PDOException,SQLSTATE[HY000] [1040] Too many connections
stress,2026-09-10T10:47:49+07:00,500,475.037,PDOException,SQLSTATE[HY000] [1040] Too many connections
stress,2026-09-10T10:47:49+07:00,500,423.539,PDOException,SQLSTATE[HY000] [1040] Too many connections
stress,2026-09-10T10:47:49+07:00,500,619.284,PDOException,SQLSTATE[HY000] [1040] Too many connections
stress,2026-09-10T10:47:49+07:00,500,451.769,PDOException,SQLSTATE[HY000] [1040] Too many connections
stress,2026-09-10T10:47:49+07:00,500,334.604,PDOException,SQLSTATE[HY000] [1040] Too many connections
stress,2026-09-10T10:47:49+07:00,500,376.956,PDOException,SQLSTATE[HY000] [1040] Too many connections
stress,2026-09-10T10:47:49+07:00,500,360.289,PDOException,SQLSTATE[HY000] [1040] Too many connections
stress,2026-09-10T10:47:49+07:00,500,359.462,PDOException,SQLSTATE[HY000] [1040] Too many connections
stress,2026-09-10T10:47:49+07:00,500,183.819,PDOException,SQLSTATE[HY000] [1040] Too many connections
stress,2026-09-10T10:47:49+07:00,500,438.309,PDOException,SQLSTATE[HY000] [1040] Too many connections
stress,2026-09-10T10:47:49+07:00,500,174.691,PDOException,SQLSTATE[HY000] [1040] Too many connections
stress,2026-09-10T10:47:49+07:00,500,254.718,PDOException,SQLSTATE[HY000] [1040] Too many connections
stress,2026-09-10T10:47:49+07:00,500,279.103,PDOException,SQLSTATE[HY000] [1040] Too many connections
stress,2026-09-10T10:47:49+07:00,500,265.365,PDOException,SQLSTATE[08004] [1040] Too many connections
stress,2026-09-10T10:47:49+07:00,500,335.28,PDOException,SQLSTATE[HY000] [1040] Too many connections
stress,2026-09-10T10:47:49+07:00,500,346.729,PDOException,SQLSTATE[HY000] [1040] Too many connections
stress,2026-09-10T10:47:49+07:00,500,351.935,PDOException,SQLSTATE[08004] [1040] Too many connections
stress,2026-09-10T10:47:49+07:00,500,320.19,PDOException,SQLSTATE[08004] [1040] Too many connections
stress,2026-09-10T10:47:49+07:00,500,661.401,PDOException,SQLSTATE[HY000] [1040] Too many connections
stress,2026-09-10T10:47:49+07:00,500,331.14,PDOException,SQLSTATE[HY000] [1040] Too many connections
stress,2026-09-10T10:47:49+07:00,500,294.693,PDOException,SQLSTATE[HY000] [1040] Too many connections
stress,2026-09-10T10:47:49+07:00,500,292.757,PDOException,SQLSTATE[HY000] [1040] Too many connections
stress,2026-09-10T10:47:49+07:00,500,269.469,PDOException,SQLSTATE[HY000] [1040] Too many connections
stress,2026-09-10T10:47:49+07:00,500,368.299,PDOException,SQLSTATE[HY000] [1040] Too many connections
stress,2026-09-10T10:47:49+07:00,500,376.848,PDOException,SQLSTATE[HY000] [1040] Too many connections
stress,2026-09-10T10:47:49+07:00,500,348.216,PDOException,SQLSTATE[HY000] [1040] Too many connections
stress,2026-09-10T10:47:49+07:00,500,240.702,PDOException,SQLSTATE[HY000] [1040] Too many connections
stress,2026-09-10T10:47:49+07:00,500,435.514,PDOException,SQLSTATE[08004] [1040] Too many connections
stress,2026-09-10T10:47:49+07:00,500,217.42,PDOException,SQLSTATE[HY000] [1040] Too many connections
stress,2026-09-10T10:47:49+07:00,500,225.517,PDOException,SQLSTATE[08004] [1040] Too many connections
stress,2026-09-10T10:47:50+07:00,500,358.625,PDOException,SQLSTATE[HY000] [1040] Too many connections
stress,2026-09-10T10:47:50+07:00,500,408.079,PDOException,SQLSTATE[HY000] [1040] Too many connections
stress,2026-09-10T10:47:50+07:00,500,356.025,PDOException,SQLSTATE[HY000] [1040] Too many connections
stress,2026-09-10T10:47:50+07:00,500,451.689,PDOException,SQLSTATE[HY000] [1040] Too many connections
stress,2026-09-10T10:47:50+07:00,500,601.998,PDOException,SQLSTATE[HY000] [1040] Too many connections
stress,2026-09-10T10:47:50+07:00,500,465.76,PDOException,SQLSTATE[HY000] [1040] Too many connections
stress,2026-09-10T10:47:50+07:00,500,308.004,PDOException,SQLSTATE[HY000] [1040] Too many connections
stress,2026-09-10T10:47:50+07:00,500,248.16,PDOException,SQLSTATE[HY000] [1040] Too many connections
stress,2026-09-10T10:47:50+07:00,500,407.501,PDOException,SQLSTATE[HY000] [1040] Too many connections
stress,2026-09-10T10:47:50+07:00,500,441.216,PDOException,SQLSTATE[HY000] [1040] Too many connections
stress,2026-09-10T10:47:50+07:00,500,156.227,PDOException,SQLSTATE[HY000] [1040] Too many connections
stress,2026-09-10T10:47:50+07:00,500,269.188,PDOException,SQLSTATE[HY000] [1040] Too many connections
stress,2026-09-10T10:47:50+07:00,500,347.612,PDOException,SQLSTATE[08004] [1040] Too many connections
stress,2026-09-10T10:47:50+07:00,500,330.124,PDOException,SQLSTATE[HY000] [1040] Too many connections
stress,2026-09-10T10:47:50+07:00,500,122.303,PDOException,SQLSTATE[HY000] [1040] Too many connections
stress,2026-09-10T10:47:50+07:00,500,283.926,PDOException,SQLSTATE[HY000] [1040] Too many connections
stress,2026-09-10T10:47:50+07:00,500,256.67,PDOException,SQLSTATE[08004] [1040] Too many connections
stress,2026-09-10T10:47:50+07:00,500,178.135,PDOException,SQLSTATE[HY000] [1040] Too many connections
stress,2026-09-10T10:47:50+07:00,500,191.059,PDOException,SQLSTATE[HY000] [1040] Too many connections
stress,2026-09-10T10:47:50+07:00,500,470.705,PDOException,SQLSTATE[HY000] [1040] Too many connections
stress,2026-09-10T10:47:50+07:00,500,206.373,PDOException,SQLSTATE[HY000] [1040] Too many connections
stress,2026-09-10T10:47:50+07:00,500,201.937,PDOException,SQLSTATE[HY000] [1040] Too many connections
stress,2026-09-10T10:47:50+07:00,500,202.368,PDOException,SQLSTATE[HY000] [1040] Too many connections
stress,2026-09-10T10:47:51+07:00,500,418.71,PDOException,SQLSTATE[HY000] [1040] Too many connections
stress,2026-09-10T10:47:51+07:00,500,486.8,PDOException,SQLSTATE[HY000] [1040] Too many connections
stress,2026-09-10T10:47:51+07:00,500,375.313,PDOException,SQLSTATE[HY000] [1040] Too many connections
stress,2026-09-10T10:47:51+07:00,500,195.956,PDOException,SQLSTATE[HY000] [1040] Too many connections
stress,2026-09-10T10:47:51+07:00,500,411.89,PDOException,SQLSTATE[HY000] [1040] Too many connections
stress,2026-09-10T10:47:51+07:00,500,252.93,PDOException,SQLSTATE[HY000] [1040] Too many connections
stress,2026-09-10T10:47:51+07:00,500,239.818,PDOException,SQLSTATE[HY000] [1040] Too many connections
stress,2026-09-10T10:47:51+07:00,500,175.049,PDOException,SQLSTATE[HY000] [1040] Too many connections
stress,2026-09-10T10:47:51+07:00,500,175.091,PDOException,SQLSTATE[08004] [1040] Too many connections
stress,2026-09-10T10:47:51+07:00,500,242.836,PDOException,SQLSTATE[08004] [1040] Too many connections
stress,2026-09-10T10:47:51+07:00,500,336.173,PDOException,SQLSTATE[HY000] [1040] Too many connections
stress,2026-09-10T10:47:51+07:00,500,182.181,PDOException,SQLSTATE[HY000] [1040] Too many connections
stress,2026-09-10T10:47:51+07:00,500,292.332,PDOException,SQLSTATE[HY000] [1040] Too many connections
stress,2026-09-10T10:47:51+07:00,500,102.996,PDOException,SQLSTATE[HY000] [1040] Too many connections
stress,2026-09-10T10:47:51+07:00,500,161.658,PDOException,SQLSTATE[HY000] [1040] Too many connections
stress,2026-09-10T10:47:51+07:00,500,255.985,PDOException,SQLSTATE[08004] [1040] Too many connections
stress,2026-09-10T10:47:51+07:00,500,321.964,PDOException,SQLSTATE[HY000] [1040] Too many connections
stress,2026-09-10T10:47:51+07:00,500,199.869,PDOException,SQLSTATE[HY000] [1040] Too many connections
stress,2026-09-10T10:47:51+07:00,500,165.847,PDOException,SQLSTATE[HY000] [1040] Too many connections
stress,2026-09-10T10:47:51+07:00,500,255.024,PDOException,SQLSTATE[08004] [1040] Too many connections
stress,2026-09-10T10:47:51+07:00,500,167.838,PDOException,SQLSTATE[08004] [1040] Too many connections
stress,2026-09-10T10:47:52+07:00,500,368.488,PDOException,SQLSTATE[HY000] [1040] Too many connections
stress,2026-09-10T10:47:52+07:00,500,421.747,PDOException,SQLSTATE[HY000] [1040] Too many connections
stress,2026-09-10T10:47:52+07:00,500,410.291,PDOException,SQLSTATE[HY000] [1040] Too many connections
stress,2026-09-10T10:47:52+07:00,500,381.424,PDOException,SQLSTATE[HY000] [1040] Too many connections
stress,2026-09-10T10:47:52+07:00,500,488.518,PDOException,SQLSTATE[HY000] [1040] Too many connections
stress,2026-09-10T10:47:52+07:00,500,424.269,PDOException,SQLSTATE[HY000] [1040] Too many connections
stress,2026-09-10T10:47:52+07:00,500,255.008,PDOException,SQLSTATE[HY000] [1040] Too many connections
stress,2026-09-10T10:47:52+07:00,500,313.463,PDOException,SQLSTATE[HY000] [1040] Too many connections
stress,2026-09-10T10:47:52+07:00,500,130.854,PDOException,SQLSTATE[HY000] [1040] Too many connections
stress,2026-09-10T10:47:52+07:00,500,345.395,PDOException,SQLSTATE[HY000] [1040] Too many connections
stress,2026-09-10T10:47:52+07:00,500,282.853,PDOException,SQLSTATE[HY000] [1040] Too many connections
stress,2026-09-10T10:47:52+07:00,500,408.716,PDOException,SQLSTATE[HY000] [1040] Too many connections
stress,2026-09-10T10:47:52+07:00,500,126.59,PDOException,SQLSTATE[HY000] [1040] Too many connections
stress,2026-09-10T10:47:52+07:00,500,206.85,PDOException,SQLSTATE[HY000] [1040] Too many connections
stress,2026-09-10T10:47:52+07:00,500,259.648,PDOException,SQLSTATE[HY000] [1040] Too many connections
stress,2026-09-10T10:47:52+07:00,500,209.232,PDOException,SQLSTATE[HY000] [1040] Too many connections
stress,2026-09-10T10:47:52+07:00,500,174.346,PDOException,SQLSTATE[HY000] [1040] Too many connections
stress,2026-09-10T10:47:52+07:00,500,174.551,PDOException,SQLSTATE[HY000] [1040] Too many connections
stress,2026-09-10T10:47:52+07:00,500,458.497,PDOException,SQLSTATE[HY000] [1040] Too many connections
stress,2026-09-10T10:47:53+07:00,500,351.392,PDOException,SQLSTATE[HY000] [1040] Too many connections
stress,2026-09-10T10:47:53+07:00,500,372.023,PDOException,SQLSTATE[HY000] [1040] Too many connections
stress,2026-09-10T10:47:53+07:00,500,215.616,PDOException,SQLSTATE[HY000] [1040] Too many connections
stress,2026-09-10T10:47:53+07:00,500,518.358,PDOException,SQLSTATE[HY000] [1040] Too many connections
stress,2026-09-10T10:47:53+07:00,500,336.363,PDOException,SQLSTATE[HY000] [1040] Too many connections
stress,2026-09-10T10:47:53+07:00,500,176.952,PDOException,SQLSTATE[HY000] [1040] Too many connections
stress,2026-09-10T10:47:53+07:00,500,167.411,PDOException,SQLSTATE[HY000] [1040] Too many connections
stress,2026-09-10T10:47:53+07:00,500,218.688,PDOException,SQLSTATE[HY000] [1040] Too many connections
stress,2026-09-10T10:47:53+07:00,500,219.519,PDOException,SQLSTATE[HY000] [1040] Too many connections
stress,2026-09-10T10:47:53+07:00,500,202.284,PDOException,SQLSTATE[HY000] [1040] Too many connections
stress,2026-09-10T10:47:53+07:00,500,242.293,PDOException,SQLSTATE[HY000] [1040] Too many connections
stress,2026-09-10T10:47:53+07:00,500,244.68,PDOException,SQLSTATE[HY000] [1040] Too many connections
stress,2026-09-10T10:47:53+07:00,500,199.058,PDOException,SQLSTATE[HY000] [1040] Too many connections
stress,2026-09-10T10:47:54+07:00,500,249.247,PDOException,SQLSTATE[HY000] [1040] Too many connections
stress,2026-09-10T10:47:54+07:00,500,244.993,PDOException,SQLSTATE[HY000] [1040] Too many connections
stress,2026-09-10T10:47:54+07:00,500,264.84,PDOException,SQLSTATE[HY000] [1040] Too many connections
stress,2026-09-10T10:47:54+07:00,500,162.788,PDOException,SQLSTATE[HY000] [1040] Too many connections
stress,2026-09-10T10:47:54+07:00,500,183.758,PDOException,SQLSTATE[HY000] [1040] Too many connections
stress,2026-09-10T10:47:54+07:00,500,188.904,PDOException,SQLSTATE[HY000] [1040] Too many connections
stress,2026-09-10T10:47:54+07:00,500,275.195,PDOException,SQLSTATE[HY000] [1040] Too many connections
stress,2026-09-10T10:47:54+07:00,500,279.576,PDOException,SQLSTATE[HY000] [1040] Too many connections
stress,2026-09-10T10:47:54+07:00,500,257.546,PDOException,SQLSTATE[HY000] [1040] Too many connections
stress,2026-09-10T10:47:54+07:00,500,226.404,PDOException,SQLSTATE[HY000] [1040] Too many connections
stress,2026-09-10T10:47:54+07:00,500,252.449,PDOException,SQLSTATE[HY000] [1040] Too many connections
stress,2026-09-10T10:47:54+07:00,500,120.357,PDOException,SQLSTATE[HY000] [1040] Too many connections
stress,2026-09-10T10:47:54+07:00,500,211.433,PDOException,SQLSTATE[HY000] [1040] Too many connections
stress,2026-09-10T10:47:55+07:00,500,230.952,PDOException,SQLSTATE[HY000] [1040] Too many connections
stress,2026-09-10T10:47:55+07:00,500,311.253,PDOException,SQLSTATE[HY000] [1040] Too many connections
stress,2026-09-10T10:47:55+07:00,500,102.355,PDOException,SQLSTATE[08004] [1040] Too many connections
stress,2026-09-10T10:47:55+07:00,500,109.368,PDOException,SQLSTATE[HY000] [1040] Too many connections
stress,2026-09-10T10:47:56+07:00,500,108.466,PDOException,SQLSTATE[HY000] [1040] Too many connections
stress,2026-09-10T10:47:56+07:00,500,165.901,PDOException,SQLSTATE[HY000] [1040] Too many connections
